"results.est","results.true","results.param","results.id","results.method","results.sim","times.data_simulation","times.wisp","times.ELLA","times.DESeq2"
-0.148969493508873,0,"rate_effect","PVALB","wisp",1,0.0335521697998047,425.685601949692,28.7269361019135,1.95883941650391
0.142015067618876,0,"rate_effect","SLC17A7","wisp",1,0.0294747352600098,421.638487815857,30.5206129550934,1.83303546905518
0.0544572473503753,0,"rate_effect","TAC2","wisp",1,0.0276050567626953,403.932096004486,19.2276413440704,1.78714275360107
0.0113271659695191,0,"rate_effect","VIP","wisp",1,0.0286576747894287,408.298879146576,22.2654452323914,1.84356260299683
0.342489491208496,0.0615101801231503,"random_effect","replicate1","wisp",1,0.0274727344512939,411.141361951828,25.3585731983185,1.77027249336243
0.1434735299747,-0.0837079957127571,"random_effect","replicate2","wisp",1,0.0304088592529297,414.141072034836,23.9539802074432,1.80440640449524
-0.357146307826778,-0.338881980162114,"random_effect","replicate3","wisp",1,0.0287880897521973,408.969439744949,30.3737318515778,1.77948665618896
-0.146166102427788,-0.225107474252582,"random_effect","replicate4","wisp",1,0.028679370880127,409.549560070038,22.5197160243988,1.75816679000854
0.408522613065327,0,"FSE","PVALB","wisp",1,0.0275130271911621,403.635833740234,30.8150849342346,1.85015249252319
0.473492462311558,0,"FSE","SLC17A7","wisp",1,0.0293619632720947,433.035242795944,27.7534692287445,1.79997277259827
0.315483668341708,0,"FSE","TAC2","wisp",1,0.0276510715484619,418.054634571075,30.3133184909821,1.76283740997314
0.233268382729976,0,"FSE","VIP","wisp",1,0.0313279628753662,439.242620706558,24.6636564731598,1.80634546279907
0.98732109390739,1,"SVG","PVALB","ELLA",1,0.0292425155639648,351.229082584381,27.6974363327026,1.83659362792969
0.836621820505958,1,"SVG","SLC17A7","ELLA",1,0.0299062728881836,428.477724790573,27.0271451473236,1.79152250289917
1.10000538938726e-06,1,"SVG","TAC2","ELLA",1,0.028439998626709,400.481114149094,25.8864300251007,1.79541492462158
7.33335168645599e-07,1,"SVG","VIP","ELLA",1,0.895889282226562,416.329598903656,25.5795469284058,1.76463961601257
-0.000757159465408516,0,"rate_effect","SLC17A7","DESeq2",1,0.0301418304443359,397.71418094635,28.2146577835083,1.78049683570862
-0.0123972964467551,0,"rate_effect","PVALB","DESeq2",1,0.0305290222167969,413.912841081619,30.5826287269592,1.81949877738953
0.0477275142915464,0,"rate_effect","TAC2","DESeq2",1,0.0295813083648682,405.915508031845,25.7490229606628,1.80578708648682
-0.00356635121195785,0,"rate_effect","VIP","DESeq2",1,0.0276761054992676,401.609362363815,23.6494569778442,1.81292271614075
0.885714887408738,0,"FSE","SLC17A7","DESeq2",1,0.0274889469146729,409.212975025177,25.6452651023865,1.82821798324585
0.299046984940996,0,"FSE","PVALB","DESeq2",1,0.0307917594909668,414.806458950043,29.2246925830841,1.80796146392822
0.00619497344292141,0,"FSE","TAC2","DESeq2",1,0.0279734134674072,423.394227981567,30.1006395816803,1.78223991394043
0.885714887408738,0,"FSE","VIP","DESeq2",1,0.0319101810455322,426.406829357147,27.4714765548706,1.80058145523071
-0.0680967258870854,0,"rate_effect","PVALB","wisp",2,0.029646635055542,402.189610004425,27.126549243927,1.84013605117798
-0.0565859613607953,0,"rate_effect","SLC17A7","wisp",2,0.0317471027374268,435.770930051804,27.0759134292603,1.74023652076721
-0.016651551788211,0,"rate_effect","TAC2","wisp",2,0.028592586517334,408.307660102844,29.5158882141113,1.77786779403687
-0.610005810196905,-0.175284441793337,"rate_effect","VIP","wisp",2,0.0283982753753662,411.093592882156,27.4431064128876,1.73424339294434
-0.363197458769354,-0.131967326393351,"random_effect","replicate1","wisp",2,0.0274736881256104,406.61597943306,31.6404249668121,1.80775022506714
0.193435494553902,0.397517432691529,"random_effect","replicate2","wisp",2,0.0311400890350342,408.279498338699,23.8222887516022,1.86932563781738
0.213070319843601,0.425063600996509,"random_effect","replicate3","wisp",2,0.0311648845672607,409.458102464676,26.5550758838654,1.80131101608276
0.174757840713799,0.426752915838733,"random_effect","replicate4","wisp",2,0.029813289642334,411.923641443253,23.8093945980072,1.76051712036133
0.631409406919611,0,"FSE","PVALB","wisp",2,0.0329639911651611,405.545966625214,31.5916204452515,1.78944897651672
1.54133366633367,0,"FSE","SLC17A7","wisp",2,0.0260028839111328,425.389599561691,24.1233968734741,1.78804445266724
0.567916458541459,0,"FSE","TAC2","wisp",2,0.0357918739318848,398.119257926941,28.8584458827972,1.83746886253357
0.358613608613609,1,"FSE","VIP","wisp",2,0.0309436321258545,418.349713802338,35.2129671573639,1.8385636806488
0.999891262075207,1,"SVG","PVALB","ELLA",2,0.0236492156982422,406.516528367996,25.677962064743,1.86991882324219
0.94333438884926,1,"SVG","SLC17A7","ELLA",2,0.0269579887390137,425.068669080734,31.497305393219,1.86204314231873
0.902594292910599,0,"SVG","TAC2","ELLA",2,0.0278401374816895,422.368977308273,21.9365797042847,1.84537696838379
1.10000628111839e-06,1,"SVG","VIP","ELLA",2,0.0262370109558105,430.461272001266,26.6901309490204,1.90605521202087
0.00845500348068148,0,"rate_effect","SLC17A7","DESeq2",2,0.0279896259307861,412.056294202805,28.827924489975,2.02909517288208
0.0023712427657925,0,"rate_effect","PVALB","DESeq2",2,0.0239815711975098,437.154964923859,21.9802222251892,1.92869520187378
0.0168282144194272,0,"rate_effect","TAC2","DESeq2",2,0.0296258926391602,422.03987288475,33.1828806400299,1.90689778327942
-1.17317839789,-0.175284441793337,"rate_effect","VIP","DESeq2",2,0.0269100666046143,453.455007553101,24.2923212051392,1.84552454948425
0.12254649572526,0,"FSE","SLC17A7","DESeq2",2,0.0264310836791992,436.033627033234,27.4141705036163,1.84341669082642
0.768284246218634,0,"FSE","PVALB","DESeq2",2,0.030048131942749,416.873572587967,22.743204832077,1.89280819892883
0.237522875958882,0,"FSE","TAC2","DESeq2",2,0.026158332824707,418.94610118866,26.0069177150726,1.88708782196045
0,1,"FSE","VIP","DESeq2",2,0.02978515625,411.92558836937,23.0960333347321,1.92023396492004
-2.14881284949691,-0.430503937182948,"rate_effect","PVALB","wisp",3,0.0285301208496094,440.837086200714,25.1775932312012,1.9048330783844
-0.00294262641203666,0,"rate_effect","SLC17A7","wisp",3,0.0287730693817139,418.37282538414,26.0856287479401,2.60899710655212
-0.00721355632229157,0,"rate_effect","TAC2","wisp",3,0.0306224822998047,420.641088485718,27.347541809082,1.87631368637085
0.243577172733064,0,"rate_effect","VIP","wisp",3,0.0251264572143555,428.662610292435,21.5447599887848,1.84871196746826
0.264044940539264,-0.355183797189966,"random_effect","replicate1","wisp",3,0.0291104316711426,427.803039550781,30.6923115253448,1.89639258384705
-0.465855004944345,-0.46885572001338,"random_effect","replicate2","wisp",3,0.0312936305999756,424.708827018738,25.2575786113739,1.85999202728271
-0.308319211815029,-0.442088458221406,"random_effect","replicate3","wisp",3,0.0281896591186523,432.656529903412,24.8084371089935,1.89901542663574
0.516532416291286,-0.161017677746713,"random_effect","replicate4","wisp",3,0.031583309173584,427.925946950912,26.4291985034943,1.92317056655884
0.0280280280280281,1,"FSE","PVALB","wisp",3,0.0287032127380371,424.533989191055,32.605699300766,1.91907668113708
0.785813591369147,0,"FSE","SLC17A7","wisp",3,0.0302207469940186,439.701268434525,32.080885887146,1.9224226474762
0.891752863975086,0,"FSE","TAC2","wisp",3,0.0275440216064453,423.768881559372,22.7086806297302,1.91026425361633
0.714276776776777,0,"FSE","VIP","wisp",3,0.0284562110900879,418.428074121475,25.0440411567688,1.86522579193115
0.817867038192762,1,"SVG","PVALB","ELLA",3,0.0321822166442871,423.145944595337,28.5050308704376,1.88742089271545
0.990074792258656,0,"SVG","SLC17A7","ELLA",3,1.83389782905579,428.387951374054,27.2869317531586,1.97345232963562
0.870172488187156,0,"SVG","TAC2","ELLA",3,0.029057502746582,342.884785890579,24.0696587562561,1.93395066261292
1.10000981884406e-06,1,"SVG","VIP","ELLA",3,0.0272171497344971,438.251104593277,21.7468342781067,1.89160752296448
0.0737743099860267,-0.430503937182948,"rate_effect","SLC17A7","DESeq2",3,0.0269596576690674,421.046288967133,23.9341967105865,1.92022323608398
-5.75428351695937,0,"rate_effect","PVALB","DESeq2",3,0.0296871662139893,413.815036773682,29.3492894172668,1.99918484687805
-0.00193730497221675,0,"rate_effect","TAC2","DESeq2",3,0.0308065414428711,436.233450174332,30.0629839897156,1.94655609130859
0.0277097416190478,0,"rate_effect","VIP","DESeq2",3,0.0267951488494873,437.389758586884,29.0803780555725,1.91891193389893
0.147813971448282,1,"FSE","SLC17A7","DESeq2",3,0.0312454700469971,421.801689386368,32.9749879837036,1.85251688957214
0,0,"FSE","PVALB","DESeq2",3,0.0282926559448242,412.800875425339,32.2108843326569,2.01232624053955
0.969324068095076,0,"FSE","TAC2","DESeq2",3,0.0285141468048096,415.758309602737,22.5008878707886,1.89890432357788
0.741342399809784,0,"FSE","VIP","DESeq2",3,0.0309028625488281,448.807687759399,27.4583051204681,2.57047271728516
-0.0625567142700426,0.0542591158300638,"rate_effect","PVALB","wisp",4,0.0265467166900635,425.658793926239,26.1612327098846,1.99357652664185
-0.00550328229200786,0,"rate_effect","SLC17A7","wisp",4,0.0303549766540527,419.892758131027,27.2944993972778,1.90579128265381
0.0145570401397517,0,"rate_effect","TAC2","wisp",4,0.0257844924926758,423.843417406082,27.4935083389282,1.95272493362427
0.0492162471763979,0,"rate_effect","VIP","wisp",4,0.0316722393035889,419.851747989655,33.067813873291,1.91422843933105
0.180260797761518,-0.296618966851383,"random_effect","replicate1","wisp",4,0.0286879539489746,432.175387382507,25.0857548713684,1.89460062980652
0.504562067172282,0.136504909023643,"random_effect","replicate2","wisp",4,0.02815842628479,433.26940369606,29.9820668697357,1.89951992034912
-0.481243735204897,-0.447836728766561,"random_effect","replicate3","wisp",4,0.0281815528869629,422.863761901855,31.7035093307495,1.87914896011353
-0.279035236861789,-0.385776356328279,"random_effect","replicate4","wisp",4,0.0313327312469482,419.048016548157,28.450918674469,1.91853785514832
1.64307692307692,1,"FSE","PVALB","wisp",4,0.0285539627075195,428.176956653595,28.7329323291779,1.9428985118866
1.47122265489612,0,"FSE","SLC17A7","wisp",4,0.0334653854370117,448.894484519958,26.7565746307373,1.9282500743866
1.78693528693529,0,"FSE","TAC2","wisp",4,0.0286557674407959,431.972440481186,31.2850565910339,1.88315010070801
0.849428349428349,0,"FSE","VIP","wisp",4,0.0300242900848389,424.963372707367,22.1425814628601,1.95683145523071
0.941001450162625,1,"SVG","PVALB","ELLA",4,0.0302369594573975,418.386739492416,27.6639943122864,1.88131093978882
0.858537864070594,0,"SVG","SLC17A7","ELLA",4,0.0300443172454834,421.28426527977,26.8966805934906,1.87866401672363
0.908703186398982,0,"SVG","TAC2","ELLA",4,0.0321400165557861,442.835676431656,31.8027515411377,1.93642425537109
1.10004217934723e-06,1,"SVG","VIP","ELLA",4,0.0286946296691895,454.172886371613,20.994350194931,1.92745304107666
-0.0133502140676751,0.0542591158300638,"rate_effect","SLC17A7","DESeq2",4,0.0270276069641113,426.286192655563,29.4402439594269,1.9688024520874
0.283444140051696,0,"rate_effect","PVALB","DESeq2",4,0.028942346572876,426.630576610565,26.7875216007233,1.85739088058472
-0.035687976873155,0,"rate_effect","TAC2","DESeq2",4,0.0292212963104248,403.239965200424,18.2296206951141,1.95345449447632
-0.0476295933209614,0,"rate_effect","VIP","DESeq2",4,0.0291359424591064,437.543063640594,30.7751030921936,1.94943451881409
0.360394260004598,1,"FSE","SLC17A7","DESeq2",4,0.0285475254058838,424.828949689865,29.1811516284943,1.91415333747864
5.95674159915383e-40,0,"FSE","PVALB","DESeq2",4,0.0288188457489014,410.777765274048,29.7327396869659,1.89316058158875
0.360394260004598,0,"FSE","TAC2","DESeq2",4,0.032414436340332,419.698316812515,29.1467514038086,1.89908075332642
0.116640790539036,0,"FSE","VIP","DESeq2",4,0.0276556015014648,420.921313047409,29.8099269866943,1.88652443885803
0.0370395041294278,0,"rate_effect","PVALB","wisp",5,0.0273778438568115,421.405151367188,26.7447578907013,1.91813373565674
0.139479321104839,0,"rate_effect","SLC17A7","wisp",5,0.031156063079834,429.191378355026,28.5962595939636,1.9064519405365
-0.0422547188389766,0,"rate_effect","TAC2","wisp",5,0.0286152362823486,427.424861907959,26.4314243793488,1.93819808959961
0.0198505671888081,0,"rate_effect","VIP","wisp",5,0.0281038284301758,418.824084997177,25.559473991394,2.10096716880798
0.404412994162038,0.360686373198405,"random_effect","replicate1","wisp",5,0.0306472778320312,466.21201300621,29.5179445743561,1.95194005966187
-0.192611667686036,-0.14831909397617,"random_effect","replicate2","wisp",5,0.0272939205169678,428.564567327499,28.1826069355011,1.93955206871033
0.230902898899276,-0.00433761184103787,"random_effect","replicate3","wisp",5,0.0268537998199463,428.62980222702,28.0788650512695,1.86716628074646
-0.480237231045185,-0.3590559407603,"random_effect","replicate4","wisp",5,0.0316793918609619,433.665621757507,28.1941282749176,1.93836879730225
1.22493131868132,0,"FSE","PVALB","wisp",5,0.03013014793396,428.914049386978,27.9392147064209,1.9660108089447
0.731705794205794,0,"FSE","SLC17A7","wisp",5,0.0287206172943115,433.117321252823,28.3073542118073,1.88844609260559
1.62701187701188,0,"FSE","TAC2","wisp",5,0.0285968780517578,418.431674480438,33.0067012310028,1.91616630554199
1.27769452769453,0,"FSE","VIP","wisp",5,0.0298805236816406,434.249496936798,27.1291103363037,1.91533708572388
0.995834487588163,0,"SVG","PVALB","ELLA",5,0.0283896923065186,421.070561885834,30.8779003620148,1.90010547637939
0.845551736886875,1,"SVG","SLC17A7","ELLA",5,0.029975414276123,428.989985227585,23.9281105995178,1.94244980812073
0.902427073930861,0,"SVG","TAC2","ELLA",5,0.0299692153930664,457.875961065292,31.8868365287781,1.89758825302124
0.808633181187921,0,"SVG","VIP","ELLA",5,0.02939772605896,417.147555589676,23.9216980934143,1.87791299819946
-9.30250543986999e-05,0,"rate_effect","SLC17A7","DESeq2",5,0.0280909538269043,416.846960306168,27.8313653469086,1.94330286979675
-0.000285707856641027,0,"rate_effect","PVALB","DESeq2",5,0.0304865837097168,344.447868108749,27.1202914714813,1.91046500205994
0.000137480227109425,0,"rate_effect","TAC2","DESeq2",5,0.029170036315918,439.159169435501,28.2010991573334,1.95590901374817
-7.81779231956606e-05,0,"rate_effect","VIP","DESeq2",5,0.0297019481658936,437.935654640198,30.1933093070984,1.91210222244263
0.941454144219683,0,"FSE","SLC17A7","DESeq2",5,0.027332067489624,424.346310138702,25.7669529914856,1.95130276679993
0.887108608169382,0,"FSE","PVALB","DESeq2",5,0.0291640758514404,437.639401674271,30.6169512271881,1.97665858268738
0.887108608169382,0,"FSE","TAC2","DESeq2",5,0.0300407409667969,426.175881147385,30.7624077796936,1.87547874450684
0.887108608169382,0,"FSE","VIP","DESeq2",5,0.0379784107208252,431.229801654816,21.6975998878479,1.9074375629425
0.00944795786900992,0,"rate_effect","PVALB","wisp",6,0.0266921520233154,428.557741880417,22.2550806999207,1.90938234329224
0.0167775175632107,0,"rate_effect","SLC17A7","wisp",6,0.0271389484405518,437.074442386627,26.5238418579102,1.91658329963684
0.0278624642019323,0,"rate_effect","TAC2","wisp",6,0.0304219722747803,437.910945653915,22.326967716217,1.87165641784668
0.195801953831474,0,"rate_effect","VIP","wisp",6,0.0298922061920166,438.342940330505,27.465437412262,1.94656467437744
-0.198582480760158,-0.327775565441698,"random_effect","replicate1","wisp",6,0.0309114456176758,435.115567207336,31.1347949504852,1.98431396484375
0.531214131561764,0.311647037742659,"random_effect","replicate2","wisp",6,0.0306754112243652,438.493384361267,28.8851320743561,1.9389660358429
-0.576230724847558,-0.46063916804269,"random_effect","replicate3","wisp",6,0.0304248332977295,448.30394411087,32.6194403171539,1.90953707695007
0.295436159294651,-0.172033008886501,"random_effect","replicate4","wisp",6,0.0324821472167969,415.358382225037,32.2989933490753,1.89722228050232
0.694638694638695,0,"FSE","PVALB","wisp",6,0.0308408737182617,436.328069925308,27.416788816452,1.91525959968567
1.59496059496059,0,"FSE","SLC17A7","wisp",6,0.0313224792480469,427.341772556305,28.5475046634674,1.95126700401306
1.08953546453546,0,"FSE","TAC2","wisp",6,0.0268018245697021,431.519038438797,28.7881174087524,1.92720103263855
0.400217066883734,0,"FSE","VIP","wisp",6,0.0292632579803467,428.10148024559,30.4223482608795,1.970871925354
0.770811313179174,0,"SVG","PVALB","ELLA",6,0.0282788276672363,405.253556966782,25.0135204792023,2.00466966629028
0.776302086432335,1,"SVG","SLC17A7","ELLA",6,0.0284509658813477,431.580227851868,27.9698166847229,1.89975738525391
0.824322160713118,1,"SVG","TAC2","ELLA",6,0.0286874771118164,430.834863185883,27.7004799842834,1.89838004112244
2.20001522510671e-06,1,"SVG","VIP","ELLA",6,0.0305662155151367,442.693529844284,26.6938269138336,1.96454334259033
0.00679815579585788,0,"rate_effect","SLC17A7","DESeq2",6,0.02779221534729,451.127518415451,26.0369720458984,1.90947294235229
0.00615270324849718,0,"rate_effect","PVALB","DESeq2",6,0.0288090705871582,419.77030134201,25.7107317447662,1.97353386878967
-0.0050488513883107,0,"rate_effect","TAC2","DESeq2",6,0.0304677486419678,425.153422117233,24.997104883194,1.92307567596436
-0.00251788429857463,0,"rate_effect","VIP","DESeq2",6,0.0301992893218994,437.201149463654,31.2977366447449,1.96999192237854
0.261742479672823,0,"FSE","SLC17A7","DESeq2",6,0.0317413806915283,419.524928569794,21.2905933856964,1.96289253234863
0.261742479672823,0,"FSE","PVALB","DESeq2",6,0.0284855365753174,446.937193155289,28.4970102310181,1.91163372993469
0.187830560067125,0,"FSE","TAC2","DESeq2",6,0.0274665355682373,444.712888479233,23.9891443252563,1.87488484382629
0.416578618067539,0,"FSE","VIP","DESeq2",6,0.0323386192321777,417.759402275085,25.2549314498901,1.89371967315674
-0.239191140027137,0,"rate_effect","PVALB","wisp",7,0.0282852649688721,416.854083061218,30.6044044494629,1.92660236358643
-0.156488420245961,0,"rate_effect","SLC17A7","wisp",7,0.0322670936584473,421.5183634758,31.4342231750488,1.93913173675537
0.00445238141273276,0,"rate_effect","TAC2","wisp",7,0.0289487838745117,448.733220338821,26.4758231639862,1.96097540855408
0.0656041247679126,0,"rate_effect","VIP","wisp",7,0.0280981063842773,427.417523622513,30.1986346244812,1.98125243186951
-0.282807622040708,-0.125960189616308,"random_effect","replicate1","wisp",7,0.0323467254638672,453.860027313232,30.1176075935364,1.94006776809692
0.315449651841763,0.477889107074589,"random_effect","replicate2","wisp",7,0.0279364585876465,419.111906051636,30.3025121688843,1.82835912704468
0.151066473770263,0.149043631041422,"random_effect","replicate3","wisp",7,0.0278191566467285,422.150298118591,25.0138621330261,1.9052460193634
-0.232705975725647,-0.0743453288450837,"random_effect","replicate4","wisp",7,0.975653648376465,431.828337192535,27.9934065341949,1.96088552474976
1.2024642024642,0,"FSE","PVALB","wisp",7,0.0273873805999756,417.86593914032,26.1573016643524,1.92815375328064
0.416139416139416,0,"FSE","SLC17A7","wisp",7,0.0301876068115234,421.714729070663,36.1966271400452,1.85416579246521
1.17782217782218,0,"FSE","TAC2","wisp",7,0.966925382614136,423.18149805069,28.2153370380402,1.94660639762878
0.52988677988678,0,"FSE","VIP","wisp",7,0.959918260574341,411.49706864357,21.0312209129333,1.96745443344116
0.8247929863678,1,"SVG","PVALB","ELLA",7,0.0286843776702881,424.162430047989,28.4714119434357,1.95679402351379
0.883576811719466,1,"SVG","SLC17A7","ELLA",7,0.0275018215179443,424.953616142273,28.753488779068,1.89107203483582
0.896646956414501,0,"SVG","TAC2","ELLA",7,0.0303053855895996,413.682648897171,32.5513451099396,1.86874127388
2.20003295908766e-06,1,"SVG","VIP","ELLA",7,0.0296225547790527,418.972558736801,22.28346991539,1.91441702842712
-0.000184884671677124,0,"rate_effect","SLC17A7","DESeq2",7,0.0314235687255859,439.402960062027,22.7104434967041,2.06456971168518
0.000139995514247364,0,"rate_effect","PVALB","DESeq2",7,0.0252742767333984,437.390397071838,23.8163566589355,1.89545559883118
-3.0334081120547e-05,0,"rate_effect","TAC2","DESeq2",7,0.0300617218017578,435.108697414398,30.1848514080048,1.95747828483582
6.93231826848243e-05,0,"rate_effect","VIP","DESeq2",7,0.0281143188476562,417.028471469879,30.4718544483185,1.9316611289978
0.234752543648526,0,"FSE","SLC17A7","DESeq2",7,0.0322134494781494,428.645718336105,24.1389372348785,1.9397451877594
0.345562613884188,0,"FSE","PVALB","DESeq2",7,0.0293436050415039,437.016592979431,28.5908098220825,2.00542783737183
0.754153349935293,0,"FSE","TAC2","DESeq2",7,0.0281786918640137,436.223310709,33.0396196842194,1.87908291816711
0.754153349935293,0,"FSE","VIP","DESeq2",7,0.0291585922241211,432.003209590912,25.8684644699097,1.98139333724976
0.031255473907827,0,"rate_effect","PVALB","wisp",8,0.0310695171356201,421.0782122612,30.3165369033813,1.92700958251953
-0.0200123997775703,0,"rate_effect","SLC17A7","wisp",8,0.0277640819549561,416.96134018898,25.3891241550446,1.93578004837036
0.929497067669338,0.424305924912915,"rate_effect","TAC2","wisp",8,0.0296456813812256,423.063416242599,22.6420071125031,1.89431571960449
0.610502071746591,0.283321557333693,"rate_effect","VIP","wisp",8,0.0282070636749268,430.799074888229,28.9197087287903,2.02877569198608
-0.374471944498065,-0.424554875120521,"random_effect","replicate1","wisp",8,0.028740406036377,411.27406167984,27.1586208343506,1.95289063453674
-0.633783162867539,-0.481414386769757,"random_effect","replicate2","wisp",8,0.0296759605407715,424.28426527977,28.5306944847107,1.97954940795898
0.579320851232223,0.336756162112579,"random_effect","replicate3","wisp",8,0.0315585136413574,424.110975265503,25.9745590686798,1.83040857315063
0.378519810960268,-0.18414446641691,"random_effect","replicate4","wisp",8,0.0303142070770264,426.358679771423,27.514014005661,1.85209774971008
0.506860486452323,0,"FSE","PVALB","wisp",8,0.0279641151428223,422.353990077972,28.4563901424408,1.88063788414001
0.875513375513375,0,"FSE","SLC17A7","wisp",8,0.029841423034668,455.733216524124,28.087949514389,1.87526679039001
0.148157398157398,1,"FSE","TAC2","wisp",8,0.0290489196777344,428.638993501663,24.4395961761475,1.97462296485901
0.105238511488512,1,"FSE","VIP","wisp",8,0.0295510292053223,423.189258098602,21.3554708957672,1.91519999504089
0.852805578207132,0,"SVG","PVALB","ELLA",8,0.0303323268890381,446.011021852493,29.9634885787964,1.95551204681396
0.918758713046386,0,"SVG","SLC17A7","ELLA",8,0.0277292728424072,425.692224502563,29.5691344738007,1.90439701080322
0.835081523913827,1,"SVG","TAC2","ELLA",8,0.935065746307373,409.268024206161,26.510181427002,1.97003269195557
2.20004346535019e-06,1,"SVG","VIP","ELLA",8,0.0277588367462158,420.036387681961,27.1086444854736,1.88512778282166
-0.68105287109659,0,"rate_effect","SLC17A7","DESeq2",8,0.028433084487915,435.003904342651,22.8738830089569,1.87973070144653
-0.639915511224454,0,"rate_effect","PVALB","DESeq2",8,0.0291740894317627,422.846745491028,27.8921658992767,1.93611168861389
1.10686396034109,0.424305924912915,"rate_effect","TAC2","DESeq2",8,0.0325593948364258,422.382641553879,32.2758796215057,1.92639994621277
0.625866605994468,0.283321557333693,"rate_effect","VIP","DESeq2",8,0.0299866199493408,450.483470439911,27.4053957462311,1.90693759918213
1.0796265111572e-164,0,"FSE","SLC17A7","DESeq2",8,0.0297629833221436,434.546971559525,23.7330112457275,1.87679743766785
1.65507487577295e-101,0,"FSE","PVALB","DESeq2",8,0.0338435173034668,436.816553592682,29.0492534637451,1.95362281799316
1.70287291390733e-291,1,"FSE","TAC2","DESeq2",8,0.027367115020752,422.633439302444,21.7879257202148,2.01387763023376
3.64840734677128e-110,1,"FSE","VIP","DESeq2",8,0.0304765701293945,341.904124975204,28.1543152332306,1.86765432357788
-0.00222957961479753,0,"rate_effect","PVALB","wisp",9,0.0292367935180664,428.609116077423,25.2551717758179,1.91724061965942
-0.0778352757196987,0,"rate_effect","SLC17A7","wisp",9,0.0310986042022705,444.368892192841,30.7688519954681,1.91700601577759
-0.0217223445706222,0,"rate_effect","TAC2","wisp",9,0.0286846160888672,433.176414728165,25.6008260250092,2.11447739601135
0.0311729616843848,0,"rate_effect","VIP","wisp",9,0.0247077941894531,429.265485286713,29.3011937141418,1.89909911155701
-0.376954289109488,-0.1874511805363,"random_effect","replicate1","wisp",9,0.0279552936553955,442.510897397995,34.6902959346771,1.89492797851562
0.260847909849626,0.237788333324715,"random_effect","replicate2","wisp",9,0.0318880081176758,434.701031208038,26.0515778064728,1.92224431037903
0.172812165801571,0.144012347562239,"random_effect","replicate3","wisp",9,0.0304415225982666,438.606535673141,24.8661851882935,1.91352796554565
0.0903677085523565,0.103182347957045,"random_effect","replicate4","wisp",9,0.032750129699707,438.608156204224,26.6019434928894,1.87204194068909
1.54777222777223,0,"FSE","PVALB","wisp",9,0.0291445255279541,421.407907009125,22.5907454490662,1.87196683883667
1.79813936063936,0,"FSE","SLC17A7","wisp",9,0.961971044540405,427.296780824661,28.2648706436157,1.92194104194641
1.63240759240759,0,"FSE","TAC2","wisp",9,0.0310268402099609,433.440595388412,28.0865998268127,1.92976903915405
1.49594405594406,0,"FSE","VIP","wisp",9,0.0276010036468506,448.544350624084,28.3334722518921,1.90699672698975
0.982644761146565,0,"SVG","PVALB","ELLA",9,0.033125638961792,437.187759637833,25.8857131004333,1.94445037841797
0.830941589069977,1,"SVG","SLC17A7","ELLA",9,0.0310487747192383,416.92185997963,34.7796940803528,1.96136689186096
0.818762228714531,0,"SVG","TAC2","ELLA",9,0.0298552513122559,429.006608963013,28.0748641490936,1.91984724998474
0.926461904154098,0,"SVG","VIP","ELLA",9,0.027881383895874,427.94335269928,29.6661524772644,1.91626119613647
-0.0103687483500296,0,"rate_effect","SLC17A7","DESeq2",9,0.0307164192199707,431.815202474594,29.9965281486511,1.88038921356201
-0.0052815053368234,0,"rate_effect","PVALB","DESeq2",9,0.031790018081665,415.090425491333,28.7477598190308,1.97158217430115
0.000645737756453335,0,"rate_effect","TAC2","DESeq2",9,0.961175680160522,446.45299243927,25.8177356719971,1.91986060142517
0.00508585692544411,0,"rate_effect","VIP","DESeq2",9,0.0292866230010986,468.735806465149,25.6810131072998,1.88051891326904
0.287888261018631,0,"FSE","SLC17A7","DESeq2",9,0.0333788394927979,430.931964159012,27.3349032402039,1.9478747844696
0.396003306886198,0,"FSE","PVALB","DESeq2",9,0.0313360691070557,430.072258234024,32.5169382095337,1.92294645309448
0.750251597042137,0,"FSE","TAC2","DESeq2",9,0.0320706367492676,410.121573209763,23.7532002925873,1.94743466377258
0.396003306886198,0,"FSE","VIP","DESeq2",9,0.0284214019775391,455.047101974487,29.9072344303131,1.901535987854
0.390161781225728,0,"rate_effect","PVALB","wisp",10,0.0273256301879883,418.158571958542,29.1062133312225,1.88763666152954
0.401131798601908,0.155135501874611,"rate_effect","SLC17A7","wisp",10,0.0296573638916016,428.122677564621,30.82168841362,1.92050409317017
0.595319707549262,0,"rate_effect","TAC2","wisp",10,0.0289463996887207,427.728178977966,32.8114042282104,1.94097876548767
0.0785079598345819,0,"rate_effect","VIP","wisp",10,0.0289764404296875,423.737015485764,28.5979809761047,1.92490077018738
-0.171813039937251,-0.154406205518171,"random_effect","replicate1","wisp",10,0.0297586917877197,456.613583087921,28.417432308197,1.88906669616699
-0.296698355281732,-0.239916251972318,"random_effect","replicate2","wisp",10,0.0328109264373779,420.884456634521,22.5742952823639,2.0883207321167
0.134256446307807,-0.0648860812652856,"random_effect","replicate3","wisp",10,0.0276672840118408,424.830772399902,28.9470098018646,1.93059301376343
0.287523822848208,0.112786630401388,"random_effect","replicate4","wisp",10,0.0286664962768555,437.511374950409,26.4271965026855,2.01169347763062
0.46525,0,"FSE","PVALB","wisp",10,0.0293729305267334,464.370765447617,28.4331409931183,1.92028284072876
0.449666666666667,1,"FSE","SLC17A7","wisp",10,0.0321409702301025,403.638920783997,24.1360626220703,1.98838710784912
0.709,0,"FSE","TAC2","wisp",10,0.0281195640563965,414.873692512512,23.5046339035034,1.91408538818359
0.17830612244898,0,"FSE","VIP","wisp",10,0.963593482971191,429.04301905632,34.2810742855072,1.96899151802063
0.865420094967739,1,"SVG","PVALB","ELLA",10,1.88674259185791,417.523854017258,26.3215594291687,1.88364768028259
0.965207141631029,1,"SVG","SLC17A7","ELLA",10,0.0296945571899414,421.218112707138,27.146746635437,1.96816301345825
2.20003994022555e-06,1,"SVG","TAC2","ELLA",10,0.0303440093994141,441.318182468414,32.5797770023346,1.93074917793274
1.10000592284942e-06,1,"SVG","VIP","ELLA",10,0.0316970348358154,431.787833929062,26.038455247879,1.94249320030212
0.778994927141943,0,"rate_effect","SLC17A7","DESeq2",10,0.0272305011749268,441.372266292572,32.3179461956024,1.85554122924805
0.0113290453597437,0.155135501874611,"rate_effect","PVALB","DESeq2",10,0.0315840244293213,424.107073545456,30.2552561759949,1.88771200180054
-0.0304146668741853,0,"rate_effect","TAC2","DESeq2",10,0.0327708721160889,420.323094844818,23.4643216133118,1.9144229888916
-0.0401648354896997,0,"rate_effect","VIP","DESeq2",10,0.0276579856872559,448.618867874146,29.8870091438293,1.93364334106445
0,0,"FSE","SLC17A7","DESeq2",10,0.031425952911377,375.935034036636,27.1698169708252,1.93180441856384
0.299082522049358,1,"FSE","PVALB","DESeq2",10,0.0269701480865479,429.70928645134,31.0543217658997,2.00865888595581
0.086548619657709,0,"FSE","TAC2","DESeq2",10,0.0327162742614746,437.831256628036,29.3419151306152,1.91435265541077
0.0114373614545058,0,"FSE","VIP","DESeq2",10,0.0288233757019043,431.461276769638,29.5254518985748,1.95789742469788
-0.00824364395427005,-0.0988542200066149,"rate_effect","PVALB","wisp",11,0.028160572052002,427.493983983994,24.4479246139526,1.92510008811951
0.00309927984000723,0,"rate_effect","SLC17A7","wisp",11,0.0265765190124512,465.420249700546,23.41534948349,1.87832069396973
0.0798991742928068,0,"rate_effect","TAC2","wisp",11,0.0311448574066162,435.724847555161,25.2409904003143,1.97131896018982
-0.0495987206151464,0,"rate_effect","VIP","wisp",11,0.0287723541259766,426.489372253418,30.498678445816,1.91572141647339
0.31184855440233,0.419696841388941,"random_effect","replicate1","wisp",11,0.028050422668457,433.407697439194,24.0474677085876,1.89630961418152
-0.219736805798675,-0.108538903528824,"random_effect","replicate2","wisp",11,0.0294380187988281,417.568301677704,26.5134179592133,1.9169909954071
0.32294680921084,0.427209017099813,"random_effect","replicate3","wisp",11,0.0276269912719727,419.191938638687,32.9697706699371,1.88022470474243
-0.433041062396066,-0.299262438667938,"random_effect","replicate4","wisp",11,0.0316841602325439,430.204669237137,25.8227248191833,1.93337726593018
0.93053634305835,1,"FSE","PVALB","wisp",11,0.0281548500061035,423.383732318878,27.5879828929901,2.00009894371033
1.27299798792757,0,"FSE","SLC17A7","wisp",11,0.950234889984131,433.018593549728,25.3655872344971,1.8637535572052
0.367819159857102,0,"FSE","TAC2","wisp",11,0.0335521697998047,425.685601949692,28.7269361019135,1.95883941650391
0.901073105298457,0,"FSE","VIP","wisp",11,0.0294747352600098,421.638487815857,30.5206129550934,1.83303546905518
0.793571360825998,0,"SVG","PVALB","ELLA",11,0.0276050567626953,403.932096004486,19.2276413440704,1.78714275360107
0.945837269797559,0,"SVG","SLC17A7","ELLA",11,0.0286576747894287,408.298879146576,22.2654452323914,1.84356260299683
0.988829984608824,1,"SVG","TAC2","ELLA",11,0.0274727344512939,411.141361951828,25.3585731983185,1.77027249336243
0.79060397313566,0,"SVG","VIP","ELLA",11,0.0304088592529297,414.141072034836,23.9539802074432,1.80440640449524
0.00542879110576387,-0.0988542200066149,"rate_effect","SLC17A7","DESeq2",11,0.0287880897521973,408.969439744949,30.3737318515778,1.77948665618896
5.17856826961878e-05,0,"rate_effect","PVALB","DESeq2",11,0.028679370880127,409.549560070038,22.5197160243988,1.75816679000854
0.000389358048562443,0,"rate_effect","TAC2","DESeq2",11,0.0275130271911621,403.635833740234,30.8150849342346,1.85015249252319
6.66583524128879e-05,0,"rate_effect","VIP","DESeq2",11,0.0293619632720947,433.035242795944,27.7534692287445,1.79997277259827
0.0394408753222713,1,"FSE","SLC17A7","DESeq2",11,0.0276510715484619,418.054634571075,30.3133184909821,1.76283740997314
0.667523704237512,0,"FSE","PVALB","DESeq2",11,0.0313279628753662,439.242620706558,24.6636564731598,1.80634546279907
0.0926721852485069,0,"FSE","TAC2","DESeq2",11,0.0292425155639648,351.229082584381,27.6974363327026,1.83659362792969
0.500730319777213,0,"FSE","VIP","DESeq2",11,0.0299062728881836,428.477724790573,27.0271451473236,1.79152250289917
-1.28162056645681,-0.322111245477572,"rate_effect","PVALB","wisp",12,0.028439998626709,400.481114149094,25.8864300251007,1.79541492462158
1.19355468178472,0.461721304105595,"rate_effect","SLC17A7","wisp",12,0.895889282226562,416.329598903656,25.5795469284058,1.76463961601257
-0.703461462957781,-0.199776540976018,"rate_effect","TAC2","wisp",12,0.0301418304443359,397.71418094635,28.2146577835083,1.78049683570862
-0.854279846545564,-0.212414792971686,"rate_effect","VIP","wisp",12,0.0305290222167969,413.912841081619,30.5826287269592,1.81949877738953
-0.316377275367133,-0.352936027105898,"random_effect","replicate1","wisp",12,0.0295813083648682,405.915508031845,25.7490229606628,1.80578708648682
-0.378601437041403,-0.384747898671776,"random_effect","replicate2","wisp",12,0.0276761054992676,401.609362363815,23.6494569778442,1.81292271614075
0.293827251649854,-0.0669760361779481,"random_effect","replicate3","wisp",12,0.0274889469146729,409.212975025177,25.6452651023865,1.82821798324585
0.446248961889185,0.298803774639964,"random_effect","replicate4","wisp",12,0.0307917594909668,414.806458950043,29.2246925830841,1.80796146392822
0.0549988866622132,1,"FSE","PVALB","wisp",12,0.0279734134674072,423.394227981567,30.1006395816803,1.78223991394043
0.106295925183701,1,"FSE","SLC17A7","wisp",12,0.0319101810455322,426.406829357147,27.4714765548706,1.80058145523071
0.00149278148133001,1,"FSE","TAC2","wisp",12,0.029646635055542,402.189610004425,27.126549243927,1.84013605117798
0.00134963805161343,1,"FSE","VIP","wisp",12,0.0317471027374268,435.770930051804,27.0759134292603,1.74023652076721
0.776863370458071,1,"SVG","PVALB","ELLA",12,0.028592586517334,408.307660102844,29.5158882141113,1.77786779403687
0.802319938818667,1,"SVG","SLC17A7","ELLA",12,0.0283982753753662,411.093592882156,27.4431064128876,1.73424339294434
1.10001100256385e-06,1,"SVG","TAC2","ELLA",12,0.0274736881256104,406.61597943306,31.6404249668121,1.80775022506714
1.10000792413745e-06,1,"SVG","VIP","ELLA",12,0.0311400890350342,408.279498338699,23.8222887516022,1.86932563781738
3.49369581680681,-0.322111245477572,"rate_effect","SLC17A7","DESeq2",12,0.0311648845672607,409.458102464676,26.5550758838654,1.80131101608276
-1.35815426590717,0.461721304105595,"rate_effect","PVALB","DESeq2",12,0.029813289642334,411.923641443253,23.8093945980072,1.76051712036133
0.0684058628353818,-0.199776540976018,"rate_effect","TAC2","DESeq2",12,0.0329639911651611,405.545966625214,31.5916204452515,1.78944897651672
-0.0683509995844278,-0.212414792971686,"rate_effect","VIP","DESeq2",12,0.0260028839111328,425.389599561691,24.1233968734741,1.78804445266724
0,1,"FSE","SLC17A7","DESeq2",12,0.0357918739318848,398.119257926941,28.8584458827972,1.83746886253357
0,1,"FSE","PVALB","DESeq2",12,0.0309436321258545,418.349713802338,35.2129671573639,1.8385636806488
0.0601772980973004,1,"FSE","TAC2","DESeq2",12,0.0236492156982422,406.516528367996,25.677962064743,1.86991882324219
0.0601772980973004,1,"FSE","VIP","DESeq2",12,0.0269579887390137,425.068669080734,31.497305393219,1.86204314231873
0.0283737058870138,-0.0213465914130211,"rate_effect","PVALB","wisp",13,0.0278401374816895,422.368977308273,21.9365797042847,1.84537696838379
-1.3310719999911,-0.230413937475532,"rate_effect","SLC17A7","wisp",13,0.0262370109558105,430.461272001266,26.6901309490204,1.90605521202087
-0.616153120346793,-0.171753931324929,"rate_effect","TAC2","wisp",13,0.0279896259307861,412.056294202805,28.827924489975,2.02909517288208
-2.03007637664924,-0.454761838773265,"rate_effect","VIP","wisp",13,0.0239815711975098,437.154964923859,21.9802222251892,1.92869520187378
-0.028083566413261,0.398059827042744,"random_effect","replicate1","wisp",13,0.0296258926391602,422.03987288475,33.1828806400299,1.90689778327942
0.0054999974090606,-0.35184498433955,"random_effect","replicate2","wisp",13,0.0269100666046143,453.455007553101,24.2923212051392,1.84552454948425
0.0212796658161096,-0.200146074173972,"random_effect","replicate3","wisp",13,0.0264310836791992,436.033627033234,27.4141705036163,1.84341669082642
-0.0327908393228427,-0.483382056234404,"random_effect","replicate4","wisp",13,0.030048131942749,416.873572587967,22.743204832077,1.89280819892883
0.394205794205794,1,"FSE","PVALB","wisp",13,0.026158332824707,418.94610118866,26.0069177150726,1.88708782196045
0,1,"FSE","SLC17A7","wisp",13,0.02978515625,411.92558836937,23.0960333347321,1.92023396492004
0.0406532243266937,1,"FSE","TAC2","wisp",13,0.0285301208496094,440.837086200714,25.1775932312012,1.9048330783844
0.182205549552488,1,"FSE","VIP","wisp",13,0.0287730693817139,418.37282538414,26.0856287479401,2.60899710655212
0.816179449483001,1,"SVG","PVALB","ELLA",13,0.0306224822998047,420.641088485718,27.347541809082,1.87631368637085
0.953745155046876,1,"SVG","SLC17A7","ELLA",13,0.0251264572143555,428.662610292435,21.5447599887848,1.84871196746826
1.10001454262099e-06,1,"SVG","TAC2","ELLA",13,0.0291104316711426,427.803039550781,30.6923115253448,1.89639258384705
1.10000942055155e-06,1,"SVG","VIP","ELLA",13,0.0312936305999756,424.708827018738,25.2575786113739,1.85999202728271
-0.263632461330422,-0.0213465914130211,"rate_effect","SLC17A7","DESeq2",13,0.0281896591186523,432.656529903412,24.8084371089935,1.89901542663574
1.39578638247448,-0.230413937475532,"rate_effect","PVALB","DESeq2",13,0.031583309173584,427.925946950912,26.4291985034943,1.92317056655884
0.273106990379673,-0.171753931324929,"rate_effect","TAC2","DESeq2",13,0.0287032127380371,424.533989191055,32.605699300766,1.91907668113708
-4.98360832262797,-0.454761838773265,"rate_effect","VIP","DESeq2",13,0.0302207469940186,439.701268434525,32.080885887146,1.9224226474762
8.13753192437844e-84,1,"FSE","SLC17A7","DESeq2",13,0.0275440216064453,423.768881559372,22.7086806297302,1.91026425361633
0,1,"FSE","PVALB","DESeq2",13,0.0284562110900879,418.428074121475,25.0440411567688,1.86522579193115
9.09639224019737e-21,1,"FSE","TAC2","DESeq2",13,0.0321822166442871,423.145944595337,28.5050308704376,1.88742089271545
0,1,"FSE","VIP","DESeq2",13,1.83389782905579,428.387951374054,27.2869317531586,1.97345232963562
-0.267124475207487,0,"rate_effect","PVALB","wisp",14,0.029057502746582,342.884785890579,24.0696587562561,1.93395066261292
-0.0346363322186456,0,"rate_effect","SLC17A7","wisp",14,0.0272171497344971,438.251104593277,21.7468342781067,1.89160752296448
0.0459946211093397,0,"rate_effect","TAC2","wisp",14,0.0269596576690674,421.046288967133,23.9341967105865,1.92022323608398
-0.00499854687210432,0,"rate_effect","VIP","wisp",14,0.0296871662139893,413.815036773682,29.3492894172668,1.99918484687805
-0.173428472118116,0.115055703558028,"random_effect","replicate1","wisp",14,0.0308065414428711,436.233450174332,30.0629839897156,1.94655609130859
-0.376012392714164,-0.207066764589399,"random_effect","replicate2","wisp",14,0.0267951488494873,437.389758586884,29.0803780555725,1.91891193389893
0.310406294242683,0.453820622060448,"random_effect","replicate3","wisp",14,0.0312454700469971,421.801689386368,32.9749879837036,1.85251688957214
0.187520993182302,0.222200268879533,"random_effect","replicate4","wisp",14,0.0282926559448242,412.800875425339,32.2108843326569,2.01232624053955
1.23424,0,"FSE","PVALB","wisp",14,0.0285141468048096,415.758309602737,22.5008878707886,1.89890432357788
1.17612,0,"FSE","SLC17A7","wisp",14,0.0309028625488281,448.807687759399,27.4583051204681,2.57047271728516
1.27505555555556,0,"FSE","TAC2","wisp",14,0.0265467166900635,425.658793926239,26.1612327098846,1.99357652664185
1.22475510204082,0,"FSE","VIP","wisp",14,0.0303549766540527,419.892758131027,27.2944993972778,1.90579128265381
0.853769901884343,1,"SVG","PVALB","ELLA",14,0.0257844924926758,423.843417406082,27.4935083389282,1.95272493362427
0.943668120234199,1,"SVG","SLC17A7","ELLA",14,0.0316722393035889,419.851747989655,33.067813873291,1.91422843933105
0.847976722984586,0,"SVG","TAC2","ELLA",14,0.0286879539489746,432.175387382507,25.0857548713684,1.89460062980652
0.904883305794088,0,"SVG","VIP","ELLA",14,0.02815842628479,433.26940369606,29.9820668697357,1.89951992034912
-0.00831782510627191,0,"rate_effect","SLC17A7","DESeq2",14,0.0281815528869629,422.863761901855,31.7035093307495,1.87914896011353
0.000118238758394998,0,"rate_effect","PVALB","DESeq2",14,0.0313327312469482,419.048016548157,28.450918674469,1.91853785514832
-0.000266669038777741,0,"rate_effect","TAC2","DESeq2",14,0.0285539627075195,428.176956653595,28.7329323291779,1.9428985118866
-3.30828646814142e-05,0,"rate_effect","VIP","DESeq2",14,0.0334653854370117,448.894484519958,26.7565746307373,1.9282500743866
0.460071154995413,0,"FSE","SLC17A7","DESeq2",14,0.0286557674407959,431.972440481186,31.2850565910339,1.88315010070801
0.16102456949599,0,"FSE","PVALB","DESeq2",14,0.0300242900848389,424.963372707367,22.1425814628601,1.95683145523071
0.901200068730704,0,"FSE","TAC2","DESeq2",14,0.0302369594573975,418.386739492416,27.6639943122864,1.88131093978882
0.460071154995413,0,"FSE","VIP","DESeq2",14,0.0300443172454834,421.28426527977,26.8966805934906,1.87866401672363
-0.0166271579871309,0,"rate_effect","PVALB","wisp",15,0.0321400165557861,442.835676431656,31.8027515411377,1.93642425537109
-0.00532799653408439,0,"rate_effect","SLC17A7","wisp",15,0.0286946296691895,454.172886371613,20.994350194931,1.92745304107666
-0.00596832370925718,0,"rate_effect","TAC2","wisp",15,0.0270276069641113,426.286192655563,29.4402439594269,1.9688024520874
-0.0292854575132475,0,"rate_effect","VIP","wisp",15,0.028942346572876,426.630576610565,26.7875216007233,1.85739088058472
0.271858342701232,-0.139583569951355,"random_effect","replicate1","wisp",15,0.0292212963104248,403.239965200424,18.2296206951141,1.95345449447632
-0.736176201213869,-0.485249129356816,"random_effect","replicate2","wisp",15,0.0291359424591064,437.543063640594,30.7751030921936,1.94943451881409
0.316384700827098,-0.0894599854946136,"random_effect","replicate3","wisp",15,0.0285475254058838,424.828949689865,29.1811516284943,1.91415333747864
0.513806802344325,0.491897092433646,"random_effect","replicate4","wisp",15,0.0288188457489014,410.777765274048,29.7327396869659,1.89316058158875
0.89123121776183,0,"FSE","PVALB","wisp",15,0.032414436340332,419.698316812515,29.1467514038086,1.89908075332642
0.836163836163836,0,"FSE","SLC17A7","wisp",15,0.0276556015014648,420.921313047409,29.8099269866943,1.88652443885803
1.3120004995005,0,"FSE","TAC2","wisp",15,0.0273778438568115,421.405151367188,26.7447578907013,1.91813373565674
0.413142413142413,0,"FSE","VIP","wisp",15,0.031156063079834,429.191378355026,28.5962595939636,1.9064519405365
0.82538590161126,0,"SVG","PVALB","ELLA",15,0.0286152362823486,427.424861907959,26.4314243793488,1.93819808959961
0.991780345393263,0,"SVG","SLC17A7","ELLA",15,0.0281038284301758,418.824084997177,25.559473991394,2.10096716880798
2.2000033444991e-07,1,"SVG","TAC2","ELLA",15,0.0306472778320312,466.21201300621,29.5179445743561,1.95194005966187
1.10000389291764e-06,1,"SVG","VIP","ELLA",15,0.0272939205169678,428.564567327499,28.1826069355011,1.93955206871033
0.0120926607797718,0,"rate_effect","SLC17A7","DESeq2",15,0.0268537998199463,428.62980222702,28.0788650512695,1.86716628074646
0.00491209075880379,0,"rate_effect","PVALB","DESeq2",15,0.0316793918609619,433.665621757507,28.1941282749176,1.93836879730225
-0.00719849058037491,0,"rate_effect","TAC2","DESeq2",15,0.03013014793396,428.914049386978,27.9392147064209,1.9660108089447
-0.00244132400421562,0,"rate_effect","VIP","DESeq2",15,0.0287206172943115,433.117321252823,28.3073542118073,1.88844609260559
0.235592578469195,0,"FSE","SLC17A7","DESeq2",15,0.0285968780517578,418.431674480438,33.0067012310028,1.91616630554199
0.526326773366971,0,"FSE","PVALB","DESeq2",15,0.0298805236816406,434.249496936798,27.1291103363037,1.91533708572388
0.526326773366971,0,"FSE","TAC2","DESeq2",15,0.0283896923065186,421.070561885834,30.8779003620148,1.90010547637939
0.648363724365523,0,"FSE","VIP","DESeq2",15,0.029975414276123,428.989985227585,23.9281105995178,1.94244980812073
0.304762983706119,0.101856319699436,"rate_effect","PVALB","wisp",16,0.0299692153930664,457.875961065292,31.8868365287781,1.89758825302124
0.0528705230680019,0,"rate_effect","SLC17A7","wisp",16,0.02939772605896,417.147555589676,23.9216980934143,1.87791299819946
-0.422620723728125,0,"rate_effect","TAC2","wisp",16,0.0280909538269043,416.846960306168,27.8313653469086,1.94330286979675
0.0921129642882529,0,"rate_effect","VIP","wisp",16,0.0304865837097168,344.447868108749,27.1202914714813,1.91046500205994
0.428604081563888,0.0156579143367708,"random_effect","replicate1","wisp",16,0.029170036315918,439.159169435501,28.2010991573334,1.95590901374817
0.413567867608076,-0.0514088561758399,"random_effect","replicate2","wisp",16,0.0297019481658936,437.935654640198,30.1933093070984,1.91210222244263
0.287884093580005,-0.212377771968022,"random_effect","replicate3","wisp",16,0.027332067489624,424.346310138702,25.7669529914856,1.95130276679993
-0.680905119134389,-0.481231529032812,"random_effect","replicate4","wisp",16,0.0291640758514404,437.639401674271,30.6169512271881,1.97665858268738
1.16980421686747,1,"FSE","PVALB","wisp",16,0.0300407409667969,426.175881147385,30.7624077796936,1.87547874450684
1.05591811691209,0,"FSE","SLC17A7","wisp",16,0.0379784107208252,431.229801654816,21.6975998878479,1.9074375629425
0.376385542168675,0,"FSE","TAC2","wisp",16,0.0266921520233154,428.557741880417,22.2550806999207,1.90938234329224
0.603106302762069,0,"FSE","VIP","wisp",16,0.0271389484405518,437.074442386627,26.5238418579102,1.91658329963684
0.846874922160564,1,"SVG","PVALB","ELLA",16,0.0304219722747803,437.910945653915,22.326967716217,1.87165641784668
0.868691609943822,1,"SVG","SLC17A7","ELLA",16,0.0298922061920166,438.342940330505,27.465437412262,1.94656467437744
0.812292303523806,1,"SVG","TAC2","ELLA",16,0.0309114456176758,435.115567207336,31.1347949504852,1.98431396484375
0.0232569559561102,1,"SVG","VIP","ELLA",16,0.0306754112243652,438.493384361267,28.8851320743561,1.9389660358429
-0.0383342445605634,0.101856319699436,"rate_effect","SLC17A7","DESeq2",16,0.0304248332977295,448.30394411087,32.6194403171539,1.90953707695007
0.523916657751828,0,"rate_effect","PVALB","DESeq2",16,0.0324821472167969,415.358382225037,32.2989933490753,1.89722228050232
-0.0251074707051217,0,"rate_effect","TAC2","DESeq2",16,0.0308408737182617,436.328069925308,27.416788816452,1.91525959968567
-0.0213161781131962,0,"rate_effect","VIP","DESeq2",16,0.0313224792480469,427.341772556305,28.5475046634674,1.95126700401306
0.449986256370914,1,"FSE","SLC17A7","DESeq2",16,0.0268018245697021,431.519038438797,28.7881174087524,1.92720103263855
1.42158989174075e-44,0,"FSE","PVALB","DESeq2",16,0.0292632579803467,428.10148024559,30.4223482608795,1.970871925354
0.530528798314124,0,"FSE","TAC2","DESeq2",16,0.0282788276672363,405.253556966782,25.0135204792023,2.00466966629028
0.530528798314124,0,"FSE","VIP","DESeq2",16,0.0284509658813477,431.580227851868,27.9698166847229,1.89975738525391
0.887529904164175,0.267144161742181,"rate_effect","PVALB","wisp",17,0.0286874771118164,430.834863185883,27.7004799842834,1.89838004112244
-0.236319516078976,0,"rate_effect","SLC17A7","wisp",17,0.0305662155151367,442.693529844284,26.6938269138336,1.96454334259033
-0.0409629484244371,0,"rate_effect","TAC2","wisp",17,0.02779221534729,451.127518415451,26.0369720458984,1.90947294235229
0.0107159562292522,0,"rate_effect","VIP","wisp",17,0.0288090705871582,419.77030134201,25.7107317447662,1.97353386878967
0.261353740395948,0.197529777185991,"random_effect","replicate1","wisp",17,0.0304677486419678,425.153422117233,24.997104883194,1.92307567596436
-0.324221027037544,-0.214143222896382,"random_effect","replicate2","wisp",17,0.0301992893218994,437.201149463654,31.2977366447449,1.96999192237854
-0.278561931307067,-0.176822972018272,"random_effect","replicate3","wisp",17,0.0317413806915283,419.524928569794,21.2905933856964,1.96289253234863
0.305310288038211,0.291085468139499,"random_effect","replicate4","wisp",17,0.0284855365753174,446.937193155289,28.4970102310181,1.91163372993469
0.29020979020979,1,"FSE","PVALB","wisp",17,0.0274665355682373,444.712888479233,23.9891443252563,1.87488484382629
0.22002997002997,0,"FSE","SLC17A7","wisp",17,0.0323386192321777,417.759402275085,25.2549314498901,1.89371967315674
1.32517482517483,0,"FSE","TAC2","wisp",17,0.0282852649688721,416.854083061218,30.6044044494629,1.92660236358643
1.34017982017982,0,"FSE","VIP","wisp",17,0.0322670936584473,421.5183634758,31.4342231750488,1.93913173675537
0.905462474318411,1,"SVG","PVALB","ELLA",17,0.0289487838745117,448.733220338821,26.4758231639862,1.96097540855408
0.939908617420751,1,"SVG","SLC17A7","ELLA",17,0.0280981063842773,427.417523622513,30.1986346244812,1.98125243186951
0.947479939747538,0,"SVG","TAC2","ELLA",17,0.0323467254638672,453.860027313232,30.1176075935364,1.94006776809692
0.859717789872202,0,"SVG","VIP","ELLA",17,0.0279364585876465,419.111906051636,30.3025121688843,1.82835912704468
-0.0089198025411188,0.267144161742181,"rate_effect","SLC17A7","DESeq2",17,0.0278191566467285,422.150298118591,25.0138621330261,1.9052460193634
1.20280430067146,0,"rate_effect","PVALB","DESeq2",17,0.975653648376465,431.828337192535,27.9934065341949,1.96088552474976
-0.0127791293881214,0,"rate_effect","TAC2","DESeq2",17,0.0273873805999756,417.86593914032,26.1573016643524,1.92815375328064
-0.0112699589482845,0,"rate_effect","VIP","DESeq2",17,0.0301876068115234,421.714729070663,36.1966271400452,1.85416579246521
0.355578834775726,1,"FSE","SLC17A7","DESeq2",17,0.966925382614136,423.18149805069,28.2153370380402,1.94660639762878
0,0,"FSE","PVALB","DESeq2",17,0.959918260574341,411.49706864357,21.0312209129333,1.96745443344116
0.427781651168243,0,"FSE","TAC2","DESeq2",17,0.0286843776702881,424.162430047989,28.4714119434357,1.95679402351379
0.427781651168243,0,"FSE","VIP","DESeq2",17,0.0275018215179443,424.953616142273,28.753488779068,1.89107203483582
-0.0495945484470462,0,"rate_effect","PVALB","wisp",18,0.0303053855895996,413.682648897171,32.5513451099396,1.86874127388
0.245074536267827,0,"rate_effect","SLC17A7","wisp",18,0.0296225547790527,418.972558736801,22.28346991539,1.91441702842712
0.119723084410558,0.0613635305780917,"rate_effect","TAC2","wisp",18,0.0314235687255859,439.402960062027,22.7104434967041,2.06456971168518
0.0842718384011228,0,"rate_effect","VIP","wisp",18,0.0252742767333984,437.390397071838,23.8163566589355,1.89545559883118
-0.238094865938509,-0.147643114672974,"random_effect","replicate1","wisp",18,0.0300617218017578,435.108697414398,30.1848514080048,1.95747828483582
0.318632728813403,0.32337395218201,"random_effect","replicate2","wisp",18,0.0281143188476562,417.028471469879,30.4718544483185,1.9316611289978
0.180523146364054,0.0952212654519826,"random_effect","replicate3","wisp",18,0.0322134494781494,428.645718336105,24.1389372348785,1.9397451877594
-0.328856351926683,-0.214048265246674,"random_effect","replicate4","wisp",18,0.0293436050415039,437.016592979431,28.5908098220825,2.00542783737183
0.531855899202838,0,"FSE","PVALB","wisp",18,0.0281786918640137,436.223310709,33.0396196842194,1.87908291816711
0.33784965034965,0,"FSE","SLC17A7","wisp",18,0.0291585922241211,432.003209590912,25.8684644699097,1.98139333724976
0.654625374625375,1,"FSE","TAC2","wisp",18,0.0310695171356201,421.0782122612,30.3165369033813,1.92700958251953
0.321535607249893,0,"FSE","VIP","wisp",18,0.0277640819549561,416.96134018898,25.3891241550446,1.93578004837036
0.942958027603207,0,"SVG","PVALB","ELLA",18,0.0296456813812256,423.063416242599,22.6420071125031,1.89431571960449
0.792411659304166,1,"SVG","SLC17A7","ELLA",18,0.0282070636749268,430.799074888229,28.9197087287903,2.02877569198608
5.50004643107282e-07,1,"SVG","TAC2","ELLA",18,0.028740406036377,411.27406167984,27.1586208343506,1.95289063453674
0.966719839125102,1,"SVG","VIP","ELLA",18,0.0296759605407715,424.28426527977,28.5306944847107,1.97954940795898
-0.0297778817245469,0,"rate_effect","SLC17A7","DESeq2",18,0.0315585136413574,424.110975265503,25.9745590686798,1.83040857315063
-0.0126200712425455,0,"rate_effect","PVALB","DESeq2",18,0.0303142070770264,426.358679771423,27.514014005661,1.85209774971008
0.305047426853158,0.0613635305780917,"rate_effect","TAC2","DESeq2",18,0.0279641151428223,422.353990077972,28.4563901424408,1.88063788414001
0.00717234114298815,0,"rate_effect","VIP","DESeq2",18,0.029841423034668,455.733216524124,28.087949514389,1.87526679039001
0.000492365590719818,0,"FSE","SLC17A7","DESeq2",18,0.0290489196777344,428.638993501663,24.4395961761475,1.97462296485901
0.357900060047757,0,"FSE","PVALB","DESeq2",18,0.0295510292053223,423.189258098602,21.3554708957672,1.91519999504089
8.86028671027545e-84,1,"FSE","TAC2","DESeq2",18,0.0303323268890381,446.011021852493,29.9634885787964,1.95551204681396
0.620241768729892,0,"FSE","VIP","DESeq2",18,0.0277292728424072,425.692224502563,29.5691344738007,1.90439701080322
-2.12491022386279,-0.393213217845187,"rate_effect","PVALB","wisp",19,0.935065746307373,409.268024206161,26.510181427002,1.97003269195557
4.60299049099715e-05,0,"rate_effect","SLC17A7","wisp",19,0.0277588367462158,420.036387681961,27.1086444854736,1.88512778282166
-0.0259953565265348,0,"rate_effect","TAC2","wisp",19,0.028433084487915,435.003904342651,22.8738830089569,1.87973070144653
0.0222515396611277,0,"rate_effect","VIP","wisp",19,0.0291740894317627,422.846745491028,27.8921658992767,1.93611168861389
-0.0991556087714409,-0.139716301346198,"random_effect","replicate1","wisp",19,0.0325593948364258,422.382641553879,32.2758796215057,1.92639994621277
0.4192708898945,0.385551159735769,"random_effect","replicate2","wisp",19,0.0299866199493408,450.483470439911,27.4053957462311,1.90693759918213
-0.496249732741886,-0.388155688298866,"random_effect","replicate3","wisp",19,0.0297629833221436,434.546971559525,23.7330112457275,1.87679743766785
0.269070330506346,0.0326552907936275,"random_effect","replicate4","wisp",19,0.0338435173034668,436.816553592682,29.0492534637451,1.95362281799316
0.00184,1,"FSE","PVALB","wisp",19,0.027367115020752,422.633439302444,21.7879257202148,2.01387763023376
1.34376,0,"FSE","SLC17A7","wisp",19,0.0304765701293945,341.904124975204,28.1543152332306,1.86765432357788
1.12977551020408,0,"FSE","TAC2","wisp",19,0.0292367935180664,428.609116077423,25.2551717758179,1.91724061965942
1.75492,0,"FSE","VIP","wisp",19,0.0310986042022705,444.368892192841,30.7688519954681,1.91700601577759
0.996335421429437,1,"SVG","PVALB","ELLA",19,0.0286846160888672,433.176414728165,25.6008260250092,2.11447739601135
0.880973145228538,0,"SVG","SLC17A7","ELLA",19,0.0247077941894531,429.265485286713,29.3011937141418,1.89909911155701
0.88656650885482,0,"SVG","TAC2","ELLA",19,0.0279552936553955,442.510897397995,34.6902959346771,1.89492797851562
0.862525823558815,0,"SVG","VIP","ELLA",19,0.0318880081176758,434.701031208038,26.0515778064728,1.92224431037903
0.0162344072807791,-0.393213217845187,"rate_effect","SLC17A7","DESeq2",19,0.0304415225982666,438.606535673141,24.8661851882935,1.91352796554565
-4.37298115009635,0,"rate_effect","PVALB","DESeq2",19,0.032750129699707,438.608156204224,26.6019434928894,1.87204194068909
0.014080980870386,0,"rate_effect","TAC2","DESeq2",19,0.0291445255279541,421.407907009125,22.5907454490662,1.87196683883667
0.0121570543032708,0,"rate_effect","VIP","DESeq2",19,0.961971044540405,427.296780824661,28.2648706436157,1.92194104194641
0.0495939861279432,1,"FSE","SLC17A7","DESeq2",19,0.0310268402099609,433.440595388412,28.0865998268127,1.92976903915405
0,0,"FSE","PVALB","DESeq2",19,0.0276010036468506,448.544350624084,28.3334722518921,1.90699672698975
0.423292621947461,0,"FSE","TAC2","DESeq2",19,0.033125638961792,437.187759637833,25.8857131004333,1.94445037841797
0.423292621947461,0,"FSE","VIP","DESeq2",19,0.0310487747192383,416.92185997963,34.7796940803528,1.96136689186096
-0.00475279226499161,0.0998824981506914,"rate_effect","PVALB","wisp",20,0.0298552513122559,429.006608963013,28.0748641490936,1.91984724998474
0.163648213016245,0,"rate_effect","SLC17A7","wisp",20,0.027881383895874,427.94335269928,29.6661524772644,1.91626119613647
-0.0166793453926956,0,"rate_effect","TAC2","wisp",20,0.0307164192199707,431.815202474594,29.9965281486511,1.88038921356201
-0.136327231587992,0,"rate_effect","VIP","wisp",20,0.031790018081665,415.090425491333,28.7477598190308,1.97158217430115
0.255344330744445,-0.117792185395956,"random_effect","replicate1","wisp",20,0.961175680160522,446.45299243927,25.8177356719971,1.91986060142517
0.17312804184533,-0.120881830342114,"random_effect","replicate2","wisp",20,0.0292866230010986,468.735806465149,25.6810131072998,1.88051891326904
-0.446422875424919,-0.377346919849515,"random_effect","replicate3","wisp",20,0.0333788394927979,430.931964159012,27.3349032402039,1.9478747844696
0.238923184366494,-0.120147029170766,"random_effect","replicate4","wisp",20,0.0313360691070557,430.072258234024,32.5169382095337,1.92294645309448
1.23931623931624,1,"FSE","PVALB","wisp",20,0.0320706367492676,410.121573209763,23.7532002925873,1.94743466377258
2.3385989010989,0,"FSE","SLC17A7","wisp",20,0.0284214019775391,455.047101974487,29.9072344303131,1.901535987854
1.64115884115884,0,"FSE","TAC2","wisp",20,0.0273256301879883,418.158571958542,29.1062133312225,1.88763666152954
0.804679695304695,0,"FSE","VIP","wisp",20,0.0296573638916016,428.122677564621,30.82168841362,1.92050409317017
0.990843943903062,0,"SVG","PVALB","ELLA",20,0.0289463996887207,427.728178977966,32.8114042282104,1.94097876548767
0.997559472136713,1,"SVG","SLC17A7","ELLA",20,0.0289764404296875,423.737015485764,28.5979809761047,1.92490077018738
0.911211721873782,0,"SVG","TAC2","ELLA",20,0.0297586917877197,456.613583087921,28.417432308197,1.88906669616699
0.785552115670654,0,"SVG","VIP","ELLA",20,0.0328109264373779,420.884456634521,22.5742952823639,2.0883207321167
0.000201643882689376,0.0998824981506914,"rate_effect","SLC17A7","DESeq2",20,0.0276672840118408,424.830772399902,28.9470098018646,1.93059301376343
-0.000107002204584743,0,"rate_effect","PVALB","DESeq2",20,0.0286664962768555,437.511374950409,26.4271965026855,2.01169347763062
-1.19130129234412e-05,0,"rate_effect","TAC2","DESeq2",20,0.0293729305267334,464.370765447617,28.4331409931183,1.92028284072876
8.73187336592265e-05,0,"rate_effect","VIP","DESeq2",20,0.0321409702301025,403.638920783997,24.1360626220703,1.98838710784912
0.863415826508496,1,"FSE","SLC17A7","DESeq2",20,0.0281195640563965,414.873692512512,23.5046339035034,1.91408538818359
0.87269586731455,0,"FSE","PVALB","DESeq2",20,0.963593482971191,429.04301905632,34.2810742855072,1.96899151802063
0.87269586731455,0,"FSE","TAC2","DESeq2",20,1.88674259185791,417.523854017258,26.3215594291687,1.88364768028259
0.87269586731455,0,"FSE","VIP","DESeq2",20,0.0296945571899414,421.218112707138,27.146746635437,1.96816301345825
0.0267178819759017,0,"rate_effect","PVALB","wisp",21,0.0303440093994141,441.318182468414,32.5797770023346,1.93074917793274
0.0556098999650427,0,"rate_effect","SLC17A7","wisp",21,0.0316970348358154,431.787833929062,26.038455247879,1.94249320030212
0.00155085645497828,0,"rate_effect","TAC2","wisp",21,0.0272305011749268,441.372266292572,32.3179461956024,1.85554122924805
-0.013197145873292,0,"rate_effect","VIP","wisp",21,0.0315840244293213,424.107073545456,30.2552561759949,1.88771200180054
0.238031307937818,-0.0734735915903002,"random_effect","replicate1","wisp",21,0.0327708721160889,420.323094844818,23.4643216133118,1.9144229888916
-0.294600867516726,-0.234881902812049,"random_effect","replicate2","wisp",21,0.0276579856872559,448.618867874146,29.8870091438293,1.93364334106445
0.320656802071123,0.0540621895343065,"random_effect","replicate3","wisp",21,0.031425952911377,375.935034036636,27.1698169708252,1.93180441856384
-0.313031063896382,-0.277353702113032,"random_effect","replicate4","wisp",21,0.0269701480865479,429.70928645134,31.0543217658997,2.00865888595581
1.04387449285408,0,"FSE","PVALB","wisp",21,0.0327162742614746,437.831256628036,29.3419151306152,1.91435265541077
1.38749250749251,0,"FSE","SLC17A7","wisp",21,0.0288233757019043,431.461276769638,29.5254518985748,1.95789742469788
1.16389732716263,0,"FSE","TAC2","wisp",21,0.028160572052002,427.493983983994,24.4479246139526,1.92510008811951
0.864975024975025,0,"FSE","VIP","wisp",21,0.0265765190124512,465.420249700546,23.41534948349,1.87832069396973
0.98164790857754,0,"SVG","PVALB","ELLA",21,0.0311448574066162,435.724847555161,25.2409904003143,1.97131896018982
0.936181275021735,1,"SVG","SLC17A7","ELLA",21,0.0287723541259766,426.489372253418,30.498678445816,1.91572141647339
0.828158844275215,0,"SVG","TAC2","ELLA",21,0.028050422668457,433.407697439194,24.0474677085876,1.89630961418152
0.845330178291336,0,"SVG","VIP","ELLA",21,0.0294380187988281,417.568301677704,26.5134179592133,1.9169909954071
9.23962261984027e-05,0,"rate_effect","SLC17A7","DESeq2",21,0.0276269912719727,419.191938638687,32.9697706699371,1.88022470474243
2.37046709605394e-05,0,"rate_effect","PVALB","DESeq2",21,0.0316841602325439,430.204669237137,25.8227248191833,1.93337726593018
1.34444514955598e-05,0,"rate_effect","TAC2","DESeq2",21,0.0281548500061035,423.383732318878,27.5879828929901,2.00009894371033
-3.86960415029472e-05,0,"rate_effect","VIP","DESeq2",21,0.950234889984131,433.018593549728,25.3655872344971,1.8637535572052
0.904107061857004,0,"FSE","SLC17A7","DESeq2",21,0.0335521697998047,425.685601949692,28.7269361019135,1.95883941650391
0.904107061857004,0,"FSE","PVALB","DESeq2",21,0.0294747352600098,421.638487815857,30.5206129550934,1.83303546905518
0.932453148444826,0,"FSE","TAC2","DESeq2",21,0.0276050567626953,403.932096004486,19.2276413440704,1.78714275360107
0.904107061857004,0,"FSE","VIP","DESeq2",21,0.0286576747894287,408.298879146576,22.2654452323914,1.84356260299683
-0.00181295217419202,0,"rate_effect","PVALB","wisp",22,0.0274727344512939,411.141361951828,25.3585731983185,1.77027249336243
-0.0745331683467566,0,"rate_effect","SLC17A7","wisp",22,0.0304088592529297,414.141072034836,23.9539802074432,1.80440640449524
0.000329528344446629,0,"rate_effect","TAC2","wisp",22,0.0287880897521973,408.969439744949,30.3737318515778,1.77948665618896
0.360482780890911,0,"rate_effect","VIP","wisp",22,0.028679370880127,409.549560070038,22.5197160243988,1.75816679000854
0.262276236038085,-0.00224026944488287,"random_effect","replicate1","wisp",22,0.0275130271911621,403.635833740234,30.8150849342346,1.85015249252319
-0.341597788822818,-0.340344400145113,"random_effect","replicate2","wisp",22,0.0293619632720947,433.035242795944,27.7534692287445,1.79997277259827
-0.465936156566483,-0.406991614960134,"random_effect","replicate3","wisp",22,0.0276510715484619,418.054634571075,30.3133184909821,1.76283740997314
0.442659504026512,0.470614696620032,"random_effect","replicate4","wisp",22,0.0313279628753662,439.242620706558,24.6636564731598,1.80634546279907
0.731695085255767,0,"FSE","PVALB","wisp",22,0.0292425155639648,351.229082584381,27.6974363327026,1.83659362792969
1.35124122367101,0,"FSE","SLC17A7","wisp",22,0.0299062728881836,428.477724790573,27.0271451473236,1.79152250289917
0.660575476429288,0,"FSE","TAC2","wisp",22,0.028439998626709,400.481114149094,25.8864300251007,1.79541492462158
0.244817786693414,0,"FSE","VIP","wisp",22,0.895889282226562,416.329598903656,25.5795469284058,1.76463961601257
0.885808781706233,1,"SVG","PVALB","ELLA",22,0.0301418304443359,397.71418094635,28.2146577835083,1.78049683570862
0.918331099603015,1,"SVG","SLC17A7","ELLA",22,0.0305290222167969,413.912841081619,30.5826287269592,1.81949877738953
2.20007283879831e-06,1,"SVG","TAC2","ELLA",22,0.0295813083648682,405.915508031845,25.7490229606628,1.80578708648682
0.84851302652579,1,"SVG","VIP","ELLA",22,0.0276761054992676,401.609362363815,23.6494569778442,1.81292271614075
-0.000103025261129128,0,"rate_effect","SLC17A7","DESeq2",22,0.0274889469146729,409.212975025177,25.6452651023865,1.82821798324585
-3.21175738310785e-05,0,"rate_effect","PVALB","DESeq2",22,0.0307917594909668,414.806458950043,29.2246925830841,1.80796146392822
4.20254489796837e-05,0,"rate_effect","TAC2","DESeq2",22,0.0279734134674072,423.394227981567,30.1006395816803,1.78223991394043
0.00107765989524997,0,"rate_effect","VIP","DESeq2",22,0.0319101810455322,426.406829357147,27.4714765548706,1.80058145523071
0.644183265383752,0,"FSE","SLC17A7","DESeq2",22,0.029646635055542,402.189610004425,27.126549243927,1.84013605117798
0.475990836914355,0,"FSE","PVALB","DESeq2",22,0.0317471027374268,435.770930051804,27.0759134292603,1.74023652076721
0.475990836914355,0,"FSE","TAC2","DESeq2",22,0.028592586517334,408.307660102844,29.5158882141113,1.77786779403687
0.644183265383752,0,"FSE","VIP","DESeq2",22,0.0283982753753662,411.093592882156,27.4431064128876,1.73424339294434
9.0204653257293e-05,0,"rate_effect","PVALB","wisp",23,0.0274736881256104,406.61597943306,31.6404249668121,1.80775022506714
-0.0126732720048007,0,"rate_effect","SLC17A7","wisp",23,0.0311400890350342,408.279498338699,23.8222887516022,1.86932563781738
0.127350738562596,0.0384562134277076,"rate_effect","TAC2","wisp",23,0.0311648845672607,409.458102464676,26.5550758838654,1.80131101608276
0.0277605228447818,0,"rate_effect","VIP","wisp",23,0.029813289642334,411.923641443253,23.8093945980072,1.76051712036133
-0.231861966619778,-0.101499438052997,"random_effect","replicate1","wisp",23,0.0329639911651611,405.545966625214,31.5916204452515,1.78944897651672
0.215552087277839,0.180059688165784,"random_effect","replicate2","wisp",23,0.0260028839111328,425.389599561691,24.1233968734741,1.78804445266724
0.342708859159616,0.47462382633239,"random_effect","replicate3","wisp",23,0.0357918739318848,398.119257926941,28.8584458827972,1.83746886253357
-0.37328178017863,-0.23253461997956,"random_effect","replicate4","wisp",23,0.0309436321258545,418.349713802338,35.2129671573639,1.8385636806488
1.02445702445702,0,"FSE","PVALB","wisp",23,0.0236492156982422,406.516528367996,25.677962064743,1.86991882324219
2.03404758506799,0,"FSE","SLC17A7","wisp",23,0.0269579887390137,425.068669080734,31.497305393219,1.86204314231873
1.16597688026259,1,"FSE","TAC2","wisp",23,0.0278401374816895,422.368977308273,21.9365797042847,1.84537696838379
1.46758796758797,0,"FSE","VIP","wisp",23,0.0262370109558105,430.461272001266,26.6901309490204,1.90605521202087
0.931854230155612,0,"SVG","PVALB","ELLA",23,0.0279896259307861,412.056294202805,28.827924489975,2.02909517288208
0.822149728167863,0,"SVG","SLC17A7","ELLA",23,0.0239815711975098,437.154964923859,21.9802222251892,1.92869520187378
4.40004385149351e-07,1,"SVG","TAC2","ELLA",23,0.0296258926391602,422.03987288475,33.1828806400299,1.90689778327942
0.894426781541629,0,"SVG","VIP","ELLA",23,0.0269100666046143,453.455007553101,24.2923212051392,1.84552454948425
-0.00925002002775205,0,"rate_effect","SLC17A7","DESeq2",23,0.0264310836791992,436.033627033234,27.4141705036163,1.84341669082642
-0.00696154758916085,0,"rate_effect","PVALB","DESeq2",23,0.030048131942749,416.873572587967,22.743204832077,1.89280819892883
0.216057252115304,0.0384562134277076,"rate_effect","TAC2","DESeq2",23,0.026158332824707,418.94610118866,26.0069177150726,1.88708782196045
-0.0114087237662599,0,"rate_effect","VIP","DESeq2",23,0.02978515625,411.92558836937,23.0960333347321,1.92023396492004
0.128286020885992,0,"FSE","SLC17A7","DESeq2",23,0.0285301208496094,440.837086200714,25.1775932312012,1.9048330783844
0.483412029231051,0,"FSE","PVALB","DESeq2",23,0.0287730693817139,418.37282538414,26.0856287479401,2.60899710655212
3.53106409513576e-41,1,"FSE","TAC2","DESeq2",23,0.0306224822998047,420.641088485718,27.347541809082,1.87631368637085
0.483412029231051,0,"FSE","VIP","DESeq2",23,0.0251264572143555,428.662610292435,21.5447599887848,1.84871196746826
0.592429941401338,0.19655186496675,"rate_effect","PVALB","wisp",24,0.0291104316711426,427.803039550781,30.6923115253448,1.89639258384705
1.02411009589802,0.335399746196344,"rate_effect","SLC17A7","wisp",24,0.0312936305999756,424.708827018738,25.2575786113739,1.85999202728271
0.906874039862863,0.303513675229624,"rate_effect","TAC2","wisp",24,0.0281896591186523,432.656529903412,24.8084371089935,1.89901542663574
-0.0259682286423502,0,"rate_effect","VIP","wisp",24,0.031583309173584,427.925946950912,26.4291985034943,1.92317056655884
-0.257522370405716,-0.116890050005168,"random_effect","replicate1","wisp",24,0.0287032127380371,424.533989191055,32.605699300766,1.91907668113708
0.306297198263168,0.432598557556048,"random_effect","replicate2","wisp",24,0.0302207469940186,439.701268434525,32.080885887146,1.9224226474762
0.152223007873691,0.113299644785002,"random_effect","replicate3","wisp",24,0.0275440216064453,423.768881559372,22.7086806297302,1.91026425361633
-0.268111409154323,-0.139144895831123,"random_effect","replicate4","wisp",24,0.0284562110900879,418.428074121475,25.0440411567688,1.86522579193115
0.57475,1,"FSE","PVALB","wisp",24,0.0321822166442871,423.145944595337,28.5050308704376,1.88742089271545
0.0041875,1,"FSE","SLC17A7","wisp",24,1.83389782905579,428.387951374054,27.2869317531586,1.97345232963562
0.077,1,"FSE","TAC2","wisp",24,0.029057502746582,342.884785890579,24.0696587562561,1.93395066261292
1.07724,0,"FSE","VIP","wisp",24,0.0272171497344971,438.251104593277,21.7468342781067,1.89160752296448
0.940389778648081,1,"SVG","PVALB","ELLA",24,0.0269596576690674,421.046288967133,23.9341967105865,1.92022323608398
0.898306000399955,1,"SVG","SLC17A7","ELLA",24,0.0296871662139893,413.815036773682,29.3492894172668,1.99918484687805
7.33334919289508e-07,1,"SVG","TAC2","ELLA",24,0.0308065414428711,436.233450174332,30.0629839897156,1.94655609130859
0.821305291788031,0,"SVG","VIP","ELLA",24,0.0267951488494873,437.389758586884,29.0803780555725,1.91891193389893
0.309897584486885,0.19655186496675,"rate_effect","SLC17A7","DESeq2",24,0.0312454700469971,421.801689386368,32.9749879837036,1.85251688957214
-0.221723520535441,0.335399746196344,"rate_effect","PVALB","DESeq2",24,0.0282926559448242,412.800875425339,32.2108843326569,2.01232624053955
0.221602082939914,0.303513675229624,"rate_effect","TAC2","DESeq2",24,0.0285141468048096,415.758309602737,22.5008878707886,1.89890432357788
-1.17002009681396,0,"rate_effect","VIP","DESeq2",24,0.0309028625488281,448.807687759399,27.4583051204681,2.57047271728516
0,1,"FSE","SLC17A7","DESeq2",24,0.0265467166900635,425.658793926239,26.1612327098846,1.99357652664185
2.07659514212294e-146,1,"FSE","PVALB","DESeq2",24,0.0303549766540527,419.892758131027,27.2944993972778,1.90579128265381
5.51080793901236e-72,1,"FSE","TAC2","DESeq2",24,0.0257844924926758,423.843417406082,27.4935083389282,1.95272493362427
0,0,"FSE","VIP","DESeq2",24,0.0316722393035889,419.851747989655,33.067813873291,1.91422843933105
-0.0081562369224812,0,"rate_effect","PVALB","wisp",25,0.0286879539489746,432.175387382507,25.0857548713684,1.89460062980652
-0.0133278127668114,0,"rate_effect","SLC17A7","wisp",25,0.02815842628479,433.26940369606,29.9820668697357,1.89951992034912
0.0189277523640227,0,"rate_effect","TAC2","wisp",25,0.0281815528869629,422.863761901855,31.7035093307495,1.87914896011353
-0.139313334292692,0,"rate_effect","VIP","wisp",25,0.0313327312469482,419.048016548157,28.450918674469,1.91853785514832
-0.29744580851918,-0.304702179972082,"random_effect","replicate1","wisp",25,0.0285539627075195,428.176956653595,28.7329323291779,1.9428985118866
0.503000350533633,0.444049649173394,"random_effect","replicate2","wisp",25,0.0334653854370117,448.894484519958,26.7565746307373,1.9282500743866
-0.632569277800395,-0.464274531695992,"random_effect","replicate3","wisp",25,0.0286557674407959,431.972440481186,31.2850565910339,1.88315010070801
0.402114081120634,0.0910555929876864,"random_effect","replicate4","wisp",25,0.0300242900848389,424.963372707367,22.1425814628601,1.95683145523071
4.67332667332667,0,"FSE","PVALB","wisp",25,0.0302369594573975,418.386739492416,27.6639943122864,1.88131093978882
1.21825396825397,0,"FSE","SLC17A7","wisp",25,0.0300443172454834,421.28426527977,26.8966805934906,1.87866401672363
1.34543234543235,0,"FSE","TAC2","wisp",25,0.0321400165557861,442.835676431656,31.8027515411377,1.93642425537109
0.517045454545455,0,"FSE","VIP","wisp",25,0.0286946296691895,454.172886371613,20.994350194931,1.92745304107666
0.95232616600379,1,"SVG","PVALB","ELLA",25,0.0270276069641113,426.286192655563,29.4402439594269,1.9688024520874
0.986643954551095,0,"SVG","SLC17A7","ELLA",25,0.028942346572876,426.630576610565,26.7875216007233,1.85739088058472
0.948945228389497,0,"SVG","TAC2","ELLA",25,0.0292212963104248,403.239965200424,18.2296206951141,1.95345449447632
2.20006730972111e-06,1,"SVG","VIP","ELLA",25,0.0291359424591064,437.543063640594,30.7751030921936,1.94943451881409
-7.73841200096995e-05,0,"rate_effect","SLC17A7","DESeq2",25,0.0285475254058838,424.828949689865,29.1811516284943,1.91415333747864
-1.69196794198273e-05,0,"rate_effect","PVALB","DESeq2",25,0.0288188457489014,410.777765274048,29.7327396869659,1.89316058158875
1.6424280523725e-05,0,"rate_effect","TAC2","DESeq2",25,0.032414436340332,419.698316812515,29.1467514038086,1.89908075332642
-2.13544584909592e-05,0,"rate_effect","VIP","DESeq2",25,0.0276556015014648,420.921313047409,29.8099269866943,1.88652443885803
0.624556177868308,0,"FSE","SLC17A7","DESeq2",25,0.0273778438568115,421.405151367188,26.7447578907013,1.91813373565674
0.792303018481191,0,"FSE","PVALB","DESeq2",25,0.031156063079834,429.191378355026,28.5962595939636,1.9064519405365
0.624556177868308,0,"FSE","TAC2","DESeq2",25,0.0286152362823486,427.424861907959,26.4314243793488,1.93819808959961
0.624556177868308,0,"FSE","VIP","DESeq2",25,0.0281038284301758,418.824084997177,25.559473991394,2.10096716880798
-0.436712719766557,-0.114879452623427,"rate_effect","PVALB","wisp",26,0.0306472778320312,466.21201300621,29.5179445743561,1.95194005966187
-1.0299991045346,-0.115502113010734,"rate_effect","SLC17A7","wisp",26,0.0272939205169678,428.564567327499,28.1826069355011,1.93955206871033
0.00530163368035017,0,"rate_effect","TAC2","wisp",26,0.0268537998199463,428.62980222702,28.0788650512695,1.86716628074646
-0.213273904233724,-0.059181091375649,"rate_effect","VIP","wisp",26,0.0316793918609619,433.665621757507,28.1941282749176,1.93836879730225
-0.0636334115746396,0.014249101979658,"random_effect","replicate1","wisp",26,0.03013014793396,428.914049386978,27.9392147064209,1.9660108089447
-0.330558757290206,-0.167739485157654,"random_effect","replicate2","wisp",26,0.0287206172943115,433.117321252823,28.3073542118073,1.88844609260559
0.310244108863071,0.421475102659315,"random_effect","replicate3","wisp",26,0.0285968780517578,418.431674480438,33.0067012310028,1.91616630554199
0.0874061578459228,0.0763849704526365,"random_effect","replicate4","wisp",26,0.0298805236816406,434.249496936798,27.1291103363037,1.91533708572388
0.114062186559679,1,"FSE","PVALB","wisp",26,0.0283896923065186,421.070561885834,30.8779003620148,1.90010547637939
0.27346038114343,1,"FSE","SLC17A7","wisp",26,0.029975414276123,428.989985227585,23.9281105995178,1.94244980812073
1.8749582079572,0,"FSE","TAC2","wisp",26,0.0299692153930664,457.875961065292,31.8868365287781,1.89758825302124
0.233353120586249,1,"FSE","VIP","wisp",26,0.02939772605896,417.147555589676,23.9216980934143,1.87791299819946
0.967290668732063,1,"SVG","PVALB","ELLA",26,0.0280909538269043,416.846960306168,27.8313653469086,1.94330286979675
0.981846548297221,1,"SVG","SLC17A7","ELLA",26,0.0304865837097168,344.447868108749,27.1202914714813,1.91046500205994
0.865736540477705,0,"SVG","TAC2","ELLA",26,0.029170036315918,439.159169435501,28.2010991573334,1.95590901374817
0.855891036135965,1,"SVG","VIP","ELLA",26,0.0297019481658936,437.935654640198,30.1933093070984,1.91210222244263
-0.186331753798067,-0.114879452623427,"rate_effect","SLC17A7","DESeq2",26,0.027332067489624,424.346310138702,25.7669529914856,1.95130276679993
-0.191031432235458,-0.115502113010734,"rate_effect","PVALB","DESeq2",26,0.0291640758514404,437.639401674271,30.6169512271881,1.97665858268738
0.56708703434294,0,"rate_effect","TAC2","DESeq2",26,0.0300407409667969,426.175881147385,30.7624077796936,1.87547874450684
0.184878211971507,-0.059181091375649,"rate_effect","VIP","DESeq2",26,0.0379784107208252,431.229801654816,21.6975998878479,1.9074375629425
2.08412357829702e-71,1,"FSE","SLC17A7","DESeq2",26,0.0266921520233154,428.557741880417,22.2550806999207,1.90938234329224
1.39661129643442e-44,1,"FSE","PVALB","DESeq2",26,0.0271389484405518,437.074442386627,26.5238418579102,1.91658329963684
5.35293014870297e-222,0,"FSE","TAC2","DESeq2",26,0.0304219722747803,437.910945653915,22.326967716217,1.87165641784668
2.58432766074036e-30,1,"FSE","VIP","DESeq2",26,0.0298922061920166,438.342940330505,27.465437412262,1.94656467437744
0.00284528348558054,0,"rate_effect","PVALB","wisp",27,0.0309114456176758,435.115567207336,31.1347949504852,1.98431396484375
0.00350239870495848,0,"rate_effect","SLC17A7","wisp",27,0.0306754112243652,438.493384361267,28.8851320743561,1.9389660358429
0.945880082303918,0.421138281002641,"rate_effect","TAC2","wisp",27,0.0304248332977295,448.30394411087,32.6194403171539,1.90953707695007
-0.318938293093132,-0.0892516516614705,"rate_effect","VIP","wisp",27,0.0324821472167969,415.358382225037,32.2989933490753,1.89722228050232
0.155917278808335,0.154355104081333,"random_effect","replicate1","wisp",27,0.0308408737182617,436.328069925308,27.416788816452,1.91525959968567
-0.298927739157109,-0.155067334882915,"random_effect","replicate2","wisp",27,0.0313224792480469,427.341772556305,28.5475046634674,1.95126700401306
0.279098083093025,0.366928139002994,"random_effect","replicate3","wisp",27,0.0268018245697021,431.519038438797,28.7881174087524,1.92720103263855
-0.161330546421283,-0.0287444668356329,"random_effect","replicate4","wisp",27,0.0292632579803467,428.10148024559,30.4223482608795,1.970871925354
1.60064425370548,0,"FSE","PVALB","wisp",27,0.0282788276672363,405.253556966782,25.0135204792023,2.00466966629028
2.50437562437562,0,"FSE","SLC17A7","wisp",27,0.0284509658813477,431.580227851868,27.9698166847229,1.89975738525391
0.0134265734265734,1,"FSE","TAC2","wisp",27,0.0286874771118164,430.834863185883,27.7004799842834,1.89838004112244
0.521091153744215,1,"FSE","VIP","wisp",27,0.0305662155151367,442.693529844284,26.6938269138336,1.96454334259033
0.785398625854983,0,"SVG","PVALB","ELLA",27,0.02779221534729,451.127518415451,26.0369720458984,1.90947294235229
0.895452177324827,0,"SVG","SLC17A7","ELLA",27,0.0288090705871582,419.77030134201,25.7107317447662,1.97353386878967
7.3333807193432e-07,1,"SVG","TAC2","ELLA",27,0.0304677486419678,425.153422117233,24.997104883194,1.92307567596436
0.888782687195848,1,"SVG","VIP","ELLA",27,0.0301992893218994,437.201149463654,31.2977366447449,1.96999192237854
0.00107235445600565,0,"rate_effect","SLC17A7","DESeq2",27,0.0317413806915283,419.524928569794,21.2905933856964,1.96289253234863
-0.000753487384469956,0,"rate_effect","PVALB","DESeq2",27,0.0284855365753174,446.937193155289,28.4970102310181,1.91163372993469
1.74496179744684,0.421138281002641,"rate_effect","TAC2","DESeq2",27,0.0274665355682373,444.712888479233,23.9891443252563,1.87488484382629
-0.591127198569428,-0.0892516516614705,"rate_effect","VIP","DESeq2",27,0.0323386192321777,417.759402275085,25.2549314498901,1.89371967315674
0.913737059070609,0,"FSE","SLC17A7","DESeq2",27,0.0282852649688721,416.854083061218,30.6044044494629,1.92660236358643
0.919905893040594,0,"FSE","PVALB","DESeq2",27,0.0322670936584473,421.5183634758,31.4342231750488,1.93913173675537
0,1,"FSE","TAC2","DESeq2",27,0.0289487838745117,448.733220338821,26.4758231639862,1.96097540855408
9.98990581285633e-194,1,"FSE","VIP","DESeq2",27,0.0280981063842773,427.417523622513,30.1986346244812,1.98125243186951
0.000477108856923009,0,"rate_effect","PVALB","wisp",28,0.0323467254638672,453.860027313232,30.1176075935364,1.94006776809692
-0.00375367676508712,0.212889823596925,"rate_effect","SLC17A7","wisp",28,0.0279364585876465,419.111906051636,30.3025121688843,1.82835912704468
0.0180879450465306,0,"rate_effect","TAC2","wisp",28,0.0278191566467285,422.150298118591,25.0138621330261,1.9052460193634
0.239700363476922,0,"rate_effect","VIP","wisp",28,0.975653648376465,431.828337192535,27.9934065341949,1.96088552474976
0.307128939447246,0.440223173936829,"random_effect","replicate1","wisp",28,0.0273873805999756,417.86593914032,26.1573016643524,1.92815375328064
-0.328886952893789,-0.180249719182029,"random_effect","replicate2","wisp",28,0.0301876068115234,421.714729070663,36.1966271400452,1.85416579246521
0.194739353558994,0.226364359725267,"random_effect","replicate3","wisp",28,0.966925382614136,423.18149805069,28.2153370380402,1.94660639762878
-0.218826625790181,-0.0300106813665479,"random_effect","replicate4","wisp",28,0.959918260574341,411.49706864357,21.0312209129333,1.96745443344116
2.62797222222222,0,"FSE","PVALB","wisp",28,0.0286843776702881,424.162430047989,28.4714119434357,1.95679402351379
1.86038888888889,1,"FSE","SLC17A7","wisp",28,0.0275018215179443,424.953616142273,28.753488779068,1.89107203483582
1.39367901234568,0,"FSE","TAC2","wisp",28,0.0303053855895996,413.682648897171,32.5513451099396,1.86874127388
1.26534567901235,0,"FSE","VIP","wisp",28,0.0296225547790527,418.972558736801,22.28346991539,1.91441702842712
0.886354657229138,0,"SVG","PVALB","ELLA",28,0.0314235687255859,439.402960062027,22.7104434967041,2.06456971168518
0.835341195098212,0,"SVG","SLC17A7","ELLA",28,0.0252742767333984,437.390397071838,23.8163566589355,1.89545559883118
0.851580741416682,0,"SVG","TAC2","ELLA",28,0.0300617218017578,435.108697414398,30.1848514080048,1.95747828483582
0.856933199957406,1,"SVG","VIP","ELLA",28,0.0281143188476562,417.028471469879,30.4718544483185,1.9316611289978
0.00397765752813308,0,"rate_effect","SLC17A7","DESeq2",28,0.0322134494781494,428.645718336105,24.1389372348785,1.9397451877594
0.000181818985333591,0.212889823596925,"rate_effect","PVALB","DESeq2",28,0.0293436050415039,437.016592979431,28.5908098220825,2.00542783737183
-4.25741607777395e-05,0,"rate_effect","TAC2","DESeq2",28,0.0281786918640137,436.223310709,33.0396196842194,1.87908291816711
-0.000116768913961056,0,"rate_effect","VIP","DESeq2",28,0.0291585922241211,432.003209590912,25.8684644699097,1.98139333724976
0.0279474813720139,0,"FSE","SLC17A7","DESeq2",28,0.0310695171356201,421.0782122612,30.3165369033813,1.92700958251953
0.195795893280056,1,"FSE","PVALB","DESeq2",28,0.0277640819549561,416.96134018898,25.3891241550446,1.93578004837036
0.553289145803811,0,"FSE","TAC2","DESeq2",28,0.0296456813812256,423.063416242599,22.6420071125031,1.89431571960449
0.131439812661809,0,"FSE","VIP","DESeq2",28,0.0282070636749268,430.799074888229,28.9197087287903,2.02877569198608
-0.00633321099379586,0,"rate_effect","PVALB","wisp",29,0.028740406036377,411.27406167984,27.1586208343506,1.95289063453674
-0.00511865959262305,0,"rate_effect","SLC17A7","wisp",29,0.0296759605407715,424.28426527977,28.5306944847107,1.97954940795898
-0.0437357383832775,0,"rate_effect","TAC2","wisp",29,0.0315585136413574,424.110975265503,25.9745590686798,1.83040857315063
-0.0170337933297031,0,"rate_effect","VIP","wisp",29,0.0303142070770264,426.358679771423,27.514014005661,1.85209774971008
0.147087521265729,0.391981550026685,"random_effect","replicate1","wisp",29,0.0279641151428223,422.353990077972,28.4563901424408,1.88063788414001
-0.0927728893330571,0.146360607352108,"random_effect","replicate2","wisp",29,0.029841423034668,455.733216524124,28.087949514389,1.87526679039001
0.122595534871207,0.237122104503214,"random_effect","replicate3","wisp",29,0.0290489196777344,428.638993501663,24.4395961761475,1.97462296485901
-0.217023772549457,0.0386156300082803,"random_effect","replicate4","wisp",29,0.0295510292053223,423.189258098602,21.3554708957672,1.91519999504089
1.56761111111111,0,"FSE","PVALB","wisp",29,0.0303323268890381,446.011021852493,29.9634885787964,1.95551204681396
1.72316,0,"FSE","SLC17A7","wisp",29,0.0277292728424072,425.692224502563,29.5691344738007,1.90439701080322
0.779,0,"FSE","TAC2","wisp",29,0.935065746307373,409.268024206161,26.510181427002,1.97003269195557
1.01379591836735,0,"FSE","VIP","wisp",29,0.0277588367462158,420.036387681961,27.1086444854736,1.88512778282166
0.828363395479938,0,"SVG","PVALB","ELLA",29,0.028433084487915,435.003904342651,22.8738830089569,1.87973070144653
0.966626758987027,0,"SVG","SLC17A7","ELLA",29,0.0291740894317627,422.846745491028,27.8921658992767,1.93611168861389
0.920301057455269,1,"SVG","TAC2","ELLA",29,0.0325593948364258,422.382641553879,32.2758796215057,1.92639994621277
0.863399331192112,0,"SVG","VIP","ELLA",29,0.0299866199493408,450.483470439911,27.4053957462311,1.90693759918213
0.000561988465228762,0,"rate_effect","SLC17A7","DESeq2",29,0.0297629833221436,434.546971559525,23.7330112457275,1.87679743766785
-0.000476816154456563,0,"rate_effect","PVALB","DESeq2",29,0.0338435173034668,436.816553592682,29.0492534637451,1.95362281799316
2.19462589954659e-05,0,"rate_effect","TAC2","DESeq2",29,0.027367115020752,422.633439302444,21.7879257202148,2.01387763023376
7.75943939149419e-05,0,"rate_effect","VIP","DESeq2",29,0.0304765701293945,341.904124975204,28.1543152332306,1.86765432357788
0.499111041201778,0,"FSE","SLC17A7","DESeq2",29,0.0292367935180664,428.609116077423,25.2551717758179,1.91724061965942
0.499111041201778,0,"FSE","PVALB","DESeq2",29,0.0310986042022705,444.368892192841,30.7688519954681,1.91700601577759
0.659356834491452,0,"FSE","TAC2","DESeq2",29,0.0286846160888672,433.176414728165,25.6008260250092,2.11447739601135
0.499111041201778,0,"FSE","VIP","DESeq2",29,0.0247077941894531,429.265485286713,29.3011937141418,1.89909911155701
-0.17350578904122,0,"rate_effect","PVALB","wisp",30,0.0279552936553955,442.510897397995,34.6902959346771,1.89492797851562
0.148247344400227,0,"rate_effect","SLC17A7","wisp",30,0.0318880081176758,434.701031208038,26.0515778064728,1.92224431037903
-0.307753457821391,0,"rate_effect","TAC2","wisp",30,0.0304415225982666,438.606535673141,24.8661851882935,1.91352796554565
0.639992100103179,0.426882261643186,"rate_effect","VIP","wisp",30,0.032750129699707,438.608156204224,26.6019434928894,1.87204194068909
-0.547691731078856,-0.467527400702238,"random_effect","replicate1","wisp",30,0.0291445255279541,421.407907009125,22.5907454490662,1.87196683883667
0.479576386693332,0.321711323224008,"random_effect","replicate2","wisp",30,0.961971044540405,427.296780824661,28.2648706436157,1.92194104194641
-0.430507184076302,-0.431321751791984,"random_effect","replicate3","wisp",30,0.0310268402099609,433.440595388412,28.0865998268127,1.92976903915405
0.463923922789185,0.208597862860188,"random_effect","replicate4","wisp",30,0.0276010036468506,448.544350624084,28.3334722518921,1.90699672698975
0.846819846819846,0,"FSE","PVALB","wisp",30,0.033125638961792,437.187759637833,25.8857131004333,1.94445037841797
0.403846153846154,0,"FSE","SLC17A7","wisp",30,0.0310487747192383,416.92185997963,34.7796940803528,1.96136689186096
0.272687312687313,0,"FSE","TAC2","wisp",30,0.0298552513122559,429.006608963013,28.0748641490936,1.91984724998474
0.147879897879898,1,"FSE","VIP","wisp",30,0.027881383895874,427.94335269928,29.6661524772644,1.91626119613647
0.868288145718227,1,"SVG","PVALB","ELLA",30,0.0307164192199707,431.815202474594,29.9965281486511,1.88038921356201
0.776371679024252,1,"SVG","SLC17A7","ELLA",30,0.031790018081665,415.090425491333,28.7477598190308,1.97158217430115
1.1000082728585e-06,1,"SVG","TAC2","ELLA",30,0.961175680160522,446.45299243927,25.8177356719971,1.91986060142517
0.932468628111561,1,"SVG","VIP","ELLA",30,0.0292866230010986,468.735806465149,25.6810131072998,1.88051891326904
-0.011649435407332,0,"rate_effect","SLC17A7","DESeq2",30,0.0333788394927979,430.931964159012,27.3349032402039,1.9478747844696
-0.0158478021972988,0,"rate_effect","PVALB","DESeq2",30,0.0313360691070557,430.072258234024,32.5169382095337,1.92294645309448
-0.0190062767531455,0,"rate_effect","TAC2","DESeq2",30,0.0320706367492676,410.121573209763,23.7532002925873,1.94743466377258
1.76167112091651,0.426882261643186,"rate_effect","VIP","DESeq2",30,0.0284214019775391,455.047101974487,29.9072344303131,1.901535987854
0.468881023356791,0,"FSE","SLC17A7","DESeq2",30,0.0273256301879883,418.158571958542,29.1062133312225,1.88763666152954
0.468881023356791,0,"FSE","PVALB","DESeq2",30,0.0296573638916016,428.122677564621,30.82168841362,1.92050409317017
0.468881023356791,0,"FSE","TAC2","DESeq2",30,0.0289463996887207,427.728178977966,32.8114042282104,1.94097876548767
0,1,"FSE","VIP","DESeq2",30,0.0289764404296875,423.737015485764,28.5979809761047,1.92490077018738
-0.158356318859139,0,"rate_effect","PVALB","wisp",31,0.0297586917877197,456.613583087921,28.417432308197,1.88906669616699
-0.139145341949762,0,"rate_effect","SLC17A7","wisp",31,0.0328109264373779,420.884456634521,22.5742952823639,2.0883207321167
0.817670050459718,0.410251405555755,"rate_effect","TAC2","wisp",31,0.0276672840118408,424.830772399902,28.9470098018646,1.93059301376343
-1.63346708378458,-0.442954586585984,"rate_effect","VIP","wisp",31,0.0286664962768555,437.511374950409,26.4271965026855,2.01169347763062
-0.184321259818269,-0.207753607071936,"random_effect","replicate1","wisp",31,0.0293729305267334,464.370765447617,28.4331409931183,1.92028284072876
0.413528908894033,0.493290255777538,"random_effect","replicate2","wisp",31,0.0321409702301025,403.638920783997,24.1360626220703,1.98838710784912
-0.0241496896023171,-0.138314296957105,"random_effect","replicate3","wisp",31,0.0281195640563965,414.873692512512,23.5046339035034,1.91408538818359
-0.3668413948352,-0.354061337653548,"random_effect","replicate4","wisp",31,0.963593482971191,429.04301905632,34.2810742855072,1.96899151802063
0.752087912087912,0,"FSE","PVALB","wisp",31,1.88674259185791,417.523854017258,26.3215594291687,1.88364768028259
1.44443056943057,0,"FSE","SLC17A7","wisp",31,0.0296945571899414,421.218112707138,27.146746635437,1.96816301345825
0.477022977022977,1,"FSE","TAC2","wisp",31,0.0303440093994141,441.318182468414,32.5797770023346,1.93074917793274
0.10977910977911,1,"FSE","VIP","wisp",31,0.0316970348358154,431.787833929062,26.038455247879,1.94249320030212
0.880127748352625,1,"SVG","PVALB","ELLA",31,0.0272305011749268,441.372266292572,32.3179461956024,1.85554122924805
0.923984634257207,1,"SVG","SLC17A7","ELLA",31,0.0315840244293213,424.107073545456,30.2552561759949,1.88771200180054
1.09996584574112e-06,1,"SVG","TAC2","ELLA",31,0.0327708721160889,420.323094844818,23.4643216133118,1.9144229888916
2.20001674150483e-06,1,"SVG","VIP","ELLA",31,0.0276579856872559,448.618867874146,29.8870091438293,1.93364334106445
-0.00860511899739908,0,"rate_effect","SLC17A7","DESeq2",31,0.031425952911377,375.935034036636,27.1698169708252,1.93180441856384
0.0119242014945096,0,"rate_effect","PVALB","DESeq2",31,0.0269701480865479,429.70928645134,31.0543217658997,2.00865888595581
1.70896911287029,0.410251405555755,"rate_effect","TAC2","DESeq2",31,0.0327162742614746,437.831256628036,29.3419151306152,1.91435265541077
-6.25194552227895,-0.442954586585984,"rate_effect","VIP","DESeq2",31,0.0288233757019043,431.461276769638,29.5254518985748,1.95789742469788
0.139159957854533,0,"FSE","SLC17A7","DESeq2",31,0.028160572052002,427.493983983994,24.4479246139526,1.92510008811951
0.266035129890019,0,"FSE","PVALB","DESeq2",31,0.0265765190124512,465.420249700546,23.41534948349,1.87832069396973
0,1,"FSE","TAC2","DESeq2",31,0.0311448574066162,435.724847555161,25.2409904003143,1.97131896018982
0,1,"FSE","VIP","DESeq2",31,0.0287723541259766,426.489372253418,30.498678445816,1.91572141647339
-0.000798267456115377,0,"rate_effect","PVALB","wisp",32,0.028050422668457,433.407697439194,24.0474677085876,1.89630961418152
-0.0104401559411525,0,"rate_effect","SLC17A7","wisp",32,0.0294380187988281,417.568301677704,26.5134179592133,1.9169909954071
-0.0123134280077954,0,"rate_effect","TAC2","wisp",32,0.0276269912719727,419.191938638687,32.9697706699371,1.88022470474243
-1.19682553261643,-0.314258085330948,"rate_effect","VIP","wisp",32,0.0316841602325439,430.204669237137,25.8227248191833,1.93337726593018
0.258276809273378,-0.0086745850276202,"random_effect","replicate1","wisp",32,0.0281548500061035,423.383732318878,27.5879828929901,2.00009894371033
0.344259384448445,0.136335506802425,"random_effect","replicate2","wisp",32,0.950234889984131,433.018593549728,25.3655872344971,1.8637535572052
-0.556360801294067,-0.430261581437662,"random_effect","replicate3","wisp",32,0.0335521697998047,425.685601949692,28.7269361019135,1.95883941650391
0.298441927548188,0.0331657009664923,"random_effect","replicate4","wisp",32,0.0294747352600098,421.638487815857,30.5206129550934,1.83303546905518
1.22844502436339,0,"FSE","PVALB","wisp",32,0.0276050567626953,403.932096004486,19.2276413440704,1.78714275360107
1.10043018206284,0,"FSE","SLC17A7","wisp",32,0.0286576747894287,408.298879146576,22.2654452323914,1.84356260299683
2.1584015984016,0,"FSE","TAC2","wisp",32,0.0274727344512939,411.141361951828,25.3585731983185,1.77027249336243
0.0193406593406593,1,"FSE","VIP","wisp",32,0.0304088592529297,414.141072034836,23.9539802074432,1.80440640449524
0.950554310149745,0,"SVG","PVALB","ELLA",32,0.0287880897521973,408.969439744949,30.3737318515778,1.77948665618896
0.969090735628079,0,"SVG","SLC17A7","ELLA",32,0.028679370880127,409.549560070038,22.5197160243988,1.75816679000854
0.993338303330442,1,"SVG","TAC2","ELLA",32,0.0275130271911621,403.635833740234,30.8150849342346,1.85015249252319
0.858705466405158,1,"SVG","VIP","ELLA",32,0.0293619632720947,433.035242795944,27.7534692287445,1.79997277259827
0.0161534821559033,0,"rate_effect","SLC17A7","DESeq2",32,0.0276510715484619,418.054634571075,30.3133184909821,1.76283740997314
0.00395974807117029,0,"rate_effect","PVALB","DESeq2",32,0.0313279628753662,439.242620706558,24.6636564731598,1.80634546279907
0.0186394485035644,0,"rate_effect","TAC2","DESeq2",32,0.0292425155639648,351.229082584381,27.6974363327026,1.83659362792969
-2.80815968170832,-0.314258085330948,"rate_effect","VIP","DESeq2",32,0.0299062728881836,428.477724790573,27.0271451473236,1.79152250289917
0.15900176046011,0,"FSE","SLC17A7","DESeq2",32,0.028439998626709,400.481114149094,25.8864300251007,1.79541492462158
0.768658520483098,0,"FSE","PVALB","DESeq2",32,0.895889282226562,416.329598903656,25.5795469284058,1.76463961601257
0.432243001091815,0,"FSE","TAC2","DESeq2",32,0.0301418304443359,397.71418094635,28.2146577835083,1.78049683570862
0,1,"FSE","VIP","DESeq2",32,0.0305290222167969,413.912841081619,30.5826287269592,1.81949877738953
0.0119319683626296,0,"rate_effect","PVALB","wisp",33,0.0295813083648682,405.915508031845,25.7490229606628,1.80578708648682
0.557616376416943,0.155663468874991,"rate_effect","SLC17A7","wisp",33,0.0276761054992676,401.609362363815,23.6494569778442,1.81292271614075
-1.05639265806052,-0.278690886218101,"rate_effect","TAC2","wisp",33,0.0274889469146729,409.212975025177,25.6452651023865,1.82821798324585
-0.383031733830758,-0.149310727836564,"rate_effect","VIP","wisp",33,0.0307917594909668,414.806458950043,29.2246925830841,1.80796146392822
0.211899609094425,0.281811411958188,"random_effect","replicate1","wisp",33,0.0279734134674072,423.394227981567,30.1006395816803,1.78223991394043
-0.237804835779824,-0.0553117922972888,"random_effect","replicate2","wisp",33,0.0319101810455322,426.406829357147,27.4714765548706,1.80058145523071
0.0903310044458152,0.152121255174279,"random_effect","replicate3","wisp",33,0.029646635055542,402.189610004425,27.126549243927,1.84013605117798
0.0703345573320494,0.148760543204844,"random_effect","replicate4","wisp",33,0.0317471027374268,435.770930051804,27.0759134292603,1.74023652076721
1.16286491286491,0,"FSE","PVALB","wisp",33,0.028592586517334,408.307660102844,29.5158882141113,1.77786779403687
0.178221778221778,1,"FSE","SLC17A7","wisp",33,0.0283982753753662,411.093592882156,27.4431064128876,1.73424339294434
0,1,"FSE","TAC2","wisp",33,0.0274736881256104,406.61597943306,31.6404249668121,1.80775022506714
0.604728604728605,1,"FSE","VIP","wisp",33,0.0311400890350342,408.279498338699,23.8222887516022,1.86932563781738
0.873201672233594,0,"SVG","PVALB","ELLA",33,0.0311648845672607,409.458102464676,26.5550758838654,1.80131101608276
0.927741788774414,1,"SVG","SLC17A7","ELLA",33,0.029813289642334,411.923641443253,23.8093945980072,1.76051712036133
1.10000813757782e-06,1,"SVG","TAC2","ELLA",33,0.0329639911651611,405.545966625214,31.5916204452515,1.78944897651672
7.33336220970493e-07,1,"SVG","VIP","ELLA",33,0.0260028839111328,425.389599561691,24.1233968734741,1.78804445266724
1.26944535681659,0,"rate_effect","SLC17A7","DESeq2",33,0.0357918739318848,398.119257926941,28.8584458827972,1.83746886253357
0.497917859122465,0.155663468874991,"rate_effect","PVALB","DESeq2",33,0.0309436321258545,418.349713802338,35.2129671573639,1.8385636806488
-1.92429293819394,-0.278690886218101,"rate_effect","TAC2","DESeq2",33,0.0236492156982422,406.516528367996,25.677962064743,1.86991882324219
-0.497277296811591,-0.149310727836564,"rate_effect","VIP","DESeq2",33,0.0269579887390137,425.068669080734,31.497305393219,1.86204314231873
0,0,"FSE","SLC17A7","DESeq2",33,0.0278401374816895,422.368977308273,21.9365797042847,1.84537696838379
0,1,"FSE","PVALB","DESeq2",33,0.0262370109558105,430.461272001266,26.6901309490204,1.90605521202087
0,1,"FSE","TAC2","DESeq2",33,0.0279896259307861,412.056294202805,28.827924489975,2.02909517288208
9.8598485912623e-217,1,"FSE","VIP","DESeq2",33,0.0239815711975098,437.154964923859,21.9802222251892,1.92869520187378
0.000367801353058945,0,"rate_effect","PVALB","wisp",34,0.0296258926391602,422.03987288475,33.1828806400299,1.90689778327942
0.0107236732882272,0,"rate_effect","SLC17A7","wisp",34,0.0269100666046143,453.455007553101,24.2923212051392,1.84552454948425
-0.207412426670158,0,"rate_effect","TAC2","wisp",34,0.0264310836791992,436.033627033234,27.4141705036163,1.84341669082642
0.0202626939110314,0,"rate_effect","VIP","wisp",34,0.030048131942749,416.873572587967,22.743204832077,1.89280819892883
-0.794735137332554,-0.494625309249386,"random_effect","replicate1","wisp",34,0.026158332824707,418.94610118866,26.0069177150726,1.88708782196045
0.298456253544582,-0.247088136617094,"random_effect","replicate2","wisp",34,0.02978515625,411.92558836937,23.0960333347321,1.92023396492004
0.301440982242008,-0.24094639532268,"random_effect","replicate3","wisp",34,0.0285301208496094,440.837086200714,25.1775932312012,1.9048330783844
0.598625915750828,0.413856350351125,"random_effect","replicate4","wisp",34,0.0287730693817139,418.37282538414,26.0856287479401,2.60899710655212
1.35332667332667,0,"FSE","PVALB","wisp",34,0.0306224822998047,420.641088485718,27.347541809082,1.87631368637085
1.41666666666667,0,"FSE","SLC17A7","wisp",34,0.0251264572143555,428.662610292435,21.5447599887848,1.84871196746826
0.589797957144896,0,"FSE","TAC2","wisp",34,0.0291104316711426,427.803039550781,30.6923115253448,1.89639258384705
1.4014319014319,0,"FSE","VIP","wisp",34,0.0312936305999756,424.708827018738,25.2575786113739,1.85999202728271
0.834707062801701,0,"SVG","PVALB","ELLA",34,0.0281896591186523,432.656529903412,24.8084371089935,1.89901542663574
0.914274877660951,0,"SVG","SLC17A7","ELLA",34,0.031583309173584,427.925946950912,26.4291985034943,1.92317056655884
2.13638825841134e-06,1,"SVG","TAC2","ELLA",34,0.0287032127380371,424.533989191055,32.605699300766,1.91907668113708
0.884471965914066,0,"SVG","VIP","ELLA",34,0.0302207469940186,439.701268434525,32.080885887146,1.9224226474762
-5.94242501332146e-05,0,"rate_effect","SLC17A7","DESeq2",34,0.0275440216064453,423.768881559372,22.7086806297302,1.91026425361633
1.61763828819201e-05,0,"rate_effect","PVALB","DESeq2",34,0.0284562110900879,418.428074121475,25.0440411567688,1.86522579193115
-8.15849007290154e-06,0,"rate_effect","TAC2","DESeq2",34,0.0321822166442871,423.145944595337,28.5050308704376,1.88742089271545
4.07256156602187e-06,0,"rate_effect","VIP","DESeq2",34,1.83389782905579,428.387951374054,27.2869317531586,1.97345232963562
0.881128268316883,0,"FSE","SLC17A7","DESeq2",34,0.029057502746582,342.884785890579,24.0696587562561,1.93395066261292
0.881128268316883,0,"FSE","PVALB","DESeq2",34,0.0272171497344971,438.251104593277,21.7468342781067,1.89160752296448
0.881128268316883,0,"FSE","TAC2","DESeq2",34,0.0269596576690674,421.046288967133,23.9341967105865,1.92022323608398
0.881128268316883,0,"FSE","VIP","DESeq2",34,0.0296871662139893,413.815036773682,29.3492894172668,1.99918484687805
0.111294758290156,0,"rate_effect","PVALB","wisp",35,0.0308065414428711,436.233450174332,30.0629839897156,1.94655609130859
1.20342697043564,0.41678485320881,"rate_effect","SLC17A7","wisp",35,0.0267951488494873,437.389758586884,29.0803780555725,1.91891193389893
-0.0066116607731086,0,"rate_effect","TAC2","wisp",35,0.0312454700469971,421.801689386368,32.9749879837036,1.85251688957214
-0.544434534671553,-0.140885466476902,"rate_effect","VIP","wisp",35,0.0282926559448242,412.800875425339,32.2108843326569,2.01232624053955
-0.518430646836543,-0.359779705991969,"random_effect","replicate1","wisp",35,0.0285141468048096,415.758309602737,22.5008878707886,1.89890432357788
0.375775914072522,0.492428242694587,"random_effect","replicate2","wisp",35,0.0309028625488281,448.807687759399,27.4583051204681,2.57047271728516
0.234088793694255,0.123751048231497,"random_effect","replicate3","wisp",35,0.0265467166900635,425.658793926239,26.1612327098846,1.99357652664185
0.162369073126573,0.0362491270061582,"random_effect","replicate4","wisp",35,0.0303549766540527,419.892758131027,27.2944993972778,1.90579128265381
0.763636363636364,0,"FSE","PVALB","wisp",35,0.0257844924926758,423.843417406082,27.4935083389282,1.95272493362427
0.0318292818292817,1,"FSE","SLC17A7","wisp",35,0.0316722393035889,419.851747989655,33.067813873291,1.91422843933105
1.11460539460539,0,"FSE","TAC2","wisp",35,0.0286879539489746,432.175387382507,25.0857548713684,1.89460062980652
0.0263625263625263,1,"FSE","VIP","wisp",35,0.02815842628479,433.26940369606,29.9820668697357,1.89951992034912
0.786507221929159,0,"SVG","PVALB","ELLA",35,0.0281815528869629,422.863761901855,31.7035093307495,1.87914896011353
0.883862647171896,1,"SVG","SLC17A7","ELLA",35,0.0313327312469482,419.048016548157,28.450918674469,1.91853785514832
0.876170517556516,0,"SVG","TAC2","ELLA",35,0.0285539627075195,428.176956653595,28.7329323291779,1.9428985118866
0.936940817334641,1,"SVG","VIP","ELLA",35,0.0334653854370117,448.894484519958,26.7565746307373,1.9282500743866
1.7544322354979,0,"rate_effect","SLC17A7","DESeq2",35,0.0286557674407959,431.972440481186,31.2850565910339,1.88315010070801
0.00441544833846185,0.41678485320881,"rate_effect","PVALB","DESeq2",35,0.0300242900848389,424.963372707367,22.1425814628601,1.95683145523071
-0.00409568633658015,0,"rate_effect","TAC2","DESeq2",35,0.0302369594573975,418.386739492416,27.6639943122864,1.88131093978882
-0.98016417255231,-0.140885466476902,"rate_effect","VIP","DESeq2",35,0.0300443172454834,421.28426527977,26.8966805934906,1.87866401672363
0,0,"FSE","SLC17A7","DESeq2",35,0.0321400165557861,442.835676431656,31.8027515411377,1.93642425537109
0.801542445768849,1,"FSE","PVALB","DESeq2",35,0.0286946296691895,454.172886371613,20.994350194931,1.92745304107666
0.801542445768849,0,"FSE","TAC2","DESeq2",35,0.0270276069641113,426.286192655563,29.4402439594269,1.9688024520874
0,1,"FSE","VIP","DESeq2",35,0.028942346572876,426.630576610565,26.7875216007233,1.85739088058472
-1.98077110555381,-0.325498718069866,"rate_effect","PVALB","wisp",36,0.0292212963104248,403.239965200424,18.2296206951141,1.95345449447632
1.16992340824543,0.468652430223301,"rate_effect","SLC17A7","wisp",36,0.0291359424591064,437.543063640594,30.7751030921936,1.94943451881409
0.378240972413096,0,"rate_effect","TAC2","wisp",36,0.0285475254058838,424.828949689865,29.1811516284943,1.91415333747864
-0.0429506172109918,0,"rate_effect","VIP","wisp",36,0.0288188457489014,410.777765274048,29.7327396869659,1.89316058158875
0.247437766428925,0.349299195222557,"random_effect","replicate1","wisp",36,0.032414436340332,419.698316812515,29.1467514038086,1.89908075332642
0.181154090358938,0.235139380209148,"random_effect","replicate2","wisp",36,0.0276556015014648,420.921313047409,29.8099269866943,1.88652443885803
-0.437770080302107,-0.30834537697956,"random_effect","replicate3","wisp",36,0.0273778438568115,421.405151367188,26.7447578907013,1.91813373565674
0.276554096817048,0.482496574521065,"random_effect","replicate4","wisp",36,0.031156063079834,429.191378355026,28.5962595939636,1.9064519405365
0,1,"FSE","PVALB","wisp",36,0.0286152362823486,427.424861907959,26.4314243793488,1.93819808959961
0,1,"FSE","SLC17A7","wisp",36,0.0281038284301758,418.824084997177,25.559473991394,2.10096716880798
0.401223776223776,0,"FSE","TAC2","wisp",36,0.0306472778320312,466.21201300621,29.5179445743561,1.95194005966187
0.466200466200466,0,"FSE","VIP","wisp",36,0.0272939205169678,428.564567327499,28.1826069355011,1.93955206871033
0.885750810848977,1,"SVG","PVALB","ELLA",36,0.0268537998199463,428.62980222702,28.0788650512695,1.86716628074646
0.782480360386499,1,"SVG","SLC17A7","ELLA",36,0.0316793918609619,433.665621757507,28.1941282749176,1.93836879730225
2.20003887513309e-06,1,"SVG","TAC2","ELLA",36,0.03013014793396,428.914049386978,27.9392147064209,1.9660108089447
1.10000607544958e-06,1,"SVG","VIP","ELLA",36,0.0287206172943115,433.117321252823,28.3073542118073,1.88844609260559
1.93228515844187,-0.325498718069866,"rate_effect","SLC17A7","DESeq2",36,0.0285968780517578,418.431674480438,33.0067012310028,1.91616630554199
-3.00073116898068,0.468652430223301,"rate_effect","PVALB","DESeq2",36,0.0298805236816406,434.249496936798,27.1291103363037,1.91533708572388
0.02129251998137,0,"rate_effect","TAC2","DESeq2",36,0.0283896923065186,421.070561885834,30.8779003620148,1.90010547637939
-0.0210720292704314,0,"rate_effect","VIP","DESeq2",36,0.029975414276123,428.989985227585,23.9281105995178,1.94244980812073
0,1,"FSE","SLC17A7","DESeq2",36,0.0299692153930664,457.875961065292,31.8868365287781,1.89758825302124
0,1,"FSE","PVALB","DESeq2",36,0.02939772605896,417.147555589676,23.9216980934143,1.87791299819946
0.278892691425852,0,"FSE","TAC2","DESeq2",36,0.0280909538269043,416.846960306168,27.8313653469086,1.94330286979675
0.278892691425852,0,"FSE","VIP","DESeq2",36,0.0304865837097168,344.447868108749,27.1202914714813,1.91046500205994
-0.0213133178198064,-0.0601605584379286,"rate_effect","PVALB","wisp",37,0.029170036315918,439.159169435501,28.2010991573334,1.95590901374817
0.129517886868681,0,"rate_effect","SLC17A7","wisp",37,0.0297019481658936,437.935654640198,30.1933093070984,1.91210222244263
-0.0483611570787404,0,"rate_effect","TAC2","wisp",37,0.027332067489624,424.346310138702,25.7669529914856,1.95130276679993
0.0149808226009416,0,"rate_effect","VIP","wisp",37,0.0291640758514404,437.639401674271,30.6169512271881,1.97665858268738
-0.326205480860444,-0.289266348350793,"random_effect","replicate1","wisp",37,0.0300407409667969,426.175881147385,30.7624077796936,1.87547874450684
0.389116029915334,0.243380867177621,"random_effect","replicate2","wisp",37,0.0379784107208252,431.229801654816,21.6975998878479,1.9074375629425
0.105138603954194,-0.134277906734496,"random_effect","replicate3","wisp",37,0.0266921520233154,428.557741880417,22.2550806999207,1.90938234329224
-0.315162636089292,-0.291558909462765,"random_effect","replicate4","wisp",37,0.0271389484405518,437.074442386627,26.5238418579102,1.91658329963684
0.891663891663892,1,"FSE","PVALB","wisp",37,0.0304219722747803,437.910945653915,22.326967716217,1.87165641784668
0.938616938616938,0,"FSE","SLC17A7","wisp",37,0.0298922061920166,438.342940330505,27.465437412262,1.94656467437744
1.54301948051948,0,"FSE","TAC2","wisp",37,0.0309114456176758,435.115567207336,31.1347949504852,1.98431396484375
1.19888111888112,0,"FSE","VIP","wisp",37,0.0306754112243652,438.493384361267,28.8851320743561,1.9389660358429
0.901890403857847,0,"SVG","PVALB","ELLA",37,0.0304248332977295,448.30394411087,32.6194403171539,1.90953707695007
0.918388669046884,1,"SVG","SLC17A7","ELLA",37,0.0324821472167969,415.358382225037,32.2989933490753,1.89722228050232
0.837652268754695,0,"SVG","TAC2","ELLA",37,0.0308408737182617,436.328069925308,27.416788816452,1.91525959968567
0.89965736159808,0,"SVG","VIP","ELLA",37,0.0313224792480469,427.341772556305,28.5475046634674,1.95126700401306
0.000257539795801119,-0.0601605584379286,"rate_effect","SLC17A7","DESeq2",37,0.0268018245697021,431.519038438797,28.7881174087524,1.92720103263855
-0.000252542564059637,0,"rate_effect","PVALB","DESeq2",37,0.0292632579803467,428.10148024559,30.4223482608795,1.970871925354
5.34635161738736e-05,0,"rate_effect","TAC2","DESeq2",37,0.0282788276672363,405.253556966782,25.0135204792023,2.00466966629028
-1.43503198951382e-05,0,"rate_effect","VIP","DESeq2",37,0.0284509658813477,431.580227851868,27.9698166847229,1.89975738525391
0.495499915174663,1,"FSE","SLC17A7","DESeq2",37,0.0286874771118164,430.834863185883,27.7004799842834,1.89838004112244
0.932957359842936,0,"FSE","PVALB","DESeq2",37,0.0305662155151367,442.693529844284,26.6938269138336,1.96454334259033
0.925528335399015,0,"FSE","TAC2","DESeq2",37,0.02779221534729,451.127518415451,26.0369720458984,1.90947294235229
0.932957359842936,0,"FSE","VIP","DESeq2",37,0.0288090705871582,419.77030134201,25.7107317447662,1.97353386878967
0.323183514335419,0,"rate_effect","PVALB","wisp",38,0.0304677486419678,425.153422117233,24.997104883194,1.92307567596436
0.0341525973959681,0,"rate_effect","SLC17A7","wisp",38,0.0301992893218994,437.201149463654,31.2977366447449,1.96999192237854
0.0353352340672791,0,"rate_effect","TAC2","wisp",38,0.0317413806915283,419.524928569794,21.2905933856964,1.96289253234863
0.107885544956998,0,"rate_effect","VIP","wisp",38,0.0284855365753174,446.937193155289,28.4970102310181,1.91163372993469
-0.00333440657760412,-0.121985347708687,"random_effect","replicate1","wisp",38,0.0274665355682373,444.712888479233,23.9891443252563,1.87488484382629
0.379844878289754,0.395687750307843,"random_effect","replicate2","wisp",38,0.0323386192321777,417.759402275085,25.2549314498901,1.89371967315674
0.334760735148928,0.244382644305006,"random_effect","replicate3","wisp",38,0.0282852649688721,416.854083061218,30.6044044494629,1.92660236358643
-0.545848144294317,-0.421000140020624,"random_effect","replicate4","wisp",38,0.0322670936584473,421.5183634758,31.4342231750488,1.93913173675537
0.786333666333666,0,"FSE","PVALB","wisp",38,0.0289487838745117,448.733220338821,26.4758231639862,1.96097540855408
1.76941808191808,0,"FSE","SLC17A7","wisp",38,0.0280981063842773,427.417523622513,30.1986346244812,1.98125243186951
0.682012432012432,0,"FSE","TAC2","wisp",38,0.0323467254638672,453.860027313232,30.1176075935364,1.94006776809692
0.481157731157731,0,"FSE","VIP","wisp",38,0.0279364585876465,419.111906051636,30.3025121688843,1.82835912704468
0.866058440431627,1,"SVG","PVALB","ELLA",38,0.0278191566467285,422.150298118591,25.0138621330261,1.9052460193634
0.969672305077839,1,"SVG","SLC17A7","ELLA",38,0.975653648376465,431.828337192535,27.9934065341949,1.96088552474976
7.3333569039491e-07,1,"SVG","TAC2","ELLA",38,0.0273873805999756,417.86593914032,26.1573016643524,1.92815375328064
7.33342401360026e-07,1,"SVG","VIP","ELLA",38,0.0301876068115234,421.714729070663,36.1966271400452,1.85416579246521
-2.83361731947716e-05,0,"rate_effect","SLC17A7","DESeq2",38,0.966925382614136,423.18149805069,28.2153370380402,1.94660639762878
-2.64142493433608e-05,0,"rate_effect","PVALB","DESeq2",38,0.959918260574341,411.49706864357,21.0312209129333,1.96745443344116
-0.000186082001389463,0,"rate_effect","TAC2","DESeq2",38,0.0286843776702881,424.162430047989,28.4714119434357,1.95679402351379
-1.33474721862007e-06,0,"rate_effect","VIP","DESeq2",38,0.0275018215179443,424.953616142273,28.753488779068,1.89107203483582
0.803854710008011,0,"FSE","SLC17A7","DESeq2",38,0.0303053855895996,413.682648897171,32.5513451099396,1.86874127388
0.803854710008011,0,"FSE","PVALB","DESeq2",38,0.0296225547790527,418.972558736801,22.28346991539,1.91441702842712
0.803854710008011,0,"FSE","TAC2","DESeq2",38,0.0314235687255859,439.402960062027,22.7104434967041,2.06456971168518
0.803854710008011,0,"FSE","VIP","DESeq2",38,0.0252742767333984,437.390397071838,23.8163566589355,1.89545559883118
0.0226593079966341,0,"rate_effect","PVALB","wisp",39,0.0300617218017578,435.108697414398,30.1848514080048,1.95747828483582
-1.52848197269056,-0.326155298389494,"rate_effect","SLC17A7","wisp",39,0.0281143188476562,417.028471469879,30.4718544483185,1.9316611289978
0.00118069129693576,0,"rate_effect","TAC2","wisp",39,0.0322134494781494,428.645718336105,24.1389372348785,1.9397451877594
-0.0355940971385071,-0.0555490432307124,"rate_effect","VIP","wisp",39,0.0293436050415039,437.016592979431,28.5908098220825,2.00542783737183
0.393067191273494,-0.321860157884657,"random_effect","replicate1","wisp",39,0.0281786918640137,436.223310709,33.0396196842194,1.87908291816711
0.544899510871462,-0.116937910672277,"random_effect","replicate2","wisp",39,0.0291585922241211,432.003209590912,25.8684644699097,1.98139333724976
-0.550583092796268,-0.487357782199979,"random_effect","replicate3","wisp",39,0.0310695171356201,421.0782122612,30.3165369033813,1.92700958251953
-0.338107617442561,-0.454177346313372,"random_effect","replicate4","wisp",39,0.0277640819549561,416.96134018898,25.3891241550446,1.93578004837036
1.22502497502498,0,"FSE","PVALB","wisp",39,0.0296456813812256,423.063416242599,22.6420071125031,1.89431571960449
0.00155844155844156,1,"FSE","SLC17A7","wisp",39,0.0282070636749268,430.799074888229,28.9197087287903,2.02877569198608
0.982378732378732,0,"FSE","TAC2","wisp",39,0.028740406036377,411.27406167984,27.1586208343506,1.95289063453674
0.279442779442779,1,"FSE","VIP","wisp",39,0.0296759605407715,424.28426527977,28.5306944847107,1.97954940795898
2.20002807815867e-06,1,"SVG","PVALB","ELLA",39,0.0315585136413574,424.110975265503,25.9745590686798,1.83040857315063
0.926180287210362,1,"SVG","SLC17A7","ELLA",39,0.0303142070770264,426.358679771423,27.514014005661,1.85209774971008
5.26870618799968e-07,1,"SVG","TAC2","ELLA",39,0.0279641151428223,422.353990077972,28.4563901424408,1.88063788414001
1.10001799563664e-06,1,"SVG","VIP","ELLA",39,0.029841423034668,455.733216524124,28.087949514389,1.87526679039001
-2.81599774875724,0,"rate_effect","SLC17A7","DESeq2",39,0.0290489196777344,428.638993501663,24.4395961761475,1.97462296485901
0.254483858678958,-0.326155298389494,"rate_effect","PVALB","DESeq2",39,0.0295510292053223,423.189258098602,21.3554708957672,1.91519999504089
0.148235383211252,0,"rate_effect","TAC2","DESeq2",39,0.0303323268890381,446.011021852493,29.9634885787964,1.95551204681396
-0.108964029201187,-0.0555490432307124,"rate_effect","VIP","DESeq2",39,0.0277292728424072,425.692224502563,29.5691344738007,1.90439701080322
0,0,"FSE","SLC17A7","DESeq2",39,0.935065746307373,409.268024206161,26.510181427002,1.97003269195557
2.08568344941661e-10,1,"FSE","PVALB","DESeq2",39,0.0277588367462158,420.036387681961,27.1086444854736,1.88512778282166
0.00205828616014338,0,"FSE","TAC2","DESeq2",39,0.028433084487915,435.003904342651,22.8738830089569,1.87973070144653
0.0075063262979803,1,"FSE","VIP","DESeq2",39,0.0291740894317627,422.846745491028,27.8921658992767,1.93611168861389
-0.0295423336384521,0,"rate_effect","PVALB","wisp",40,0.0325593948364258,422.382641553879,32.2758796215057,1.92639994621277
-0.00152287703320484,0,"rate_effect","SLC17A7","wisp",40,0.0299866199493408,450.483470439911,27.4053957462311,1.90693759918213
0.699190643938624,0.282119379146025,"rate_effect","TAC2","wisp",40,0.0297629833221436,434.546971559525,23.7330112457275,1.87679743766785
-0.328962536527968,0,"rate_effect","VIP","wisp",40,0.0338435173034668,436.816553592682,29.0492534637451,1.95362281799316
-0.622277261639156,-0.449892699718475,"random_effect","replicate1","wisp",40,0.027367115020752,422.633439302444,21.7879257202148,2.01387763023376
0.0538250312711212,-0.15354693448171,"random_effect","replicate2","wisp",40,0.0304765701293945,341.904124975204,28.1543152332306,1.86765432357788
0.34930135493653,0.147138639120385,"random_effect","replicate3","wisp",40,0.0292367935180664,428.609116077423,25.2551717758179,1.91724061965942
0.433062728359084,0.406385556561872,"random_effect","replicate4","wisp",40,0.0310986042022705,444.368892192841,30.7688519954681,1.91700601577759
1.1737650104997,0,"FSE","PVALB","wisp",40,0.0286846160888672,433.176414728165,25.6008260250092,2.11447739601135
1.58645354645355,0,"FSE","SLC17A7","wisp",40,0.0247077941894531,429.265485286713,29.3011937141418,1.89909911155701
0.0165956492487104,1,"FSE","TAC2","wisp",40,0.0279552936553955,442.510897397995,34.6902959346771,1.89492797851562
0.465034965034965,0,"FSE","VIP","wisp",40,0.0318880081176758,434.701031208038,26.0515778064728,1.92224431037903
0.81372146974974,0,"SVG","PVALB","ELLA",40,0.0304415225982666,438.606535673141,24.8661851882935,1.91352796554565
0.717066666547816,0,"SVG","SLC17A7","ELLA",40,0.032750129699707,438.608156204224,26.6019434928894,1.87204194068909
4.40002621837632e-07,1,"SVG","TAC2","ELLA",40,0.0291445255279541,421.407907009125,22.5907454490662,1.87196683883667
0.921639452039187,1,"SVG","VIP","ELLA",40,0.961971044540405,427.296780824661,28.2648706436157,1.92194104194641
-0.0121458112711001,0,"rate_effect","SLC17A7","DESeq2",40,0.0310268402099609,433.440595388412,28.0865998268127,1.92976903915405
-0.0268747312261975,0,"rate_effect","PVALB","DESeq2",40,0.0276010036468506,448.544350624084,28.3334722518921,1.90699672698975
1.3107342436946,0.282119379146025,"rate_effect","TAC2","DESeq2",40,0.033125638961792,437.187759637833,25.8857131004333,1.94445037841797
-0.00135451440302627,0,"rate_effect","VIP","DESeq2",40,0.0310487747192383,416.92185997963,34.7796940803528,1.96136689186096
0.388104963130071,0,"FSE","SLC17A7","DESeq2",40,0.0298552513122559,429.006608963013,28.0748641490936,1.91984724998474
0.227558381827107,0,"FSE","PVALB","DESeq2",40,0.027881383895874,427.94335269928,29.6661524772644,1.91626119613647
0,1,"FSE","TAC2","DESeq2",40,0.0307164192199707,431.815202474594,29.9965281486511,1.88038921356201
0.9426567496549,0,"FSE","VIP","DESeq2",40,0.031790018081665,415.090425491333,28.7477598190308,1.97158217430115
-0.0166746578225878,0,"rate_effect","PVALB","wisp",41,0.961175680160522,446.45299243927,25.8177356719971,1.91986060142517
-0.419245609147976,-0.137864893069491,"rate_effect","SLC17A7","wisp",41,0.0292866230010986,468.735806465149,25.6810131072998,1.88051891326904
-0.00271120628585991,0,"rate_effect","TAC2","wisp",41,0.0333788394927979,430.931964159012,27.3349032402039,1.9478747844696
0.0634027576604423,0,"rate_effect","VIP","wisp",41,0.0313360691070557,430.072258234024,32.5169382095337,1.92294645309448
0.257218525660184,0.366425794316456,"random_effect","replicate1","wisp",41,0.0320706367492676,410.121573209763,23.7532002925873,1.94743466377258
0.238948641359822,0.35568972164765,"random_effect","replicate2","wisp",41,0.0284214019775391,455.047101974487,29.9072344303131,1.901535987854
-0.393121562793807,-0.204200392588973,"random_effect","replicate3","wisp",41,0.0273256301879883,418.158571958542,29.1062133312225,1.88763666152954
0.0570756816008747,0.120896292384714,"random_effect","replicate4","wisp",41,0.0296573638916016,428.122677564621,30.82168841362,1.92050409317017
1.15445665445665,0,"FSE","PVALB","wisp",41,0.0289463996887207,427.728178977966,32.8114042282104,1.94097876548767
0.487012987012987,1,"FSE","SLC17A7","wisp",41,0.0289764404296875,423.737015485764,28.5979809761047,1.92490077018738
0.662698412698413,0,"FSE","TAC2","wisp",41,0.0297586917877197,456.613583087921,28.417432308197,1.88906669616699
0.170579420579421,0,"FSE","VIP","wisp",41,0.0328109264373779,420.884456634521,22.5742952823639,2.0883207321167
0.817152646665728,0,"SVG","PVALB","ELLA",41,0.0276672840118408,424.830772399902,28.9470098018646,1.93059301376343
0.917430799455894,1,"SVG","SLC17A7","ELLA",41,0.0286664962768555,437.511374950409,26.4271965026855,2.01169347763062
0.927629499778747,0,"SVG","TAC2","ELLA",41,0.0293729305267334,464.370765447617,28.4331409931183,1.92028284072876
0.899074838745893,1,"SVG","VIP","ELLA",41,0.0321409702301025,403.638920783997,24.1360626220703,1.98838710784912
-0.924366117837273,0,"rate_effect","SLC17A7","DESeq2",41,0.0281195640563965,414.873692512512,23.5046339035034,1.91408538818359
0.0105005735558981,-0.137864893069491,"rate_effect","PVALB","DESeq2",41,0.963593482971191,429.04301905632,34.2810742855072,1.96899151802063
-0.00435843990226676,0,"rate_effect","TAC2","DESeq2",41,1.88674259185791,417.523854017258,26.3215594291687,1.88364768028259
0.0307432000895832,0,"rate_effect","VIP","DESeq2",41,0.0296945571899414,421.218112707138,27.146746635437,1.96816301345825
0,0,"FSE","SLC17A7","DESeq2",41,0.0303440093994141,441.318182468414,32.5797770023346,1.93074917793274
0.317791662828477,1,"FSE","PVALB","DESeq2",41,0.0316970348358154,431.787833929062,26.038455247879,1.94249320030212
0.730278420959715,0,"FSE","TAC2","DESeq2",41,0.0272305011749268,441.372266292572,32.3179461956024,1.85554122924805
0.0210347680394307,0,"FSE","VIP","DESeq2",41,0.0315840244293213,424.107073545456,30.2552561759949,1.88771200180054
0.00349295241363428,0,"rate_effect","PVALB","wisp",42,0.0327708721160889,420.323094844818,23.4643216133118,1.9144229888916
0.084253192431202,0,"rate_effect","SLC17A7","wisp",42,0.0276579856872559,448.618867874146,29.8870091438293,1.93364334106445
-0.0251777394305081,0,"rate_effect","TAC2","wisp",42,0.031425952911377,375.935034036636,27.1698169708252,1.93180441856384
0.71768854794051,0.309465168043971,"rate_effect","VIP","wisp",42,0.0269701480865479,429.70928645134,31.0543217658997,2.00865888595581
-0.629647796876274,-0.472827835706994,"random_effect","replicate1","wisp",42,0.0327162742614746,437.831256628036,29.3419151306152,1.91435265541077
0.406687608268871,-0.109445825219154,"random_effect","replicate2","wisp",42,0.0288233757019043,431.461276769638,29.5254518985748,1.95789742469788
0.336554556664956,-0.204584108432755,"random_effect","replicate3","wisp",42,0.028160572052002,427.493983983994,24.4479246139526,1.92510008811951
0.237775038083886,-0.266108377138153,"random_effect","replicate4","wisp",42,0.0265765190124512,465.420249700546,23.41534948349,1.87832069396973
1.292571592328,0,"FSE","PVALB","wisp",42,0.0311448574066162,435.724847555161,25.2409904003143,1.97131896018982
0.721444332998997,0,"FSE","SLC17A7","wisp",42,0.0287723541259766,426.489372253418,30.498678445816,1.91572141647339
1.47067733813686,0,"FSE","TAC2","wisp",42,0.028050422668457,433.407697439194,24.0474677085876,1.89630961418152
0.00288365095285868,1,"FSE","VIP","wisp",42,0.0294380187988281,417.568301677704,26.5134179592133,1.9169909954071
0.896912625547954,0,"SVG","PVALB","ELLA",42,0.0276269912719727,419.191938638687,32.9697706699371,1.88022470474243
0.79125748544535,1,"SVG","SLC17A7","ELLA",42,0.0316841602325439,430.204669237137,25.8227248191833,1.93337726593018
0.763579811215701,0,"SVG","TAC2","ELLA",42,0.0281548500061035,423.383732318878,27.5879828929901,2.00009894371033
1.10000327502302e-06,1,"SVG","VIP","ELLA",42,0.950234889984131,433.018593549728,25.3655872344971,1.8637535572052
-0.0295940187590294,0,"rate_effect","SLC17A7","DESeq2",42,0.0335521697998047,425.685601949692,28.7269361019135,1.95883941650391
-0.0170118144339938,0,"rate_effect","PVALB","DESeq2",42,0.0294747352600098,421.638487815857,30.5206129550934,1.83303546905518
-0.00604751303789784,0,"rate_effect","TAC2","DESeq2",42,0.0276050567626953,403.932096004486,19.2276413440704,1.78714275360107
1.36467354922153,0.309465168043971,"rate_effect","VIP","DESeq2",42,0.0286576747894287,408.298879146576,22.2654452323914,1.84356260299683
0.0273393520378596,0,"FSE","SLC17A7","DESeq2",42,0.0274727344512939,411.141361951828,25.3585731983185,1.77027249336243
0.478807996772842,0,"FSE","PVALB","DESeq2",42,0.0304088592529297,414.141072034836,23.9539802074432,1.80440640449524
0.807950135823087,0,"FSE","TAC2","DESeq2",42,0.0287880897521973,408.969439744949,30.3737318515778,1.77948665618896
0,1,"FSE","VIP","DESeq2",42,0.028679370880127,409.549560070038,22.5197160243988,1.75816679000854
0.198290110012953,0.0819152574986219,"rate_effect","PVALB","wisp",43,0.0275130271911621,403.635833740234,30.8150849342346,1.85015249252319
0.451050325473688,0.036993172718212,"rate_effect","SLC17A7","wisp",43,0.0293619632720947,433.035242795944,27.7534692287445,1.79997277259827
0.0068966457952513,0,"rate_effect","TAC2","wisp",43,0.0276510715484619,418.054634571075,30.3133184909821,1.76283740997314
0.15164370584644,0.0632444056682289,"rate_effect","VIP","wisp",43,0.0313279628753662,439.242620706558,24.6636564731598,1.80634546279907
0.20249573643747,0.346709368051961,"random_effect","replicate1","wisp",43,0.0292425155639648,351.229082584381,27.6974363327026,1.83659362792969
-0.404498472111821,-0.221770111471415,"random_effect","replicate2","wisp",43,0.0299062728881836,428.477724790573,27.0271451473236,1.79152250289917
0.242754935003832,0.478692686418071,"random_effect","replicate3","wisp",43,0.028439998626709,400.481114149094,25.8864300251007,1.79541492462158
0.194638034641641,0.32877328642644,"random_effect","replicate4","wisp",43,0.895889282226562,416.329598903656,25.5795469284058,1.76463961601257
0.0234165834165835,1,"FSE","PVALB","wisp",43,0.0301418304443359,397.71418094635,28.2146577835083,1.78049683570862
0.0409590409590407,1,"FSE","SLC17A7","wisp",43,0.0305290222167969,413.912841081619,30.5826287269592,1.81949877738953
0.627591158841159,0,"FSE","TAC2","wisp",43,0.0295813083648682,405.915508031845,25.7490229606628,1.80578708648682
0.146686646686647,1,"FSE","VIP","wisp",43,0.0276761054992676,401.609362363815,23.6494569778442,1.81292271614075
0.795365380391154,1,"SVG","PVALB","ELLA",43,0.0274889469146729,409.212975025177,25.6452651023865,1.82821798324585
0.918916535862164,1,"SVG","SLC17A7","ELLA",43,0.0307917594909668,414.806458950043,29.2246925830841,1.80796146392822
0.848921250994015,0,"SVG","TAC2","ELLA",43,0.0279734134674072,423.394227981567,30.1006395816803,1.78223991394043
1.10001431824491e-06,1,"SVG","VIP","ELLA",43,0.0319101810455322,426.406829357147,27.4714765548706,1.80058145523071
-0.048652083603094,0.0819152574986219,"rate_effect","SLC17A7","DESeq2",43,0.029646635055542,402.189610004425,27.126549243927,1.84013605117798
0.199952848796429,0.036993172718212,"rate_effect","PVALB","DESeq2",43,0.0317471027374268,435.770930051804,27.0759134292603,1.74023652076721
-0.233721594767393,0,"rate_effect","TAC2","DESeq2",43,0.028592586517334,408.307660102844,29.5158882141113,1.77786779403687
0.0498574480722299,0.0632444056682289,"rate_effect","VIP","DESeq2",43,0.0283982753753662,411.093592882156,27.4431064128876,1.73424339294434
5.94123684210917e-13,1,"FSE","SLC17A7","DESeq2",43,0.0274736881256104,406.61597943306,31.6404249668121,1.80775022506714
1.38910061657425e-102,1,"FSE","PVALB","DESeq2",43,0.0311400890350342,408.279498338699,23.8222887516022,1.86932563781738
1.31056146950899e-64,0,"FSE","TAC2","DESeq2",43,0.0311648845672607,409.458102464676,26.5550758838654,1.80131101608276
1.79724532494348e-05,1,"FSE","VIP","DESeq2",43,0.029813289642334,411.923641443253,23.8093945980072,1.76051712036133
0.0498497480665182,0,"rate_effect","PVALB","wisp",44,0.0329639911651611,405.545966625214,31.5916204452515,1.78944897651672
-0.00472446254131212,0,"rate_effect","SLC17A7","wisp",44,0.0260028839111328,425.389599561691,24.1233968734741,1.78804445266724
0.0010108441458823,0,"rate_effect","TAC2","wisp",44,0.0357918739318848,398.119257926941,28.8584458827972,1.83746886253357
-0.0172343474968135,0,"rate_effect","VIP","wisp",44,0.0309436321258545,418.349713802338,35.2129671573639,1.8385636806488
0.277939984143792,-0.106144010554999,"random_effect","replicate1","wisp",44,0.0236492156982422,406.516528367996,25.677962064743,1.86991882324219
-0.539989705576408,-0.439631786663085,"random_effect","replicate2","wisp",44,0.0269579887390137,425.068669080734,31.497305393219,1.86204314231873
0.317625705094216,-0.0795945313293487,"random_effect","replicate3","wisp",44,0.0278401374816895,422.368977308273,21.9365797042847,1.84537696838379
0.301639247917205,-0.0894585642963648,"random_effect","replicate4","wisp",44,0.0262370109558105,430.461272001266,26.6901309490204,1.90605521202087
0.77688,0,"FSE","PVALB","wisp",44,0.0279896259307861,412.056294202805,28.827924489975,2.02909517288208
1.24068,0,"FSE","SLC17A7","wisp",44,0.0239815711975098,437.154964923859,21.9802222251892,1.92869520187378
1.4084693877551,0,"FSE","TAC2","wisp",44,0.0296258926391602,422.03987288475,33.1828806400299,1.90689778327942
1.30588888888889,0,"FSE","VIP","wisp",44,0.0269100666046143,453.455007553101,24.2923212051392,1.84552454948425
1.10001614750388e-06,1,"SVG","PVALB","ELLA",44,0.0264310836791992,436.033627033234,27.4141705036163,1.84341669082642
0.96129392668304,0,"SVG","SLC17A7","ELLA",44,0.030048131942749,416.873572587967,22.743204832077,1.89280819892883
0.904318119708566,0,"SVG","TAC2","ELLA",44,0.026158332824707,418.94610118866,26.0069177150726,1.88708782196045
2.44443913777204e-07,1,"SVG","VIP","ELLA",44,0.02978515625,411.92558836937,23.0960333347321,1.92023396492004
0.000439145473801592,0,"rate_effect","SLC17A7","DESeq2",44,0.0285301208496094,440.837086200714,25.1775932312012,1.9048330783844
8.59702515963653e-06,0,"rate_effect","PVALB","DESeq2",44,0.0287730693817139,418.37282538414,26.0856287479401,2.60899710655212
-1.56453732864148e-05,0,"rate_effect","TAC2","DESeq2",44,0.0306224822998047,420.641088485718,27.347541809082,1.87631368637085
3.37237628216521e-05,0,"rate_effect","VIP","DESeq2",44,0.0251264572143555,428.662610292435,21.5447599887848,1.84871196746826
0.779300501719926,0,"FSE","SLC17A7","DESeq2",44,0.0291104316711426,427.803039550781,30.6923115253448,1.89639258384705
0.779300501719926,0,"FSE","PVALB","DESeq2",44,0.0312936305999756,424.708827018738,25.2575786113739,1.85999202728271
0.779300501719926,0,"FSE","TAC2","DESeq2",44,0.0281896591186523,432.656529903412,24.8084371089935,1.89901542663574
0.779300501719926,0,"FSE","VIP","DESeq2",44,0.031583309173584,427.925946950912,26.4291985034943,1.92317056655884
2.70200444970137e-05,0,"rate_effect","PVALB","wisp",45,0.0287032127380371,424.533989191055,32.605699300766,1.91907668113708
-0.00330319243421523,0,"rate_effect","SLC17A7","wisp",45,0.0302207469940186,439.701268434525,32.080885887146,1.9224226474762
-0.0135230526797808,0,"rate_effect","TAC2","wisp",45,0.0275440216064453,423.768881559372,22.7086806297302,1.91026425361633
0.172520116406754,0,"rate_effect","VIP","wisp",45,0.0284562110900879,418.428074121475,25.0440411567688,1.86522579193115
0.42505867902926,0.451006263727322,"random_effect","replicate1","wisp",45,0.0321822166442871,423.145944595337,28.5050308704376,1.88742089271545
-0.550112889697686,-0.417869064724073,"random_effect","replicate2","wisp",45,1.83389782905579,428.387951374054,27.2869317531586,1.97345232963562
-0.0324229316602434,-0.172215783968568,"random_effect","replicate3","wisp",45,0.029057502746582,342.884785890579,24.0696587562561,1.93395066261292
0.224203130907556,-0.00874580931849778,"random_effect","replicate4","wisp",45,0.0272171497344971,438.251104593277,21.7468342781067,1.89160752296448
1.15264787664307,0,"FSE","PVALB","wisp",45,0.0269596576690674,421.046288967133,23.9341967105865,1.92022323608398
1.09941354903943,0,"FSE","SLC17A7","wisp",45,0.0296871662139893,413.815036773682,29.3492894172668,1.99918484687805
1.18849005729693,0,"FSE","TAC2","wisp",45,0.0308065414428711,436.233450174332,30.0629839897156,1.94655609130859
0.76797837436289,0,"FSE","VIP","wisp",45,0.0267951488494873,437.389758586884,29.0803780555725,1.91891193389893
0.906995932662792,0,"SVG","PVALB","ELLA",45,0.0312454700469971,421.801689386368,32.9749879837036,1.85251688957214
0.876914224537632,0,"SVG","SLC17A7","ELLA",45,0.0282926559448242,412.800875425339,32.2108843326569,2.01232624053955
0.973951929456423,0,"SVG","TAC2","ELLA",45,0.0285141468048096,415.758309602737,22.5008878707886,1.89890432357788
0.930972104895454,1,"SVG","VIP","ELLA",45,0.0309028625488281,448.807687759399,27.4583051204681,2.57047271728516
-0.000184805979831422,0,"rate_effect","SLC17A7","DESeq2",45,0.0265467166900635,425.658793926239,26.1612327098846,1.99357652664185
-1.7679014568875e-05,0,"rate_effect","PVALB","DESeq2",45,0.0303549766540527,419.892758131027,27.2944993972778,1.90579128265381
-2.98187736249182e-05,0,"rate_effect","TAC2","DESeq2",45,0.0257844924926758,423.843417406082,27.4935083389282,1.95272493362427
-3.86946360789524e-05,0,"rate_effect","VIP","DESeq2",45,0.0316722393035889,419.851747989655,33.067813873291,1.91422843933105
0.618807153005427,0,"FSE","SLC17A7","DESeq2",45,0.0286879539489746,432.175387382507,25.0857548713684,1.89460062980652
0.976243749978768,0,"FSE","PVALB","DESeq2",45,0.02815842628479,433.26940369606,29.9820668697357,1.89951992034912
0.936763504510993,0,"FSE","TAC2","DESeq2",45,0.0281815528869629,422.863761901855,31.7035093307495,1.87914896011353
0.618807153005427,0,"FSE","VIP","DESeq2",45,0.0313327312469482,419.048016548157,28.450918674469,1.91853785514832
-2.3476678289904,-0.439209998818114,"rate_effect","PVALB","wisp",46,0.0285539627075195,428.176956653595,28.7329323291779,1.9428985118866
0.232990445275284,0.0131703978404403,"rate_effect","SLC17A7","wisp",46,0.0334653854370117,448.894484519958,26.7565746307373,1.9282500743866
0.839268454385822,0.338332256767899,"rate_effect","TAC2","wisp",46,0.0286557674407959,431.972440481186,31.2850565910339,1.88315010070801
-0.0583181462891182,0,"rate_effect","VIP","wisp",46,0.0300242900848389,424.963372707367,22.1425814628601,1.95683145523071
0.394784569558562,-0.0193939043674618,"random_effect","replicate1","wisp",46,0.0302369594573975,418.386739492416,27.6639943122864,1.88131093978882
-0.746958615367489,-0.492628284031525,"random_effect","replicate2","wisp",46,0.0300443172454834,421.28426527977,26.8966805934906,1.87866401672363
0.490569890460821,0.25114810350351,"random_effect","replicate3","wisp",46,0.0321400165557861,442.835676431656,31.8027515411377,1.93642425537109
0.271442605931332,-0.197633804753423,"random_effect","replicate4","wisp",46,0.0286946296691895,454.172886371613,20.994350194931,1.92745304107666
0.00193556443556444,1,"FSE","PVALB","wisp",46,0.0270276069641113,426.286192655563,29.4402439594269,1.9688024520874
0.0993173493173493,1,"FSE","SLC17A7","wisp",46,0.028942346572876,426.630576610565,26.7875216007233,1.85739088058472
0,1,"FSE","TAC2","wisp",46,0.0292212963104248,403.239965200424,18.2296206951141,1.95345449447632
0.111000111000111,0,"FSE","VIP","wisp",46,0.0291359424591064,437.543063640594,30.7751030921936,1.94943451881409
0.88651170814846,1,"SVG","PVALB","ELLA",46,0.0285475254058838,424.828949689865,29.1811516284943,1.91415333747864
0.831005376133632,1,"SVG","SLC17A7","ELLA",46,0.0288188457489014,410.777765274048,29.7327396869659,1.89316058158875
2.20002116008144e-06,1,"SVG","TAC2","ELLA",46,0.032414436340332,419.698316812515,29.1467514038086,1.89908075332642
0.910207599478001,1,"SVG","VIP","ELLA",46,0.0276556015014648,420.921313047409,29.8099269866943,1.88652443885803
0.0662602652036149,-0.439209998818114,"rate_effect","SLC17A7","DESeq2",46,0.0273778438568115,421.405151367188,26.7447578907013,1.91813373565674
-6.08496264561594,0.0131703978404403,"rate_effect","PVALB","DESeq2",46,0.031156063079834,429.191378355026,28.5962595939636,1.9064519405365
1.49538535245545,0.338332256767899,"rate_effect","TAC2","DESeq2",46,0.0286152362823486,427.424861907959,26.4314243793488,1.93819808959961
-0.0755882687490673,0,"rate_effect","VIP","DESeq2",46,0.0281038284301758,418.824084997177,25.559473991394,2.10096716880798
3.58860298496988e-06,1,"FSE","SLC17A7","DESeq2",46,0.0306472778320312,466.21201300621,29.5179445743561,1.95194005966187
0,1,"FSE","PVALB","DESeq2",46,0.0272939205169678,428.564567327499,28.1826069355011,1.93955206871033
1.97883172472336e-319,1,"FSE","TAC2","DESeq2",46,0.0268537998199463,428.62980222702,28.0788650512695,1.86716628074646
0.00039676896933833,0,"FSE","VIP","DESeq2",46,0.0316793918609619,433.665621757507,28.1941282749176,1.93836879730225
-1.51432055131859,-0.3386625952553,"rate_effect","PVALB","wisp",47,0.03013014793396,428.914049386978,27.9392147064209,1.9660108089447
0.232005437702917,0.0859342706389725,"rate_effect","SLC17A7","wisp",47,0.0287206172943115,433.117321252823,28.3073542118073,1.88844609260559
-0.00763543111861548,0,"rate_effect","TAC2","wisp",47,0.0285968780517578,418.431674480438,33.0067012310028,1.91616630554199
-0.0158795632792563,0,"rate_effect","VIP","wisp",47,0.0298805236816406,434.249496936798,27.1291103363037,1.91533708572388
0.456952540764517,0.143862723372877,"random_effect","replicate1","wisp",47,0.0283896923065186,421.070561885834,30.8779003620148,1.90010547637939
-0.0792175938100573,-0.310296175302938,"random_effect","replicate2","wisp",47,0.029975414276123,428.989985227585,23.9281105995178,1.94244980812073
0.449300808015983,0.179049816681072,"random_effect","replicate3","wisp",47,0.0299692153930664,457.875961065292,31.8868365287781,1.89758825302124
-0.682399522925171,-0.48416350921616,"random_effect","replicate4","wisp",47,0.02939772605896,417.147555589676,23.9216980934143,1.87791299819946
0,1,"FSE","PVALB","wisp",47,0.0280909538269043,416.846960306168,27.8313653469086,1.94330286979675
0.00449550449550451,1,"FSE","SLC17A7","wisp",47,0.0304865837097168,344.447868108749,27.1202914714813,1.91046500205994
0.648851148851149,0,"FSE","TAC2","wisp",47,0.029170036315918,439.159169435501,28.2010991573334,1.95590901374817
1.10352147852148,0,"FSE","VIP","wisp",47,0.0297019481658936,437.935654640198,30.1933093070984,1.91210222244263
0.844292524278758,1,"SVG","PVALB","ELLA",47,0.027332067489624,424.346310138702,25.7669529914856,1.95130276679993
0.929817801689995,1,"SVG","SLC17A7","ELLA",47,0.0291640758514404,437.639401674271,30.6169512271881,1.97665858268738
0.847401058078766,0,"SVG","TAC2","ELLA",47,0.0300407409667969,426.175881147385,30.7624077796936,1.87547874450684
0.963767112210182,0,"SVG","VIP","ELLA",47,0.0379784107208252,431.229801654816,21.6975998878479,1.9074375629425
0.440917705128758,-0.3386625952553,"rate_effect","SLC17A7","DESeq2",47,0.0266921520233154,428.557741880417,22.2550806999207,1.90938234329224
-3.267483315355,0.0859342706389725,"rate_effect","PVALB","DESeq2",47,0.0271389484405518,437.074442386627,26.5238418579102,1.91658329963684
0.000801905303793107,0,"rate_effect","TAC2","DESeq2",47,0.0304219722747803,437.910945653915,22.326967716217,1.87165641784668
-0.000364706011404612,0,"rate_effect","VIP","DESeq2",47,0.0298922061920166,438.342940330505,27.465437412262,1.94656467437744
5.43402573522848e-146,1,"FSE","SLC17A7","DESeq2",47,0.0309114456176758,435.115567207336,31.1347949504852,1.98431396484375
0,1,"FSE","PVALB","DESeq2",47,0.0306754112243652,438.493384361267,28.8851320743561,1.9389660358429
0.983810344230137,0,"FSE","TAC2","DESeq2",47,0.0304248332977295,448.30394411087,32.6194403171539,1.90953707695007
0.983810344230137,0,"FSE","VIP","DESeq2",47,0.0324821472167969,415.358382225037,32.2989933490753,1.89722228050232
-2.79846065046477,-0.439407967031002,"rate_effect","PVALB","wisp",48,0.0308408737182617,436.328069925308,27.416788816452,1.91525959968567
0.752882402807954,0.194517596857622,"rate_effect","SLC17A7","wisp",48,0.0313224792480469,427.341772556305,28.5475046634674,1.95126700401306
0.0669308294102328,0,"rate_effect","TAC2","wisp",48,0.0268018245697021,431.519038438797,28.7881174087524,1.92720103263855
-0.00917301033613475,0,"rate_effect","VIP","wisp",48,0.0292632579803467,428.10148024559,30.4223482608795,1.970871925354
0.23753071603127,0.0521719048265368,"random_effect","replicate1","wisp",48,0.0282788276672363,405.253556966782,25.0135204792023,2.00466966629028
-0.187722789430026,-0.175158931640908,"random_effect","replicate2","wisp",48,0.0284509658813477,431.580227851868,27.9698166847229,1.89975738525391
0.27814469399426,0.113209700910375,"random_effect","replicate3","wisp",48,0.0286874771118164,430.834863185883,27.7004799842834,1.89838004112244
-0.302329367436427,-0.254180505638942,"random_effect","replicate4","wisp",48,0.0305662155151367,442.693529844284,26.6938269138336,1.96454334259033
0,1,"FSE","PVALB","wisp",48,0.02779221534729,451.127518415451,26.0369720458984,1.90947294235229
0,1,"FSE","SLC17A7","wisp",48,0.0288090705871582,419.77030134201,25.7107317447662,1.97353386878967
0.8205625,0,"FSE","TAC2","wisp",48,0.0304677486419678,425.153422117233,24.997104883194,1.92307567596436
0.886877551020408,0,"FSE","VIP","wisp",48,0.0301992893218994,437.201149463654,31.2977366447449,1.96999192237854
0.822680467414456,1,"SVG","PVALB","ELLA",48,0.0317413806915283,419.524928569794,21.2905933856964,1.96289253234863
0.807581593121523,1,"SVG","SLC17A7","ELLA",48,0.0284855365753174,446.937193155289,28.4970102310181,1.91163372993469
1.67436963388612e-06,0,"SVG","TAC2","ELLA",48,0.0274665355682373,444.712888479233,23.9891443252563,1.87488484382629
0.946773246817638,0,"SVG","VIP","ELLA",48,0.0323386192321777,417.759402275085,25.2549314498901,1.89371967315674
0.950601728274454,-0.439407967031002,"rate_effect","SLC17A7","DESeq2",48,0.0282852649688721,416.854083061218,30.6044044494629,1.92660236358643
-6.21895938106383,0.194517596857622,"rate_effect","PVALB","DESeq2",48,0.0322670936584473,421.5183634758,31.4342231750488,1.93913173675537
0.00984101976337208,0,"rate_effect","TAC2","DESeq2",48,0.0289487838745117,448.733220338821,26.4758231639862,1.96097540855408
-0.00962377292945669,0,"rate_effect","VIP","DESeq2",48,0.0280981063842773,427.417523622513,30.1986346244812,1.98125243186951
0,1,"FSE","SLC17A7","DESeq2",48,0.0323467254638672,453.860027313232,30.1176075935364,1.94006776809692
0,1,"FSE","PVALB","DESeq2",48,0.0279364585876465,419.111906051636,30.3025121688843,1.82835912704468
0.587994963113349,0,"FSE","TAC2","DESeq2",48,0.0278191566467285,422.150298118591,25.0138621330261,1.9052460193634
0.587994963113349,0,"FSE","VIP","DESeq2",48,0.975653648376465,431.828337192535,27.9934065341949,1.96088552474976
0.522104980411156,0.152936237398535,"rate_effect","PVALB","wisp",49,0.0273873805999756,417.86593914032,26.1573016643524,1.92815375328064
0.00393579894560331,0,"rate_effect","SLC17A7","wisp",49,0.0301876068115234,421.714729070663,36.1966271400452,1.85416579246521
-0.0482559058638923,0,"rate_effect","TAC2","wisp",49,0.966925382614136,423.18149805069,28.2153370380402,1.94660639762878
0.0181159408436264,0,"rate_effect","VIP","wisp",49,0.959918260574341,411.49706864357,21.0312209129333,1.96745443344116
-0.240117839667213,-0.178009792696685,"random_effect","replicate1","wisp",49,0.0286843776702881,424.162430047989,28.4714119434357,1.95679402351379
0.335989554193702,0.335016338620335,"random_effect","replicate2","wisp",49,0.0275018215179443,424.953616142273,28.753488779068,1.89107203483582
-0.236679845480624,-0.167796346126124,"random_effect","replicate3","wisp",49,0.0303053855895996,413.682648897171,32.5513451099396,1.86874127388
-0.242969661308748,-0.131564516108483,"random_effect","replicate4","wisp",49,0.0296225547790527,418.972558736801,22.28346991539,1.91441702842712
0.383144633144633,1,"FSE","PVALB","wisp",49,0.0314235687255859,439.402960062027,22.7104434967041,2.06456971168518
1.1840959040959,0,"FSE","SLC17A7","wisp",49,0.0252742767333984,437.390397071838,23.8163566589355,1.89545559883118
1.02670798589166,0,"FSE","TAC2","wisp",49,0.0300617218017578,435.108697414398,30.1848514080048,1.95747828483582
0.60488491100736,0,"FSE","VIP","wisp",49,0.0281143188476562,417.028471469879,30.4718544483185,1.9316611289978
1.10000610509253e-06,1,"SVG","PVALB","ELLA",49,0.0322134494781494,428.645718336105,24.1389372348785,1.9397451877594
0.977680369903276,0,"SVG","SLC17A7","ELLA",49,0.0293436050415039,437.016592979431,28.5908098220825,2.00542783737183
0.899651137557973,0,"SVG","TAC2","ELLA",49,0.0281786918640137,436.223310709,33.0396196842194,1.87908291816711
7.33341386782715e-07,1,"SVG","VIP","ELLA",49,0.0291585922241211,432.003209590912,25.8684644699097,1.98139333724976
-0.0122571287840879,0.152936237398535,"rate_effect","SLC17A7","DESeq2",49,0.0310695171356201,421.0782122612,30.3165369033813,1.92700958251953
0.730082393458758,0,"rate_effect","PVALB","DESeq2",49,0.0277640819549561,416.96134018898,25.3891241550446,1.93578004837036
-0.0202991574324793,0,"rate_effect","TAC2","DESeq2",49,0.0296456813812256,423.063416242599,22.6420071125031,1.89431571960449
-0.00239525353746757,0,"rate_effect","VIP","DESeq2",49,0.0282070636749268,430.799074888229,28.9197087287903,2.02877569198608
0.327775302062033,1,"FSE","SLC17A7","DESeq2",49,0.028740406036377,411.27406167984,27.1586208343506,1.95289063453674
0,0,"FSE","PVALB","DESeq2",49,0.0296759605407715,424.28426527977,28.5306944847107,1.97954940795898
0.327775302062033,0,"FSE","TAC2","DESeq2",49,0.0315585136413574,424.110975265503,25.9745590686798,1.83040857315063
0.881747697233171,0,"FSE","VIP","DESeq2",49,0.0303142070770264,426.358679771423,27.514014005661,1.85209774971008
0.0192061026752105,0,"rate_effect","PVALB","wisp",50,0.0279641151428223,422.353990077972,28.4563901424408,1.88063788414001
0.970580627870927,0.338258783100173,"rate_effect","SLC17A7","wisp",50,0.029841423034668,455.733216524124,28.087949514389,1.87526679039001
0.0239286449352764,0,"rate_effect","TAC2","wisp",50,0.0290489196777344,428.638993501663,24.4395961761475,1.97462296485901
0.583335939648078,0.295399102382362,"rate_effect","VIP","wisp",50,0.0295510292053223,423.189258098602,21.3554708957672,1.91519999504089
0.308842743395243,-0.0169054940342903,"random_effect","replicate1","wisp",50,0.0303323268890381,446.011021852493,29.9634885787964,1.95551204681396
0.376799216688364,0.166434688027948,"random_effect","replicate2","wisp",50,0.0277292728424072,425.692224502563,29.5691344738007,1.90439701080322
-0.476133134968133,-0.398969133151695,"random_effect","replicate3","wisp",50,0.935065746307373,409.268024206161,26.510181427002,1.97003269195557
-0.224438436587767,-0.282158714020625,"random_effect","replicate4","wisp",50,0.0277588367462158,420.036387681961,27.1086444854736,1.88512778282166
1.29304718875502,0,"FSE","PVALB","wisp",50,0.028433084487915,435.003904342651,22.8738830089569,1.87973070144653
0,1,"FSE","SLC17A7","wisp",50,0.0291740894317627,422.846745491028,27.8921658992767,1.93611168861389
0.506804997768853,0,"FSE","TAC2","wisp",50,0.0325593948364258,422.382641553879,32.2758796215057,1.92639994621277
0.0691951479386936,1,"FSE","VIP","wisp",50,0.0299866199493408,450.483470439911,27.4053957462311,1.90693759918213
0.86819118202679,0,"SVG","PVALB","ELLA",50,0.0297629833221436,434.546971559525,23.7330112457275,1.87679743766785
0.835288537926781,1,"SVG","SLC17A7","ELLA",50,0.0338435173034668,436.816553592682,29.0492534637451,1.95362281799316
0.859953854253526,0,"SVG","TAC2","ELLA",50,0.027367115020752,422.633439302444,21.7879257202148,2.01387763023376
2.20003871659324e-06,1,"SVG","VIP","ELLA",50,0.0304765701293945,341.904124975204,28.1543152332306,1.86765432357788
0.817032109105767,0,"rate_effect","SLC17A7","DESeq2",50,0.0292367935180664,428.609116077423,25.2551717758179,1.91724061965942
-0.674195723048669,0.338258783100173,"rate_effect","PVALB","DESeq2",50,0.0310986042022705,444.368892192841,30.7688519954681,1.91700601577759
-0.649165128670848,0,"rate_effect","TAC2","DESeq2",50,0.0286846160888672,433.176414728165,25.6008260250092,2.11447739601135
0.645769037171634,0.295399102382362,"rate_effect","VIP","DESeq2",50,0.0247077941894531,429.265485286713,29.3011937141418,1.89909911155701
0,0,"FSE","SLC17A7","DESeq2",50,0.0279552936553955,442.510897397995,34.6902959346771,1.89492797851562
0,1,"FSE","PVALB","DESeq2",50,0.0318880081176758,434.701031208038,26.0515778064728,1.92224431037903
4.95658286647868e-275,0,"FSE","TAC2","DESeq2",50,0.0304415225982666,438.606535673141,24.8661851882935,1.91352796554565
0,1,"FSE","VIP","DESeq2",50,0.032750129699707,438.608156204224,26.6019434928894,1.87204194068909
0.0186919607294628,0,"rate_effect","PVALB","wisp",51,0.0291445255279541,421.407907009125,22.5907454490662,1.87196683883667
-0.308955891224346,0,"rate_effect","SLC17A7","wisp",51,0.961971044540405,427.296780824661,28.2648706436157,1.92194104194641
-0.288840985981833,0,"rate_effect","TAC2","wisp",51,0.0310268402099609,433.440595388412,28.0865998268127,1.92976903915405
-0.0415309685756565,0,"rate_effect","VIP","wisp",51,0.0276010036468506,448.544350624084,28.3334722518921,1.90699672698975
0.39665170603125,0.488804379710928,"random_effect","replicate1","wisp",51,0.033125638961792,437.187759637833,25.8857131004333,1.94445037841797
-0.468826883119971,-0.366047609830275,"random_effect","replicate2","wisp",51,0.0310487747192383,416.92185997963,34.7796940803528,1.96136689186096
0.147651635561716,-0.023245916236192,"random_effect","replicate3","wisp",51,0.0298552513122559,429.006608963013,28.0748641490936,1.91984724998474
-0.0182932042297603,-0.0975819320883602,"random_effect","replicate4","wisp",51,0.027881383895874,427.94335269928,29.6661524772644,1.91626119613647
1.09434315684316,0,"FSE","PVALB","wisp",51,0.0307164192199707,431.815202474594,29.9965281486511,1.88038921356201
0.00419580419580421,0,"FSE","SLC17A7","wisp",51,0.031790018081665,415.090425491333,28.7477598190308,1.97158217430115
0.467088467088467,0,"FSE","TAC2","wisp",51,0.961175680160522,446.45299243927,25.8177356719971,1.91986060142517
1.11648351648352,0,"FSE","VIP","wisp",51,0.0292866230010986,468.735806465149,25.6810131072998,1.88051891326904
0.86888923498909,1,"SVG","PVALB","ELLA",51,0.0333788394927979,430.931964159012,27.3349032402039,1.9478747844696
0.808538457858021,1,"SVG","SLC17A7","ELLA",51,0.0313360691070557,430.072258234024,32.5169382095337,1.92294645309448
5.50001278132317e-07,1,"SVG","TAC2","ELLA",51,0.0320706367492676,410.121573209763,23.7532002925873,1.94743466377258
0.856260254469891,0,"SVG","VIP","ELLA",51,0.0284214019775391,455.047101974487,29.9072344303131,1.901535987854
-9.40161887288285e-05,0,"rate_effect","SLC17A7","DESeq2",51,0.0273256301879883,418.158571958542,29.1062133312225,1.88763666152954
4.98411509165408e-05,0,"rate_effect","PVALB","DESeq2",51,0.0296573638916016,428.122677564621,30.82168841362,1.92050409317017
-2.38476337693215e-05,0,"rate_effect","TAC2","DESeq2",51,0.0289463996887207,427.728178977966,32.8114042282104,1.94097876548767
-1.44207514441025e-05,0,"rate_effect","VIP","DESeq2",51,0.0289764404296875,423.737015485764,28.5979809761047,1.92490077018738
0.796883566663529,0,"FSE","SLC17A7","DESeq2",51,0.0297586917877197,456.613583087921,28.417432308197,1.88906669616699
0.796883566663529,0,"FSE","PVALB","DESeq2",51,0.0328109264373779,420.884456634521,22.5742952823639,2.0883207321167
0.796883566663529,0,"FSE","TAC2","DESeq2",51,0.0276672840118408,424.830772399902,28.9470098018646,1.93059301376343
0.796883566663529,0,"FSE","VIP","DESeq2",51,0.0286664962768555,437.511374950409,26.4271965026855,2.01169347763062
-0.0206824300544923,0,"rate_effect","PVALB","wisp",52,0.0293729305267334,464.370765447617,28.4331409931183,1.92028284072876
0.0277264935865278,0,"rate_effect","SLC17A7","wisp",52,0.0321409702301025,403.638920783997,24.1360626220703,1.98838710784912
-0.0324690823483335,0,"rate_effect","TAC2","wisp",52,0.0281195640563965,414.873692512512,23.5046339035034,1.91408538818359
-0.0679018853242676,0,"rate_effect","VIP","wisp",52,0.963593482971191,429.04301905632,34.2810742855072,1.96899151802063
0.45615954256279,-0.170416462235153,"random_effect","replicate1","wisp",52,1.88674259185791,417.523854017258,26.3215594291687,1.88364768028259
-0.416684569498364,-0.444775827229023,"random_effect","replicate2","wisp",52,0.0296945571899414,421.218112707138,27.146746635437,1.96816301345825
-0.68704068463367,-0.488387182122096,"random_effect","replicate3","wisp",52,0.0303440093994141,441.318182468414,32.5797770023346,1.93074917793274
0.609670562696553,0.194172975374386,"random_effect","replicate4","wisp",52,0.0316970348358154,431.787833929062,26.038455247879,1.94249320030212
1.57242757242757,0,"FSE","PVALB","wisp",52,0.0272305011749268,441.372266292572,32.3179461956024,1.85554122924805
1.52775224775225,0,"FSE","SLC17A7","wisp",52,0.0315840244293213,424.107073545456,30.2552561759949,1.88771200180054
1.48390498390498,0,"FSE","TAC2","wisp",52,0.0327708721160889,420.323094844818,23.4643216133118,1.9144229888916
1.27644577644578,0,"FSE","VIP","wisp",52,0.0276579856872559,448.618867874146,29.8870091438293,1.93364334106445
0.858667829023881,0,"SVG","PVALB","ELLA",52,0.031425952911377,375.935034036636,27.1698169708252,1.93180441856384
0.848704907314151,0,"SVG","SLC17A7","ELLA",52,0.0269701480865479,429.70928645134,31.0543217658997,2.00865888595581
0.758128320324898,0,"SVG","TAC2","ELLA",52,0.0327162742614746,437.831256628036,29.3419151306152,1.91435265541077
0.965929801927164,1,"SVG","VIP","ELLA",52,0.0288233757019043,431.461276769638,29.5254518985748,1.95789742469788
0.000272780537501444,0,"rate_effect","SLC17A7","DESeq2",52,0.028160572052002,427.493983983994,24.4479246139526,1.92510008811951
1.79497620029586e-05,0,"rate_effect","PVALB","DESeq2",52,0.0265765190124512,465.420249700546,23.41534948349,1.87832069396973
-1.38252699889148e-05,0,"rate_effect","TAC2","DESeq2",52,0.0311448574066162,435.724847555161,25.2409904003143,1.97131896018982
-4.10386153027897e-05,0,"rate_effect","VIP","DESeq2",52,0.0287723541259766,426.489372253418,30.498678445816,1.91572141647339
0.652861089238076,0,"FSE","SLC17A7","DESeq2",52,0.028050422668457,433.407697439194,24.0474677085876,1.89630961418152
0.652861089238076,0,"FSE","PVALB","DESeq2",52,0.0294380187988281,417.568301677704,26.5134179592133,1.9169909954071
0.652861089238076,0,"FSE","TAC2","DESeq2",52,0.0276269912719727,419.191938638687,32.9697706699371,1.88022470474243
0.809758748365545,0,"FSE","VIP","DESeq2",52,0.0316841602325439,430.204669237137,25.8227248191833,1.93337726593018
0.108153296198605,0,"rate_effect","PVALB","wisp",53,0.0281548500061035,423.383732318878,27.5879828929901,2.00009894371033
0.0100569610738212,0,"rate_effect","SLC17A7","wisp",53,0.950234889984131,433.018593549728,25.3655872344971,1.8637535572052
0.816881583213776,0.411022696411237,"rate_effect","TAC2","wisp",53,0.0335521697998047,425.685601949692,28.7269361019135,1.95883941650391
0.475319776851478,0,"rate_effect","VIP","wisp",53,0.0294747352600098,421.638487815857,30.5206129550934,1.83303546905518
-0.197163987110303,0.0119443284347653,"random_effect","replicate1","wisp",53,0.0276050567626953,403.932096004486,19.2276413440704,1.78714275360107
0.128913884473869,0.24662891891785,"random_effect","replicate2","wisp",53,0.0286576747894287,408.298879146576,22.2654452323914,1.84356260299683
-0.101266833236957,0.115038454998285,"random_effect","replicate3","wisp",53,0.0274727344512939,411.141361951828,25.3585731983185,1.77027249336243
0.115281675801021,0.228718530153856,"random_effect","replicate4","wisp",53,0.0304088592529297,414.141072034836,23.9539802074432,1.80440640449524
1.35096903096903,0,"FSE","PVALB","wisp",53,0.0287880897521973,408.969439744949,30.3737318515778,1.77948665618896
1.03349711512977,0,"FSE","SLC17A7","wisp",53,0.028679370880127,409.549560070038,22.5197160243988,1.75816679000854
0.714785214785215,1,"FSE","TAC2","wisp",53,0.0275130271911621,403.635833740234,30.8150849342346,1.85015249252319
0.510683760683761,0,"FSE","VIP","wisp",53,0.0293619632720947,433.035242795944,27.7534692287445,1.79997277259827
0.850760877282285,1,"SVG","PVALB","ELLA",53,0.0276510715484619,418.054634571075,30.3133184909821,1.76283740997314
0.887526654851321,0,"SVG","SLC17A7","ELLA",53,0.0313279628753662,439.242620706558,24.6636564731598,1.80634546279907
1.10000858033477e-06,1,"SVG","TAC2","ELLA",53,0.0292425155639648,351.229082584381,27.6974363327026,1.83659362792969
1.10003235864742e-06,1,"SVG","VIP","ELLA",53,0.0299062728881836,428.477724790573,27.0271451473236,1.79152250289917
-0.0109688688452209,0,"rate_effect","SLC17A7","DESeq2",53,0.028439998626709,400.481114149094,25.8864300251007,1.79541492462158
-0.0238185586582573,0,"rate_effect","PVALB","DESeq2",53,0.895889282226562,416.329598903656,25.5795469284058,1.76463961601257
1.7435195940143,0.411022696411237,"rate_effect","TAC2","DESeq2",53,0.0301418304443359,397.71418094635,28.2146577835083,1.78049683570862
0.00413677268035686,0,"rate_effect","VIP","DESeq2",53,0.0305290222167969,413.912841081619,30.5826287269592,1.81949877738953
0.00258020458793267,0,"FSE","SLC17A7","DESeq2",53,0.0295813083648682,405.915508031845,25.7490229606628,1.80578708648682
0.00876502785033342,0,"FSE","PVALB","DESeq2",53,0.0276761054992676,401.609362363815,23.6494569778442,1.81292271614075
0,1,"FSE","TAC2","DESeq2",53,0.0274889469146729,409.212975025177,25.6452651023865,1.82821798324585
0.730476510812009,0,"FSE","VIP","DESeq2",53,0.0307917594909668,414.806458950043,29.2246925830841,1.80796146392822
0.0561255311676884,0,"rate_effect","PVALB","wisp",54,0.0279734134674072,423.394227981567,30.1006395816803,1.78223991394043
-0.121875034018449,0.0326219263952225,"rate_effect","SLC17A7","wisp",54,0.0319101810455322,426.406829357147,27.4714765548706,1.80058145523071
0.0997838937035768,0,"rate_effect","TAC2","wisp",54,0.029646635055542,402.189610004425,27.126549243927,1.84013605117798
-0.0266333676263238,0,"rate_effect","VIP","wisp",54,0.0317471027374268,435.770930051804,27.0759134292603,1.74023652076721
0.410016829409966,0.349945710971951,"random_effect","replicate1","wisp",54,0.028592586517334,408.307660102844,29.5158882141113,1.77786779403687
-0.229591343100978,-0.236742570297793,"random_effect","replicate2","wisp",54,0.0283982753753662,411.093592882156,27.4431064128876,1.73424339294434
0.179272188332633,-0.109364284668118,"random_effect","replicate3","wisp",54,0.0274736881256104,406.61597943306,31.6404249668121,1.80775022506714
-0.413020316747709,-0.36922759260051,"random_effect","replicate4","wisp",54,0.0311400890350342,408.279498338699,23.8222887516022,1.86932563781738
0.484944444444445,0,"FSE","PVALB","wisp",54,0.0311648845672607,409.458102464676,26.5550758838654,1.80131101608276
0.540888888888889,1,"FSE","SLC17A7","wisp",54,0.029813289642334,411.923641443253,23.8093945980072,1.76051712036133
0.509222222222222,0,"FSE","TAC2","wisp",54,0.0329639911651611,405.545966625214,31.5916204452515,1.78944897651672
0.406020408163265,0,"FSE","VIP","wisp",54,0.0260028839111328,425.389599561691,24.1233968734741,1.78804445266724
0.786981138611755,1,"SVG","PVALB","ELLA",54,0.0357918739318848,398.119257926941,28.8584458827972,1.83746886253357
0.929127366128186,1,"SVG","SLC17A7","ELLA",54,0.0309436321258545,418.349713802338,35.2129671573639,1.8385636806488
1.1000092908775e-06,1,"SVG","TAC2","ELLA",54,0.0236492156982422,406.516528367996,25.677962064743,1.86991882324219
2.19691777120223e-06,1,"SVG","VIP","ELLA",54,0.0269579887390137,425.068669080734,31.497305393219,1.86204314231873
0.151475771377522,0,"rate_effect","SLC17A7","DESeq2",54,0.0278401374816895,422.368977308273,21.9365797042847,1.84537696838379
-0.0277340826165027,0.0326219263952225,"rate_effect","PVALB","DESeq2",54,0.0262370109558105,430.461272001266,26.6901309490204,1.90605521202087
-0.00286870547957084,0,"rate_effect","TAC2","DESeq2",54,0.0279896259307861,412.056294202805,28.827924489975,2.02909517288208
-0.00896517784482232,0,"rate_effect","VIP","DESeq2",54,0.0239815711975098,437.154964923859,21.9802222251892,1.92869520187378
2.05607108245126e-39,0,"FSE","SLC17A7","DESeq2",54,0.0296258926391602,422.03987288475,33.1828806400299,1.90689778327942
0.098357411728694,1,"FSE","PVALB","DESeq2",54,0.0269100666046143,453.455007553101,24.2923212051392,1.84552454948425
0.856813784345672,0,"FSE","TAC2","DESeq2",54,0.0264310836791992,436.033627033234,27.4141705036163,1.84341669082642
0.801190450498926,0,"FSE","VIP","DESeq2",54,0.030048131942749,416.873572587967,22.743204832077,1.89280819892883
0.0241516303570559,0,"rate_effect","PVALB","wisp",55,0.026158332824707,418.94610118866,26.0069177150726,1.88708782196045
-0.0400618886237255,0,"rate_effect","SLC17A7","wisp",55,0.02978515625,411.92558836937,23.0960333347321,1.92023396492004
-0.0149833761701601,0,"rate_effect","TAC2","wisp",55,0.0285301208496094,440.837086200714,25.1775932312012,1.9048330783844
-0.00457562237532353,0,"rate_effect","VIP","wisp",55,0.0287730693817139,418.37282538414,26.0856287479401,2.60899710655212
0.54911339468809,0.362375786993653,"random_effect","replicate1","wisp",55,0.0306224822998047,420.641088485718,27.347541809082,1.87631368637085
-0.558897088457403,-0.442368700401857,"random_effect","replicate2","wisp",55,0.0251264572143555,428.662610292435,21.5447599887848,1.84871196746826
0.461005946485548,0.0870882251765579,"random_effect","replicate3","wisp",55,0.0291104316711426,427.803039550781,30.6923115253448,1.89639258384705
-0.534469332301919,-0.436123677296564,"random_effect","replicate4","wisp",55,0.0312936305999756,424.708827018738,25.2575786113739,1.85999202728271
1.69726273726274,0,"FSE","PVALB","wisp",55,0.0281896591186523,432.656529903412,24.8084371089935,1.89901542663574
0.42046842046842,0,"FSE","SLC17A7","wisp",55,0.031583309173584,427.925946950912,26.4291985034943,1.92317056655884
1.67854367854368,0,"FSE","TAC2","wisp",55,0.0287032127380371,424.533989191055,32.605699300766,1.91907668113708
1.01355787070073,0,"FSE","VIP","wisp",55,0.0302207469940186,439.701268434525,32.080885887146,1.9224226474762
0.840284297945897,0,"SVG","PVALB","ELLA",55,0.0275440216064453,423.768881559372,22.7086806297302,1.91026425361633
0.928730857460038,1,"SVG","SLC17A7","ELLA",55,0.0284562110900879,418.428074121475,25.0440411567688,1.86522579193115
0.755013128211161,0,"SVG","TAC2","ELLA",55,0.0321822166442871,423.145944595337,28.5050308704376,1.88742089271545
0.873297400396341,0,"SVG","VIP","ELLA",55,1.83389782905579,428.387951374054,27.2869317531586,1.97345232963562
-0.000396336372253606,0,"rate_effect","SLC17A7","DESeq2",55,0.029057502746582,342.884785890579,24.0696587562561,1.93395066261292
8.05109012336116e-06,0,"rate_effect","PVALB","DESeq2",55,0.0272171497344971,438.251104593277,21.7468342781067,1.89160752296448
1.57503148127922e-05,0,"rate_effect","TAC2","DESeq2",55,0.0269596576690674,421.046288967133,23.9341967105865,1.92022323608398
-0.000200509149136654,0,"rate_effect","VIP","DESeq2",55,0.0296871662139893,413.815036773682,29.3492894172668,1.99918484687805
0.966487790583926,0,"FSE","SLC17A7","DESeq2",55,0.0308065414428711,436.233450174332,30.0629839897156,1.94655609130859
0.966487790583926,0,"FSE","PVALB","DESeq2",55,0.0267951488494873,437.389758586884,29.0803780555725,1.91891193389893
0.966487790583926,0,"FSE","TAC2","DESeq2",55,0.0312454700469971,421.801689386368,32.9749879837036,1.85251688957214
0.966487790583926,0,"FSE","VIP","DESeq2",55,0.0282926559448242,412.800875425339,32.2108843326569,2.01232624053955
0.399478053271671,0.178846698487177,"rate_effect","PVALB","wisp",56,0.0285141468048096,415.758309602737,22.5008878707886,1.89890432357788
0.456440883585926,0.105200129793957,"rate_effect","SLC17A7","wisp",56,0.0309028625488281,448.807687759399,27.4583051204681,2.57047271728516
0.517638477297907,0.221510361414403,"rate_effect","TAC2","wisp",56,0.0265467166900635,425.658793926239,26.1612327098846,1.99357652664185
-0.221413438063596,-0.0574520083609968,"rate_effect","VIP","wisp",56,0.0303549766540527,419.892758131027,27.2944993972778,1.90579128265381
0.246614615751253,-0.19264442124404,"random_effect","replicate1","wisp",56,0.0257844924926758,423.843417406082,27.4935083389282,1.95272493362427
-0.774795960154266,-0.494672546628863,"random_effect","replicate2","wisp",56,0.0316722393035889,419.851747989655,33.067813873291,1.91422843933105
0.395760125247544,0.00826976704411209,"random_effect","replicate3","wisp",56,0.0286879539489746,432.175387382507,25.0857548713684,1.89460062980652
0.521704142018847,0.45097431121394,"random_effect","replicate4","wisp",56,0.02815842628479,433.26940369606,29.9820668697357,1.89951992034912
0.52985902985903,1,"FSE","PVALB","wisp",56,0.0281815528869629,422.863761901855,31.7035093307495,1.87914896011353
0,1,"FSE","SLC17A7","wisp",56,0.0313327312469482,419.048016548157,28.450918674469,1.91853785514832
0.17998001998002,1,"FSE","TAC2","wisp",56,0.0285539627075195,428.176956653595,28.7329323291779,1.9428985118866
0.606920856920857,1,"FSE","VIP","wisp",56,0.0334653854370117,448.894484519958,26.7565746307373,1.9282500743866
0.856200295274447,1,"SVG","PVALB","ELLA",56,0.0286557674407959,431.972440481186,31.2850565910339,1.88315010070801
0.831847147817006,1,"SVG","SLC17A7","ELLA",56,0.0300242900848389,424.963372707367,22.1425814628601,1.95683145523071
1.10000964009815e-06,1,"SVG","TAC2","ELLA",56,0.0302369594573975,418.386739492416,27.6639943122864,1.88131093978882
0.979410283794168,1,"SVG","VIP","ELLA",56,0.0300443172454834,421.28426527977,26.8966805934906,1.87866401672363
-0.1782140897681,0.178846698487177,"rate_effect","SLC17A7","DESeq2",56,0.0321400165557861,442.835676431656,31.8027515411377,1.93642425537109
0.177088041270162,0.105200129793957,"rate_effect","PVALB","DESeq2",56,0.0286946296691895,454.172886371613,20.994350194931,1.92745304107666
0.290601121938417,0.221510361414403,"rate_effect","TAC2","DESeq2",56,0.0270276069641113,426.286192655563,29.4402439594269,1.9688024520874
-1.049779006775,-0.0574520083609968,"rate_effect","VIP","DESeq2",56,0.028942346572876,426.630576610565,26.7875216007233,1.85739088058472
3.6989347140853e-22,1,"FSE","SLC17A7","DESeq2",56,0.0292212963104248,403.239965200424,18.2296206951141,1.95345449447632
4.21061788572155e-12,1,"FSE","PVALB","DESeq2",56,0.0291359424591064,437.543063640594,30.7751030921936,1.94943451881409
2.79233622793669e-21,1,"FSE","TAC2","DESeq2",56,0.0285475254058838,424.828949689865,29.1811516284943,1.91415333747864
9.84251287691476e-248,1,"FSE","VIP","DESeq2",56,0.0288188457489014,410.777765274048,29.7327396869659,1.89316058158875
0.0147456731159713,-0.353036849061027,"rate_effect","PVALB","wisp",57,0.032414436340332,419.698316812515,29.1467514038086,1.89908075332642
0.234005292007562,0,"rate_effect","SLC17A7","wisp",57,0.0276556015014648,420.921313047409,29.8099269866943,1.88652443885803
-0.00545548298166891,0,"rate_effect","TAC2","wisp",57,0.0273778438568115,421.405151367188,26.7447578907013,1.91813373565674
0.0261174195600736,0,"rate_effect","VIP","wisp",57,0.031156063079834,429.191378355026,28.5962595939636,1.9064519405365
-0.0966687695983141,0.0441851895302534,"random_effect","replicate1","wisp",57,0.0286152362823486,427.424861907959,26.4314243793488,1.93819808959961
0.198996527040413,0.207924623275176,"random_effect","replicate2","wisp",57,0.0281038284301758,418.824084997177,25.559473991394,2.10096716880798
-0.276570827364017,-0.0919740011449903,"random_effect","replicate3","wisp",57,0.0306472778320312,466.21201300621,29.5179445743561,1.95194005966187
0.196408903059716,0.238683789968491,"random_effect","replicate4","wisp",57,0.0272939205169678,428.564567327499,28.1826069355011,1.93955206871033
2.11932511932512,1,"FSE","PVALB","wisp",57,0.0268537998199463,428.62980222702,28.0788650512695,1.86716628074646
1.26770451770452,0,"FSE","SLC17A7","wisp",57,0.0316793918609619,433.665621757507,28.1941282749176,1.93836879730225
1.4486901986902,0,"FSE","TAC2","wisp",57,0.03013014793396,428.914049386978,27.9392147064209,1.9660108089447
1.5633550123346,0,"FSE","VIP","wisp",57,0.0287206172943115,433.117321252823,28.3073542118073,1.88844609260559
0.932039846769504,0,"SVG","PVALB","ELLA",57,0.0285968780517578,418.431674480438,33.0067012310028,1.91616630554199
0.974617554026235,1,"SVG","SLC17A7","ELLA",57,0.0298805236816406,434.249496936798,27.1291103363037,1.91533708572388
0.981173000013434,0,"SVG","TAC2","ELLA",57,0.0283896923065186,421.070561885834,30.8779003620148,1.90010547637939
0.928523077686793,0,"SVG","VIP","ELLA",57,0.029975414276123,428.989985227585,23.9281105995178,1.94244980812073
-0.0115386982976057,-0.353036849061027,"rate_effect","SLC17A7","DESeq2",57,0.0299692153930664,457.875961065292,31.8868365287781,1.89758825302124
0.000222855038171566,0,"rate_effect","PVALB","DESeq2",57,0.02939772605896,417.147555589676,23.9216980934143,1.87791299819946
0.000135698064721317,0,"rate_effect","TAC2","DESeq2",57,0.0280909538269043,416.846960306168,27.8313653469086,1.94330286979675
-4.54817458272827e-05,0,"rate_effect","VIP","DESeq2",57,0.0304865837097168,344.447868108749,27.1202914714813,1.91046500205994
0.00120918635593049,1,"FSE","SLC17A7","DESeq2",57,0.029170036315918,439.159169435501,28.2010991573334,1.95590901374817
0.658832301299293,0,"FSE","PVALB","DESeq2",57,0.0297019481658936,437.935654640198,30.1933093070984,1.91210222244263
0.396555017994939,0,"FSE","TAC2","DESeq2",57,0.027332067489624,424.346310138702,25.7669529914856,1.95130276679993
0.658832301299293,0,"FSE","VIP","DESeq2",57,0.0291640758514404,437.639401674271,30.6169512271881,1.97665858268738
-0.0128757552107522,0,"rate_effect","PVALB","wisp",58,0.0300407409667969,426.175881147385,30.7624077796936,1.87547874450684
-0.13988301675988,0,"rate_effect","SLC17A7","wisp",58,0.0379784107208252,431.229801654816,21.6975998878479,1.9074375629425
-0.19215171332242,0,"rate_effect","TAC2","wisp",58,0.0266921520233154,428.557741880417,22.2550806999207,1.90938234329224
-0.144703291115051,0,"rate_effect","VIP","wisp",58,0.0271389484405518,437.074442386627,26.5238418579102,1.91658329963684
0.162220732805509,0.490131106926128,"random_effect","replicate1","wisp",58,0.0304219722747803,437.910945653915,22.326967716217,1.87165641784668
0.160835199538132,0.480550691019744,"random_effect","replicate2","wisp",58,0.0298922061920166,438.342940330505,27.465437412262,1.94656467437744
-0.297776140712869,0.00481524388305843,"random_effect","replicate3","wisp",58,0.0309114456176758,435.115567207336,31.1347949504852,1.98431396484375
0.112655739776799,0.437330023385584,"random_effect","replicate4","wisp",58,0.0306754112243652,438.493384361267,28.8851320743561,1.9389660358429
0.632897714530368,0,"FSE","PVALB","wisp",58,0.0304248332977295,448.30394411087,32.6194403171539,1.90953707695007
0.41018981018981,0,"FSE","SLC17A7","wisp",58,0.0324821472167969,415.358382225037,32.2989933490753,1.89722228050232
0.968219280719281,0,"FSE","TAC2","wisp",58,0.0308408737182617,436.328069925308,27.416788816452,1.91525959968567
0.753080253080253,0,"FSE","VIP","wisp",58,0.0313224792480469,427.341772556305,28.5475046634674,1.95126700401306
0.86696735919426,1,"SVG","PVALB","ELLA",58,0.0268018245697021,431.519038438797,28.7881174087524,1.92720103263855
0.913003693790108,1,"SVG","SLC17A7","ELLA",58,0.0292632579803467,428.10148024559,30.4223482608795,1.970871925354
4.40001236279297e-07,1,"SVG","TAC2","ELLA",58,0.0282788276672363,405.253556966782,25.0135204792023,2.00466966629028
3.66667306184176e-07,1,"SVG","VIP","ELLA",58,0.0284509658813477,431.580227851868,27.9698166847229,1.89975738525391
0.00959545922788309,0,"rate_effect","SLC17A7","DESeq2",58,0.0286874771118164,430.834863185883,27.7004799842834,1.89838004112244
0.0577880262509088,0,"rate_effect","PVALB","DESeq2",58,0.0305662155151367,442.693529844284,26.6938269138336,1.96454334259033
-0.0313904925336914,0,"rate_effect","TAC2","DESeq2",58,0.02779221534729,451.127518415451,26.0369720458984,1.90947294235229
-0.0175913857227303,0,"rate_effect","VIP","DESeq2",58,0.0288090705871582,419.77030134201,25.7107317447662,1.97353386878967
0.0183521113972244,0,"FSE","SLC17A7","DESeq2",58,0.0304677486419678,425.153422117233,24.997104883194,1.92307567596436
2.18946889521182e-12,0,"FSE","PVALB","DESeq2",58,0.0301992893218994,437.201149463654,31.2977366447449,1.96999192237854
0.00699860141519339,0,"FSE","TAC2","DESeq2",58,0.0317413806915283,419.524928569794,21.2905933856964,1.96289253234863
0.053030640372385,0,"FSE","VIP","DESeq2",58,0.0284855365753174,446.937193155289,28.4970102310181,1.91163372993469
-0.0247116182187315,0,"rate_effect","PVALB","wisp",59,0.0274665355682373,444.712888479233,23.9891443252563,1.87488484382629
-0.00361967699599714,-0.480621247319505,"rate_effect","SLC17A7","wisp",59,0.0323386192321777,417.759402275085,25.2549314498901,1.89371967315674
0.00328318992433707,0,"rate_effect","TAC2","wisp",59,0.0282852649688721,416.854083061218,30.6044044494629,1.92660236358643
-0.0798790842275291,0,"rate_effect","VIP","wisp",59,0.0322670936584473,421.5183634758,31.4342231750488,1.93913173675537
0.506675471463499,0.0614380659535527,"random_effect","replicate1","wisp",59,0.0289487838745117,448.733220338821,26.4758231639862,1.96097540855408
-0.495910418565003,-0.44448464573361,"random_effect","replicate2","wisp",59,0.0280981063842773,427.417523622513,30.1986346244812,1.98125243186951
0.407595416680865,-0.146101854974404,"random_effect","replicate3","wisp",59,0.0323467254638672,453.860027313232,30.1176075935364,1.94006776809692
-0.457694068885751,-0.43623685115017,"random_effect","replicate4","wisp",59,0.0279364585876465,419.111906051636,30.3025121688843,1.82835912704468
1.15841970529471,0,"FSE","PVALB","wisp",59,0.0278191566467285,422.150298118591,25.0138621330261,1.9052460193634
1.77003552003552,1,"FSE","SLC17A7","wisp",59,0.975653648376465,431.828337192535,27.9934065341949,1.96088552474976
1.31388611388611,0,"FSE","TAC2","wisp",59,0.0273873805999756,417.86593914032,26.1573016643524,1.92815375328064
0.967657342657342,0,"FSE","VIP","wisp",59,0.0301876068115234,421.714729070663,36.1966271400452,1.85416579246521
0.829165701044081,0,"SVG","PVALB","ELLA",59,0.966925382614136,423.18149805069,28.2153370380402,1.94660639762878
0.958510852627424,0,"SVG","SLC17A7","ELLA",59,0.959918260574341,411.49706864357,21.0312209129333,1.96745443344116
0.92862977432226,0,"SVG","TAC2","ELLA",59,0.0286843776702881,424.162430047989,28.4714119434357,1.95679402351379
0.814918776573998,1,"SVG","VIP","ELLA",59,0.0275018215179443,424.953616142273,28.753488779068,1.89107203483582
-9.41682423796474e-07,0,"rate_effect","SLC17A7","DESeq2",59,0.0303053855895996,413.682648897171,32.5513451099396,1.86874127388
0.000105765197298997,-0.480621247319505,"rate_effect","PVALB","DESeq2",59,0.0296225547790527,418.972558736801,22.28346991539,1.91441702842712
0.000129307401980086,0,"rate_effect","TAC2","DESeq2",59,0.0314235687255859,439.402960062027,22.7104434967041,2.06456971168518
-1.99800838631958e-05,0,"rate_effect","VIP","DESeq2",59,0.0252742767333984,437.390397071838,23.8163566589355,1.89545559883118
0.895636263738126,0,"FSE","SLC17A7","DESeq2",59,0.0300617218017578,435.108697414398,30.1848514080048,1.95747828483582
0.895636263738126,1,"FSE","PVALB","DESeq2",59,0.0281143188476562,417.028471469879,30.4718544483185,1.9316611289978
0.895636263738126,0,"FSE","TAC2","DESeq2",59,0.0322134494781494,428.645718336105,24.1389372348785,1.9397451877594
0.895636263738126,0,"FSE","VIP","DESeq2",59,0.0293436050415039,437.016592979431,28.5908098220825,2.00542783737183
-0.0499193060085604,0,"rate_effect","PVALB","wisp",60,0.0281786918640137,436.223310709,33.0396196842194,1.87908291816711
0.039945636463628,0.0185442180372775,"rate_effect","SLC17A7","wisp",60,0.0291585922241211,432.003209590912,25.8684644699097,1.98139333724976
0.30563123439396,0,"rate_effect","TAC2","wisp",60,0.0310695171356201,421.0782122612,30.3165369033813,1.92700958251953
-1.83313963096216,-0.453886436065659,"rate_effect","VIP","wisp",60,0.0277640819549561,416.96134018898,25.3891241550446,1.93578004837036
-0.0357151829080243,-0.343761866446584,"random_effect","replicate1","wisp",60,0.0296456813812256,423.063416242599,22.6420071125031,1.89431571960449
0.0146992414488174,0.0236423944588751,"random_effect","replicate2","wisp",60,0.0282070636749268,430.799074888229,28.9197087287903,2.02877569198608
0.0141159286999066,-0.245181622682139,"random_effect","replicate3","wisp",60,0.028740406036377,411.27406167984,27.1586208343506,1.95289063453674
0.0925205829279809,-0.0738065347541124,"random_effect","replicate4","wisp",60,0.0296759605407715,424.28426527977,28.5306944847107,1.97954940795898
1.66902485269832,0,"FSE","PVALB","wisp",60,0.0315585136413574,424.110975265503,25.9745590686798,1.83040857315063
1.70933066933067,1,"FSE","SLC17A7","wisp",60,0.0303142070770264,426.358679771423,27.514014005661,1.85209774971008
1.32074175824176,0,"FSE","TAC2","wisp",60,0.0279641151428223,422.353990077972,28.4563901424408,1.88063788414001
0.306204000081551,1,"FSE","VIP","wisp",60,0.029841423034668,455.733216524124,28.087949514389,1.87526679039001
0.905067266913373,0,"SVG","PVALB","ELLA",60,0.0290489196777344,428.638993501663,24.4395961761475,1.97462296485901
0.905996655985556,1,"SVG","SLC17A7","ELLA",60,0.0295510292053223,423.189258098602,21.3554708957672,1.91519999504089
2.20015062485368e-06,1,"SVG","TAC2","ELLA",60,0.0303323268890381,446.011021852493,29.9634885787964,1.95551204681396
0.935388217531823,1,"SVG","VIP","ELLA",60,0.0277292728424072,425.692224502563,29.5691344738007,1.90439701080322
0.125266633175972,0,"rate_effect","SLC17A7","DESeq2",60,0.935065746307373,409.268024206161,26.510181427002,1.97003269195557
0.00799833765395401,0.0185442180372775,"rate_effect","PVALB","DESeq2",60,0.0277588367462158,420.036387681961,27.1086444854736,1.88512778282166
-0.00685057959518826,0,"rate_effect","TAC2","DESeq2",60,0.028433084487915,435.003904342651,22.8738830089569,1.87973070144653
-6.63333478896126,-0.453886436065659,"rate_effect","VIP","DESeq2",60,0.0291740894317627,422.846745491028,27.8921658992767,1.93611168861389
4.82400145760118e-57,0,"FSE","SLC17A7","DESeq2",60,0.0325593948364258,422.382641553879,32.2758796215057,1.92639994621277
0.71457906433921,1,"FSE","PVALB","DESeq2",60,0.0299866199493408,450.483470439911,27.4053957462311,1.90693759918213
0.71457906433921,0,"FSE","TAC2","DESeq2",60,0.0297629833221436,434.546971559525,23.7330112457275,1.87679743766785
0,1,"FSE","VIP","DESeq2",60,0.0338435173034668,436.816553592682,29.0492534637451,1.95362281799316
-0.33492401324105,-0.101520511321723,"rate_effect","PVALB","wisp",61,0.027367115020752,422.633439302444,21.7879257202148,2.01387763023376
0.578429314508893,0.187716213753447,"rate_effect","SLC17A7","wisp",61,0.0304765701293945,341.904124975204,28.1543152332306,1.86765432357788
-2.0041955402374,-0.461823320249096,"rate_effect","TAC2","wisp",61,0.0292367935180664,428.609116077423,25.2551717758179,1.91724061965942
-0.135565431339521,0,"rate_effect","VIP","wisp",61,0.0310986042022705,444.368892192841,30.7688519954681,1.91700601577759
-0.567682198113937,-0.426320324186236,"random_effect","replicate1","wisp",61,0.0286846160888672,433.176414728165,25.6008260250092,2.11447739601135
0.367096361109529,0.376099003013223,"random_effect","replicate2","wisp",61,0.0247077941894531,429.265485286713,29.3011937141418,1.89909911155701
0.297944660719523,0.186634344514459,"random_effect","replicate3","wisp",61,0.0279552936553955,442.510897397995,34.6902959346771,1.89492797851562
0.169034343142322,0.0257236389443278,"random_effect","replicate4","wisp",61,0.0318880081176758,434.701031208038,26.0515778064728,1.92224431037903
0.32273976023976,1,"FSE","PVALB","wisp",61,0.0304415225982666,438.606535673141,24.8661851882935,1.91352796554565
0.0179820179820181,1,"FSE","SLC17A7","wisp",61,0.032750129699707,438.608156204224,26.6019434928894,1.87204194068909
0.034090909090909,1,"FSE","TAC2","wisp",61,0.0291445255279541,421.407907009125,22.5907454490662,1.87196683883667
0.128055617851536,0,"FSE","VIP","wisp",61,0.961971044540405,427.296780824661,28.2648706436157,1.92194104194641
0.796188761578001,1,"SVG","PVALB","ELLA",61,0.0310268402099609,433.440595388412,28.0865998268127,1.92976903915405
0.913379365683249,1,"SVG","SLC17A7","ELLA",61,0.0276010036468506,448.544350624084,28.3334722518921,1.90699672698975
2.20003276524272e-06,1,"SVG","TAC2","ELLA",61,0.033125638961792,437.187759637833,25.8857131004333,1.94445037841797
0.838200017322035,1,"SVG","VIP","ELLA",61,0.0310487747192383,416.92185997963,34.7796940803528,1.96136689186096
1.23526372182132,-0.101520511321723,"rate_effect","SLC17A7","DESeq2",61,0.0298552513122559,429.006608963013,28.0748641490936,1.91984724998474
-0.324961101760899,0.187716213753447,"rate_effect","PVALB","DESeq2",61,0.027881383895874,427.94335269928,29.6661524772644,1.91626119613647
-6.88494591732679,-0.461823320249096,"rate_effect","TAC2","DESeq2",61,0.0307164192199707,431.815202474594,29.9965281486511,1.88038921356201
0.324603400249921,0,"rate_effect","VIP","DESeq2",61,0.031790018081665,415.090425491333,28.7477598190308,1.97158217430115
0,1,"FSE","SLC17A7","DESeq2",61,0.961175680160522,446.45299243927,25.8177356719971,1.91986060142517
1.79298888107666e-141,1,"FSE","PVALB","DESeq2",61,0.0292866230010986,468.735806465149,25.6810131072998,1.88051891326904
0,1,"FSE","TAC2","DESeq2",61,0.0333788394927979,430.931964159012,27.3349032402039,1.9478747844696
5.91274697225241e-102,0,"FSE","VIP","DESeq2",61,0.0313360691070557,430.072258234024,32.5169382095337,1.92294645309448
-0.145210511484337,0,"rate_effect","PVALB","wisp",62,0.0320706367492676,410.121573209763,23.7532002925873,1.94743466377258
-0.565016398367493,0,"rate_effect","SLC17A7","wisp",62,0.0284214019775391,455.047101974487,29.9072344303131,1.901535987854
-0.215479836187864,0,"rate_effect","TAC2","wisp",62,0.0273256301879883,418.158571958542,29.1062133312225,1.88763666152954
0.0803778143300475,0,"rate_effect","VIP","wisp",62,0.0296573638916016,428.122677564621,30.82168841362,1.92050409317017
-0.0867971678127238,-0.184653198113665,"random_effect","replicate1","wisp",62,0.0289463996887207,427.728178977966,32.8114042282104,1.94097876548767
0.209931743149125,-0.0847256723791361,"random_effect","replicate2","wisp",62,0.0289764404296875,423.737015485764,28.5979809761047,1.92490077018738
0.42381768452821,0.329136092914268,"random_effect","replicate3","wisp",62,0.0297586917877197,456.613583087921,28.417432308197,1.88906669616699
-0.49569564364106,-0.414774827193469,"random_effect","replicate4","wisp",62,0.0328109264373779,420.884456634521,22.5742952823639,2.0883207321167
0.779588766298897,0,"FSE","PVALB","wisp",62,0.0276672840118408,424.830772399902,28.9470098018646,1.93059301376343
0.287863590772317,0,"FSE","SLC17A7","wisp",62,0.0286664962768555,437.511374950409,26.4271965026855,2.01169347763062
0.417743024993347,0,"FSE","TAC2","wisp",62,0.0293729305267334,464.370765447617,28.4331409931183,1.92028284072876
0.643618355065196,0,"FSE","VIP","wisp",62,0.0321409702301025,403.638920783997,24.1360626220703,1.98838710784912
0.751363809273905,1,"SVG","PVALB","ELLA",62,0.0281195640563965,414.873692512512,23.5046339035034,1.91408538818359
0.89451668170898,1,"SVG","SLC17A7","ELLA",62,0.963593482971191,429.04301905632,34.2810742855072,1.96899151802063
7.33337723157756e-07,1,"SVG","TAC2","ELLA",62,1.88674259185791,417.523854017258,26.3215594291687,1.88364768028259
7.33337381431109e-07,1,"SVG","VIP","ELLA",62,0.0296945571899414,421.218112707138,27.146746635437,1.96816301345825
4.8630702701781e-05,0,"rate_effect","SLC17A7","DESeq2",62,0.0303440093994141,441.318182468414,32.5797770023346,1.93074917793274
5.19868813519634e-05,0,"rate_effect","PVALB","DESeq2",62,0.0316970348358154,431.787833929062,26.038455247879,1.94249320030212
-0.00012437824455669,0,"rate_effect","TAC2","DESeq2",62,0.0272305011749268,441.372266292572,32.3179461956024,1.85554122924805
2.70890347131943e-05,0,"rate_effect","VIP","DESeq2",62,0.0315840244293213,424.107073545456,30.2552561759949,1.88771200180054
0.707740896857418,0,"FSE","SLC17A7","DESeq2",62,0.0327708721160889,420.323094844818,23.4643216133118,1.9144229888916
0.890740006052777,0,"FSE","PVALB","DESeq2",62,0.0276579856872559,448.618867874146,29.8870091438293,1.93364334106445
0.369733330510979,0,"FSE","TAC2","DESeq2",62,0.031425952911377,375.935034036636,27.1698169708252,1.93180441856384
0.707740896857418,0,"FSE","VIP","DESeq2",62,0.0269701480865479,429.70928645134,31.0543217658997,2.00865888595581
-0.0297321489232741,0,"rate_effect","PVALB","wisp",63,0.0327162742614746,437.831256628036,29.3419151306152,1.91435265541077
1.23019790610075,0.419408857589588,"rate_effect","SLC17A7","wisp",63,0.0288233757019043,431.461276769638,29.5254518985748,1.95789742469788
0.698088522114459,0.192620449932292,"rate_effect","TAC2","wisp",63,0.028160572052002,427.493983983994,24.4479246139526,1.92510008811951
-1.8550516920695,-0.386098095681518,"rate_effect","VIP","wisp",63,0.0265765190124512,465.420249700546,23.41534948349,1.87832069396973
0.0419635770493187,-0.302589831873775,"random_effect","replicate1","wisp",63,0.0311448574066162,435.724847555161,25.2409904003143,1.97131896018982
-0.0165324295638129,-0.340054496191442,"random_effect","replicate2","wisp",63,0.0287723541259766,426.489372253418,30.498678445816,1.91572141647339
0.0294430715846829,0.364903867710382,"random_effect","replicate3","wisp",63,0.028050422668457,433.407697439194,24.0474677085876,1.89630961418152
0.0372787268715911,0.0932582388631999,"random_effect","replicate4","wisp",63,0.0294380187988281,417.568301677704,26.5134179592133,1.9169909954071
1.14522977022977,0,"FSE","PVALB","wisp",63,0.0276269912719727,419.191938638687,32.9697706699371,1.88022470474243
0,1,"FSE","SLC17A7","wisp",63,0.0316841602325439,430.204669237137,25.8227248191833,1.93337726593018
0.000959040959040927,1,"FSE","TAC2","wisp",63,0.0281548500061035,423.383732318878,27.5879828929901,2.00009894371033
0,1,"FSE","VIP","wisp",63,0.950234889984131,433.018593549728,25.3655872344971,1.8637535572052
0.910571007802301,1,"SVG","PVALB","ELLA",63,0.0335521697998047,425.685601949692,28.7269361019135,1.95883941650391
0.930293741301323,1,"SVG","SLC17A7","ELLA",63,0.0294747352600098,421.638487815857,30.5206129550934,1.83303546905518
1.10004224468385e-06,1,"SVG","TAC2","ELLA",63,0.0276050567626953,403.932096004486,19.2276413440704,1.78714275360107
7.33337879255114e-07,1,"SVG","VIP","ELLA",63,0.0286576747894287,408.298879146576,22.2654452323914,1.84356260299683
1.26794202225336,0,"rate_effect","SLC17A7","DESeq2",63,0.0274727344512939,411.141361951828,25.3585731983185,1.77027249336243
-0.448150012426633,0.419408857589588,"rate_effect","PVALB","DESeq2",63,0.0304088592529297,414.141072034836,23.9539802074432,1.80440640449524
0.448010230111486,0.192620449932292,"rate_effect","TAC2","DESeq2",63,0.0287880897521973,408.969439744949,30.3737318515778,1.77948665618896
-4.74514790882743,-0.386098095681518,"rate_effect","VIP","DESeq2",63,0.028679370880127,409.549560070038,22.5197160243988,1.75816679000854
0,0,"FSE","SLC17A7","DESeq2",63,0.0275130271911621,403.635833740234,30.8150849342346,1.85015249252319
3.99172268845137e-197,1,"FSE","PVALB","DESeq2",63,0.0293619632720947,433.035242795944,27.7534692287445,1.79997277259827
4.75034913791853e-134,1,"FSE","TAC2","DESeq2",63,0.0276510715484619,418.054634571075,30.3133184909821,1.76283740997314
0,1,"FSE","VIP","DESeq2",63,0.0313279628753662,439.242620706558,24.6636564731598,1.80634546279907
-0.0118719468248567,0,"rate_effect","PVALB","wisp",64,0.0292425155639648,351.229082584381,27.6974363327026,1.83659362792969
-3.46418837562322,-0.439214810030535,"rate_effect","SLC17A7","wisp",64,0.0299062728881836,428.477724790573,27.0271451473236,1.79152250289917
-0.0161476396926286,0,"rate_effect","TAC2","wisp",64,0.028439998626709,400.481114149094,25.8864300251007,1.79541492462158
0.181607618809665,0.189422899624333,"rate_effect","VIP","wisp",64,0.895889282226562,416.329598903656,25.5795469284058,1.76463961601257
-0.351773681106271,-0.395520886406302,"random_effect","replicate1","wisp",64,0.0301418304443359,397.71418094635,28.2146577835083,1.78049683570862
0.527553677558003,0.373822303023189,"random_effect","replicate2","wisp",64,0.0305290222167969,413.912841081619,30.5826287269592,1.81949877738953
-0.318653593383723,-0.374727299204096,"random_effect","replicate3","wisp",64,0.0295813083648682,405.915508031845,25.7490229606628,1.80578708648682
-0.296506027380404,-0.362882343353704,"random_effect","replicate4","wisp",64,0.0276761054992676,401.609362363815,23.6494569778442,1.81292271614075
0.949498612512613,0,"FSE","PVALB","wisp",64,0.0274889469146729,409.212975025177,25.6452651023865,1.82821798324585
0,1,"FSE","SLC17A7","wisp",64,0.0307917594909668,414.806458950043,29.2246925830841,1.80796146392822
1.35697275479314,0,"FSE","TAC2","wisp",64,0.0279734134674072,423.394227981567,30.1006395816803,1.78223991394043
0.121412714429869,1,"FSE","VIP","wisp",64,0.0319101810455322,426.406829357147,27.4714765548706,1.80058145523071
0.802481074633338,0,"SVG","PVALB","ELLA",64,0.029646635055542,402.189610004425,27.126549243927,1.84013605117798
0.920915320829905,1,"SVG","SLC17A7","ELLA",64,0.0317471027374268,435.770930051804,27.0759134292603,1.74023652076721
0.931297229725538,0,"SVG","TAC2","ELLA",64,0.028592586517334,408.307660102844,29.5158882141113,1.77786779403687
0.917248726213355,1,"SVG","VIP","ELLA",64,0.0283982753753662,411.093592882156,27.4431064128876,1.73424339294434
-6.07707645472207,0,"rate_effect","SLC17A7","DESeq2",64,0.0274736881256104,406.61597943306,31.6404249668121,1.80775022506714
-0.00326240052979553,-0.439214810030535,"rate_effect","PVALB","DESeq2",64,0.0311400890350342,408.279498338699,23.8222887516022,1.86932563781738
0.000474003856441853,0,"rate_effect","TAC2","DESeq2",64,0.0311648845672607,409.458102464676,26.5550758838654,1.80131101608276
0.922885117205392,0.189422899624333,"rate_effect","VIP","DESeq2",64,0.029813289642334,411.923641443253,23.8093945980072,1.76051712036133
0,0,"FSE","SLC17A7","DESeq2",64,0.0329639911651611,405.545966625214,31.5916204452515,1.78944897651672
0.983991807349178,1,"FSE","PVALB","DESeq2",64,0.0260028839111328,425.389599561691,24.1233968734741,1.78804445266724
0.983991807349178,0,"FSE","TAC2","DESeq2",64,0.0357918739318848,398.119257926941,28.8584458827972,1.83746886253357
9.93055856520084e-282,1,"FSE","VIP","DESeq2",64,0.0309436321258545,418.349713802338,35.2129671573639,1.8385636806488
-0.00594939457800464,0,"rate_effect","PVALB","wisp",65,0.0236492156982422,406.516528367996,25.677962064743,1.86991882324219
-0.109464322287356,0,"rate_effect","SLC17A7","wisp",65,0.0269579887390137,425.068669080734,31.497305393219,1.86204314231873
-1.1010217978873,-0.321664690971375,"rate_effect","TAC2","wisp",65,0.0278401374816895,422.368977308273,21.9365797042847,1.84537696838379
-0.0179369120346392,0,"rate_effect","VIP","wisp",65,0.0262370109558105,430.461272001266,26.6901309490204,1.90605521202087
0.499970217850061,0.327825174666941,"random_effect","replicate1","wisp",65,0.0279896259307861,412.056294202805,28.827924489975,2.02909517288208
-0.283722494816286,-0.33572336146608,"random_effect","replicate2","wisp",65,0.0239815711975098,437.154964923859,21.9802222251892,1.92869520187378
-0.510210080620219,-0.436012977967039,"random_effect","replicate3","wisp",65,0.0296258926391602,422.03987288475,33.1828806400299,1.90689778327942
0.284003537145961,-0.148764789570123,"random_effect","replicate4","wisp",65,0.0269100666046143,453.455007553101,24.2923212051392,1.84552454948425
1.18237762237762,0,"FSE","PVALB","wisp",65,0.0264310836791992,436.033627033234,27.4141705036163,1.84341669082642
1.9005439005439,0,"FSE","SLC17A7","wisp",65,0.030048131942749,416.873572587967,22.743204832077,1.89280819892883
0,1,"FSE","TAC2","wisp",65,0.026158332824707,418.94610118866,26.0069177150726,1.88708782196045
1.25013761748456,0,"FSE","VIP","wisp",65,0.02978515625,411.92558836937,23.0960333347321,1.92023396492004
0.980598891051288,0,"SVG","PVALB","ELLA",65,0.0285301208496094,440.837086200714,25.1775932312012,1.9048330783844
0.996245653179019,1,"SVG","SLC17A7","ELLA",65,0.0287730693817139,418.37282538414,26.0856287479401,2.60899710655212
4.40000610280045e-07,1,"SVG","TAC2","ELLA",65,0.0306224822998047,420.641088485718,27.347541809082,1.87631368637085
2.20001791084723e-06,0,"SVG","VIP","ELLA",65,0.0251264572143555,428.662610292435,21.5447599887848,1.84871196746826
0.0348753571441231,0,"rate_effect","SLC17A7","DESeq2",65,0.0291104316711426,427.803039550781,30.6923115253448,1.89639258384705
0.0136850566132448,0,"rate_effect","PVALB","DESeq2",65,0.0312936305999756,424.708827018738,25.2575786113739,1.85999202728271
-3.02655916984108,-0.321664690971375,"rate_effect","TAC2","DESeq2",65,0.0281896591186523,432.656529903412,24.8084371089935,1.89901542663574
0.00603352132049397,0,"rate_effect","VIP","DESeq2",65,0.031583309173584,427.925946950912,26.4291985034943,1.92317056655884
0.00241749974547476,0,"FSE","SLC17A7","DESeq2",65,0.0287032127380371,424.533989191055,32.605699300766,1.91907668113708
0.523485870953059,0,"FSE","PVALB","DESeq2",65,0.0302207469940186,439.701268434525,32.080885887146,1.9224226474762
0,1,"FSE","TAC2","DESeq2",65,0.0275440216064453,423.768881559372,22.7086806297302,1.91026425361633
0.757072613506453,0,"FSE","VIP","DESeq2",65,0.0284562110900879,418.428074121475,25.0440411567688,1.86522579193115
-0.201641180547316,0,"rate_effect","PVALB","wisp",66,0.0321822166442871,423.145944595337,28.5050308704376,1.88742089271545
-0.0831844542841883,0,"rate_effect","SLC17A7","wisp",66,1.83389782905579,428.387951374054,27.2869317531586,1.97345232963562
0.0511855173635088,0,"rate_effect","TAC2","wisp",66,0.029057502746582,342.884785890579,24.0696587562561,1.93395066261292
0.0166599985456851,0,"rate_effect","VIP","wisp",66,0.0272171497344971,438.251104593277,21.7468342781067,1.89160752296448
-0.154396828933794,-0.0885791936889291,"random_effect","replicate1","wisp",66,0.0269596576690674,421.046288967133,23.9341967105865,1.92022323608398
-0.36457949267387,-0.264113134006038,"random_effect","replicate2","wisp",66,0.0296871662139893,413.815036773682,29.3492894172668,1.99918484687805
0.313077426419058,0.315074604935944,"random_effect","replicate3","wisp",66,0.0308065414428711,436.233450174332,30.0629839897156,1.94655609130859
0.17782056032968,0.0822448334656656,"random_effect","replicate4","wisp",66,0.0267951488494873,437.389758586884,29.0803780555725,1.91891193389893
0.515984015984016,0,"FSE","PVALB","wisp",66,0.0312454700469971,421.801689386368,32.9749879837036,1.85251688957214
1.07226107226107,0,"FSE","SLC17A7","wisp",66,0.0282926559448242,412.800875425339,32.2108843326569,2.01232624053955
1.42588661338661,0,"FSE","TAC2","wisp",66,0.0285141468048096,415.758309602737,22.5008878707886,1.89890432357788
0.92943056943057,0,"FSE","VIP","wisp",66,0.0309028625488281,448.807687759399,27.4583051204681,2.57047271728516
0.954194619609384,1,"SVG","PVALB","ELLA",66,0.0265467166900635,425.658793926239,26.1612327098846,1.99357652664185
0.946989934342186,1,"SVG","SLC17A7","ELLA",66,0.0303549766540527,419.892758131027,27.2944993972778,1.90579128265381
2.20000161199607e-07,1,"SVG","TAC2","ELLA",66,0.0257844924926758,423.843417406082,27.4935083389282,1.95272493362427
7.33334882596637e-07,1,"SVG","VIP","ELLA",66,0.0316722393035889,419.851747989655,33.067813873291,1.91422843933105
0.00127425498218917,0,"rate_effect","SLC17A7","DESeq2",66,0.0286879539489746,432.175387382507,25.0857548713684,1.89460062980652
0.0138099154286579,0,"rate_effect","PVALB","DESeq2",66,0.02815842628479,433.26940369606,29.9820668697357,1.89951992034912
0.00620559867293941,0,"rate_effect","TAC2","DESeq2",66,0.0281815528869629,422.863761901855,31.7035093307495,1.87914896011353
-0.0379840096092367,0,"rate_effect","VIP","DESeq2",66,0.0313327312469482,419.048016548157,28.450918674469,1.91853785514832
0.734139485079401,0,"FSE","SLC17A7","DESeq2",66,0.0285539627075195,428.176956653595,28.7329323291779,1.9428985118866
0.110280791522441,0,"FSE","PVALB","DESeq2",66,0.0334653854370117,448.894484519958,26.7565746307373,1.9282500743866
0.734139485079401,0,"FSE","TAC2","DESeq2",66,0.0286557674407959,431.972440481186,31.2850565910339,1.88315010070801
0.00170166552349008,0,"FSE","VIP","DESeq2",66,0.0300242900848389,424.963372707367,22.1425814628601,1.95683145523071
-1.17756971001376,-0.253735814476386,"rate_effect","PVALB","wisp",67,0.0302369594573975,418.386739492416,27.6639943122864,1.88131093978882
-0.077747693510115,0,"rate_effect","SLC17A7","wisp",67,0.0300443172454834,421.28426527977,26.8966805934906,1.87866401672363
-0.0551832130888535,0,"rate_effect","TAC2","wisp",67,0.0321400165557861,442.835676431656,31.8027515411377,1.93642425537109
0.205768634326566,0,"rate_effect","VIP","wisp",67,0.0286946296691895,454.172886371613,20.994350194931,1.92745304107666
-0.194924724900223,-0.0245951062534004,"random_effect","replicate1","wisp",67,0.0270276069641113,426.286192655563,29.4402439594269,1.9688024520874
0.101144735834739,0.103285411372781,"random_effect","replicate2","wisp",67,0.028942346572876,426.630576610565,26.7875216007233,1.85739088058472
-0.176982658313228,0.0139256408438087,"random_effect","replicate3","wisp",67,0.0292212963104248,403.239965200424,18.2296206951141,1.95345449447632
0.206696351224736,0.222062064800411,"random_effect","replicate4","wisp",67,0.0291359424591064,437.543063640594,30.7751030921936,1.94943451881409
0,1,"FSE","PVALB","wisp",67,0.0285475254058838,424.828949689865,29.1811516284943,1.91415333747864
0.463576423576424,0,"FSE","SLC17A7","wisp",67,0.0288188457489014,410.777765274048,29.7327396869659,1.89316058158875
0.417867846439275,0,"FSE","TAC2","wisp",67,0.032414436340332,419.698316812515,29.1467514038086,1.89908075332642
1.05831668331668,0,"FSE","VIP","wisp",67,0.0276556015014648,420.921313047409,29.8099269866943,1.88652443885803
0.902570874222946,1,"SVG","PVALB","ELLA",67,0.0273778438568115,421.405151367188,26.7447578907013,1.91813373565674
0.967800538911772,1,"SVG","SLC17A7","ELLA",67,0.031156063079834,429.191378355026,28.5962595939636,1.9064519405365
2.20005914186583e-06,1,"SVG","TAC2","ELLA",67,0.0286152362823486,427.424861907959,26.4314243793488,1.93819808959961
1.10000780556563e-06,1,"SVG","VIP","ELLA",67,0.0281038284301758,418.824084997177,25.559473991394,2.10096716880798
0.0131658484902224,-0.253735814476386,"rate_effect","SLC17A7","DESeq2",67,0.0306472778320312,466.21201300621,29.5179445743561,1.95194005966187
-1.97802884399339,0,"rate_effect","PVALB","DESeq2",67,0.0272939205169678,428.564567327499,28.1826069355011,1.93955206871033
-0.0101397431355794,0,"rate_effect","TAC2","DESeq2",67,0.0268537998199463,428.62980222702,28.0788650512695,1.86716628074646
0.0336856966202036,0,"rate_effect","VIP","DESeq2",67,0.0316793918609619,433.665621757507,28.1941282749176,1.93836879730225
0.00924705348265049,1,"FSE","SLC17A7","DESeq2",67,0.03013014793396,428.914049386978,27.9392147064209,1.9660108089447
0,0,"FSE","PVALB","DESeq2",67,0.0287206172943115,433.117321252823,28.3073542118073,1.88844609260559
0.492807226940955,0,"FSE","TAC2","DESeq2",67,0.0285968780517578,418.431674480438,33.0067012310028,1.91616630554199
0.00924705348265049,0,"FSE","VIP","DESeq2",67,0.0298805236816406,434.249496936798,27.1291103363037,1.91533708572388
-0.0160076956961855,0.366410152986646,"rate_effect","PVALB","wisp",68,0.0283896923065186,421.070561885834,30.8779003620148,1.90010547637939
-0.00200749075628586,0,"rate_effect","SLC17A7","wisp",68,0.029975414276123,428.989985227585,23.9281105995178,1.94244980812073
0.0385119656939635,0,"rate_effect","TAC2","wisp",68,0.0299692153930664,457.875961065292,31.8868365287781,1.89758825302124
0.0816866806116351,0,"rate_effect","VIP","wisp",68,0.02939772605896,417.147555589676,23.9216980934143,1.87791299819946
0.113670899704943,0.0964384952094406,"random_effect","replicate1","wisp",68,0.0280909538269043,416.846960306168,27.8313653469086,1.94330286979675
-0.462937690498183,-0.297439498128369,"random_effect","replicate2","wisp",68,0.0304865837097168,344.447868108749,27.1202914714813,1.91046500205994
0.279794839265474,0.292755934875458,"random_effect","replicate3","wisp",68,0.029170036315918,439.159169435501,28.2010991573334,1.95590901374817
0.284417967118636,0.320454465923831,"random_effect","replicate4","wisp",68,0.0297019481658936,437.935654640198,30.1933093070984,1.91210222244263
1.33158678056637,1,"FSE","PVALB","wisp",68,0.027332067489624,424.346310138702,25.7669529914856,1.95130276679993
1.87406343656344,0,"FSE","SLC17A7","wisp",68,0.0291640758514404,437.639401674271,30.6169512271881,1.97665858268738
1.18030407092907,0,"FSE","TAC2","wisp",68,0.0300407409667969,426.175881147385,30.7624077796936,1.87547874450684
0.858641358641358,0,"FSE","VIP","wisp",68,0.0379784107208252,431.229801654816,21.6975998878479,1.9074375629425
0.913615005098214,0,"SVG","PVALB","ELLA",68,0.0266921520233154,428.557741880417,22.2550806999207,1.90938234329224
0.936590249892657,0,"SVG","SLC17A7","ELLA",68,0.0271389484405518,437.074442386627,26.5238418579102,1.91658329963684
0.957820215927839,0,"SVG","TAC2","ELLA",68,0.0304219722747803,437.910945653915,22.326967716217,1.87165641784668
2.20002446194023e-06,1,"SVG","VIP","ELLA",68,0.0298922061920166,438.342940330505,27.465437412262,1.94656467437744
0.00146425735242191,0.366410152986646,"rate_effect","SLC17A7","DESeq2",68,0.0309114456176758,435.115567207336,31.1347949504852,1.98431396484375
8.38786493439069e-05,0,"rate_effect","PVALB","DESeq2",68,0.0306754112243652,438.493384361267,28.8851320743561,1.9389660358429
7.60699958887378e-05,0,"rate_effect","TAC2","DESeq2",68,0.0304248332977295,448.30394411087,32.6194403171539,1.90953707695007
-0.000193909494069914,0,"rate_effect","VIP","DESeq2",68,0.0324821472167969,415.358382225037,32.2989933490753,1.89722228050232
0.664263198727425,1,"FSE","SLC17A7","DESeq2",68,0.0308408737182617,436.328069925308,27.416788816452,1.91525959968567
0.664263198727425,0,"FSE","PVALB","DESeq2",68,0.0313224792480469,427.341772556305,28.5475046634674,1.95126700401306
0.59468056434125,0,"FSE","TAC2","DESeq2",68,0.0268018245697021,431.519038438797,28.7881174087524,1.92720103263855
0.065374456412074,0,"FSE","VIP","DESeq2",68,0.0292632579803467,428.10148024559,30.4223482608795,1.970871925354
0.888186888492301,0.35156745207496,"rate_effect","PVALB","wisp",69,0.0282788276672363,405.253556966782,25.0135204792023,2.00466966629028
-0.31569950198647,0,"rate_effect","SLC17A7","wisp",69,0.0284509658813477,431.580227851868,27.9698166847229,1.89975738525391
-0.0256731989876041,0,"rate_effect","TAC2","wisp",69,0.0286874771118164,430.834863185883,27.7004799842834,1.89838004112244
0.937388788331212,0.382684571901336,"rate_effect","VIP","wisp",69,0.0305662155151367,442.693529844284,26.6938269138336,1.96454334259033
0.260981248742073,0.304467004956678,"random_effect","replicate1","wisp",69,0.02779221534729,451.127518415451,26.0369720458984,1.90947294235229
0.322290975668851,0.498401036020368,"random_effect","replicate2","wisp",69,0.0288090705871582,419.77030134201,25.7107317447662,1.97353386878967
-0.591787963112763,-0.409864187240601,"random_effect","replicate3","wisp",69,0.0304677486419678,425.153422117233,24.997104883194,1.92307567596436
0.306518861722665,0.46315272944048,"random_effect","replicate4","wisp",69,0.0301992893218994,437.201149463654,31.2977366447449,1.96999192237854
0,1,"FSE","PVALB","wisp",69,0.0317413806915283,419.524928569794,21.2905933856964,1.96289253234863
0.433503996003996,0,"FSE","SLC17A7","wisp",69,0.0284855365753174,446.937193155289,28.4970102310181,1.91163372993469
1.08322927072927,0,"FSE","TAC2","wisp",69,0.0274665355682373,444.712888479233,23.9891443252563,1.87488484382629
0,1,"FSE","VIP","wisp",69,0.0323386192321777,417.759402275085,25.2549314498901,1.89371967315674
0.897017288442862,1,"SVG","PVALB","ELLA",69,0.0282852649688721,416.854083061218,30.6044044494629,1.92660236358643
0.878035567033096,1,"SVG","SLC17A7","ELLA",69,0.0322670936584473,421.5183634758,31.4342231750488,1.93913173675537
0.965492109836674,0,"SVG","TAC2","ELLA",69,0.0289487838745117,448.733220338821,26.4758231639862,1.96097540855408
1.10000985992231e-06,1,"SVG","VIP","ELLA",69,0.0280981063842773,427.417523622513,30.1986346244812,1.98125243186951
-0.774502827424199,0.35156745207496,"rate_effect","SLC17A7","DESeq2",69,0.0323467254638672,453.860027313232,30.1176075935364,1.94006776809692
0.768936811854567,0,"rate_effect","PVALB","DESeq2",69,0.0279364585876465,419.111906051636,30.3025121688843,1.82835912704468
-0.780539752713443,0,"rate_effect","TAC2","DESeq2",69,0.0278191566467285,422.150298118591,25.0138621330261,1.9052460193634
0.883375779201289,0.382684571901336,"rate_effect","VIP","DESeq2",69,0.975653648376465,431.828337192535,27.9934065341949,1.96088552474976
0,1,"FSE","SLC17A7","DESeq2",69,0.0273873805999756,417.86593914032,26.1573016643524,1.92815375328064
0,0,"FSE","PVALB","DESeq2",69,0.0301876068115234,421.714729070663,36.1966271400452,1.85416579246521
0,0,"FSE","TAC2","DESeq2",69,0.966925382614136,423.18149805069,28.2153370380402,1.94660639762878
0,1,"FSE","VIP","DESeq2",69,0.959918260574341,411.49706864357,21.0312209129333,1.96745443344116
-0.00229010287285878,0,"rate_effect","PVALB","wisp",70,0.0286843776702881,424.162430047989,28.4714119434357,1.95679402351379
0.00435645228451897,0,"rate_effect","SLC17A7","wisp",70,0.0275018215179443,424.953616142273,28.753488779068,1.89107203483582
-2.3107724006978,-0.43039574380964,"rate_effect","TAC2","wisp",70,0.0303053855895996,413.682648897171,32.5513451099396,1.86874127388
-0.0463158386520742,0,"rate_effect","VIP","wisp",70,0.0296225547790527,418.972558736801,22.28346991539,1.91441702842712
-0.305580774193566,-0.121950970962644,"random_effect","replicate1","wisp",70,0.0314235687255859,439.402960062027,22.7104434967041,2.06456971168518
0.0732523778766855,0.220887368312106,"random_effect","replicate2","wisp",70,0.0252742767333984,437.390397071838,23.8163566589355,1.89545559883118
0.214599153566623,0.358122315024957,"random_effect","replicate3","wisp",70,0.0300617218017578,435.108697414398,30.1848514080048,1.95747828483582
0.249895420159002,0.422301759710535,"random_effect","replicate4","wisp",70,0.0281143188476562,417.028471469879,30.4718544483185,1.9316611289978
1.20779220779221,0,"FSE","PVALB","wisp",70,0.0322134494781494,428.645718336105,24.1389372348785,1.9397451877594
1.21658896658897,0,"FSE","SLC17A7","wisp",70,0.0293436050415039,437.016592979431,28.5908098220825,2.00542783737183
0,1,"FSE","TAC2","wisp",70,0.0281786918640137,436.223310709,33.0396196842194,1.87908291816711
0.498251748251748,0,"FSE","VIP","wisp",70,0.0291585922241211,432.003209590912,25.8684644699097,1.98139333724976
0.834572996020038,0,"SVG","PVALB","ELLA",70,0.0310695171356201,421.0782122612,30.3165369033813,1.92700958251953
0.866939566311233,0,"SVG","SLC17A7","ELLA",70,0.0277640819549561,416.96134018898,25.3891241550446,1.93578004837036
2.75000671401404e-07,1,"SVG","TAC2","ELLA",70,0.0296456813812256,423.063416242599,22.6420071125031,1.89431571960449
0.79885927589661,1,"SVG","VIP","ELLA",70,0.0282070636749268,430.799074888229,28.9197087287903,2.02877569198608
0.00684215796631491,0,"rate_effect","SLC17A7","DESeq2",70,0.028740406036377,411.27406167984,27.1586208343506,1.95289063453674
0.00213064354616858,0,"rate_effect","PVALB","DESeq2",70,0.0296759605407715,424.28426527977,28.5306944847107,1.97954940795898
-5.69759006088081,-0.43039574380964,"rate_effect","TAC2","DESeq2",70,0.0315585136413574,424.110975265503,25.9745590686798,1.83040857315063
0.0253000921102426,0,"rate_effect","VIP","DESeq2",70,0.0303142070770264,426.358679771423,27.514014005661,1.85209774971008
0.00788327412045326,0,"FSE","SLC17A7","DESeq2",70,0.0279641151428223,422.353990077972,28.4563901424408,1.88063788414001
0.804022373602265,0,"FSE","PVALB","DESeq2",70,0.029841423034668,455.733216524124,28.087949514389,1.87526679039001
0,1,"FSE","TAC2","DESeq2",70,0.0290489196777344,428.638993501663,24.4395961761475,1.97462296485901
0.0237106150124427,0,"FSE","VIP","DESeq2",70,0.0295510292053223,423.189258098602,21.3554708957672,1.91519999504089
0.0705775172829445,-0.0265151557978243,"rate_effect","PVALB","wisp",71,0.0303323268890381,446.011021852493,29.9634885787964,1.95551204681396
-0.311251707272864,0.111754593672231,"rate_effect","SLC17A7","wisp",71,0.0277292728424072,425.692224502563,29.5691344738007,1.90439701080322
-0.661851095437283,-0.246268494520336,"rate_effect","TAC2","wisp",71,0.935065746307373,409.268024206161,26.510181427002,1.97003269195557
0.855470671861721,0.358192439656705,"rate_effect","VIP","wisp",71,0.0277588367462158,420.036387681961,27.1086444854736,1.88512778282166
-0.396977075659078,-0.442857989575714,"random_effect","replicate1","wisp",71,0.028433084487915,435.003904342651,22.8738830089569,1.87973070144653
0.240319701298637,-0.286624532658607,"random_effect","replicate2","wisp",71,0.0291740894317627,422.846745491028,27.8921658992767,1.93611168861389
0.485407778667805,0.0291404610034078,"random_effect","replicate3","wisp",71,0.0325593948364258,422.382641553879,32.2758796215057,1.92639994621277
-0.346715554778115,-0.426022615283728,"random_effect","replicate4","wisp",71,0.0299866199493408,450.483470439911,27.4053957462311,1.90693759918213
0.421828171828172,1,"FSE","PVALB","wisp",71,0.0297629833221436,434.546971559525,23.7330112457275,1.87679743766785
0.025974025974026,1,"FSE","SLC17A7","wisp",71,0.0338435173034668,436.816553592682,29.0492534637451,1.95362281799316
0.0334110334110334,1,"FSE","TAC2","wisp",71,0.027367115020752,422.633439302444,21.7879257202148,2.01387763023376
0,1,"FSE","VIP","wisp",71,0.0304765701293945,341.904124975204,28.1543152332306,1.86765432357788
0.857614022241843,1,"SVG","PVALB","ELLA",71,0.0292367935180664,428.609116077423,25.2551717758179,1.91724061965942
0.83091334621044,1,"SVG","SLC17A7","ELLA",71,0.0310986042022705,444.368892192841,30.7688519954681,1.91700601577759
1.09999561959118e-06,1,"SVG","TAC2","ELLA",71,0.0286846160888672,433.176414728165,25.6008260250092,2.11447739601135
0.979300847856218,1,"SVG","VIP","ELLA",71,0.0247077941894531,429.265485286713,29.3011937141418,1.89909911155701
0.36256762889898,-0.0265151557978243,"rate_effect","SLC17A7","DESeq2",71,0.0279552936553955,442.510897397995,34.6902959346771,1.89492797851562
-0.365274070076108,0.111754593672231,"rate_effect","PVALB","DESeq2",71,0.0318880081176758,434.701031208038,26.0515778064728,1.92224431037903
-2.25415671926261,-0.246268494520336,"rate_effect","TAC2","DESeq2",71,0.0304415225982666,438.606535673141,24.8661851882935,1.91352796554565
1.31994830575234,0.358192439656705,"rate_effect","VIP","DESeq2",71,0.032750129699707,438.608156204224,26.6019434928894,1.87204194068909
0,1,"FSE","SLC17A7","DESeq2",71,0.0291445255279541,421.407907009125,22.5907454490662,1.87196683883667
1.05492929836729e-121,1,"FSE","PVALB","DESeq2",71,0.961971044540405,427.296780824661,28.2648706436157,1.92194104194641
0,1,"FSE","TAC2","DESeq2",71,0.0310268402099609,433.440595388412,28.0865998268127,1.92976903915405
0,1,"FSE","VIP","DESeq2",71,0.0276010036468506,448.544350624084,28.3334722518921,1.90699672698975
-0.0832328510209958,0,"rate_effect","PVALB","wisp",72,0.033125638961792,437.187759637833,25.8857131004333,1.94445037841797
0.68554868599633,0.181433998281136,"rate_effect","SLC17A7","wisp",72,0.0310487747192383,416.92185997963,34.7796940803528,1.96136689186096
0.0631620427473064,0,"rate_effect","TAC2","wisp",72,0.0298552513122559,429.006608963013,28.0748641490936,1.91984724998474
-0.181957072319238,0,"rate_effect","VIP","wisp",72,0.027881383895874,427.94335269928,29.6661524772644,1.91626119613647
-0.558924931918534,-0.447863798355684,"random_effect","replicate1","wisp",72,0.0307164192199707,431.815202474594,29.9965281486511,1.88038921356201
0.399053968511958,0.342526350170374,"random_effect","replicate2","wisp",72,0.031790018081665,415.090425491333,28.7477598190308,1.97158217430115
0.294636856420161,0.0842085308395326,"random_effect","replicate3","wisp",72,0.961175680160522,446.45299243927,25.8177356719971,1.91986060142517
0.188859833189694,-0.103541990974918,"random_effect","replicate4","wisp",72,0.0292866230010986,468.735806465149,25.6810131072998,1.88051891326904
0.511078125,0,"FSE","PVALB","wisp",72,0.0333788394927979,430.931964159012,27.3349032402039,1.9478747844696
0.459,1,"FSE","SLC17A7","wisp",72,0.0313360691070557,430.072258234024,32.5169382095337,1.92294645309448
0.221666666666667,0,"FSE","TAC2","wisp",72,0.0320706367492676,410.121573209763,23.7532002925873,1.94743466377258
1.30175,0,"FSE","VIP","wisp",72,0.0284214019775391,455.047101974487,29.9072344303131,1.901535987854
0.933794907678676,1,"SVG","PVALB","ELLA",72,0.0273256301879883,418.158571958542,29.1062133312225,1.88763666152954
0.844494800003755,1,"SVG","SLC17A7","ELLA",72,0.0296573638916016,428.122677564621,30.82168841362,1.92050409317017
2.20000154926847e-07,1,"SVG","TAC2","ELLA",72,0.0289463996887207,427.728178977966,32.8114042282104,1.94097876548767
7.31894871652816e-07,1,"SVG","VIP","ELLA",72,0.0289764404296875,423.737015485764,28.5979809761047,1.92490077018738
0.887061852919787,0,"rate_effect","SLC17A7","DESeq2",72,0.0297586917877197,456.613583087921,28.417432308197,1.88906669616699
-0.0249580924212539,0.181433998281136,"rate_effect","PVALB","DESeq2",72,0.0328109264373779,420.884456634521,22.5742952823639,2.0883207321167
-0.0219069768777214,0,"rate_effect","TAC2","DESeq2",72,0.0276672840118408,424.830772399902,28.9470098018646,1.93059301376343
-0.00524010180044011,0,"rate_effect","VIP","DESeq2",72,0.0286664962768555,437.511374950409,26.4271965026855,2.01169347763062
0,0,"FSE","SLC17A7","DESeq2",72,0.0293729305267334,464.370765447617,28.4331409931183,1.92028284072876
0.310802381470498,1,"FSE","PVALB","DESeq2",72,0.0321409702301025,403.638920783997,24.1360626220703,1.98838710784912
0.458369967944009,0,"FSE","TAC2","DESeq2",72,0.0281195640563965,414.873692512512,23.5046339035034,1.91408538818359
0.765807339962905,0,"FSE","VIP","DESeq2",72,0.963593482971191,429.04301905632,34.2810742855072,1.96899151802063
0.0142004666150785,0.345485163852572,"rate_effect","PVALB","wisp",73,1.88674259185791,417.523854017258,26.3215594291687,1.88364768028259
0.000514470278800423,0,"rate_effect","SLC17A7","wisp",73,0.0296945571899414,421.218112707138,27.146746635437,1.96816301345825
0.00955961487011176,0,"rate_effect","TAC2","wisp",73,0.0303440093994141,441.318182468414,32.5797770023346,1.93074917793274
-0.172122109506168,0,"rate_effect","VIP","wisp",73,0.0316970348358154,431.787833929062,26.038455247879,1.94249320030212
-0.491660411900216,-0.374476981349289,"random_effect","replicate1","wisp",73,0.0272305011749268,441.372266292572,32.3179461956024,1.85554122924805
0.397181756425736,0.398039634106681,"random_effect","replicate2","wisp",73,0.0315840244293213,424.107073545456,30.2552561759949,1.88771200180054
0.177783648889799,-0.0389117579907179,"random_effect","replicate3","wisp",73,0.0327708721160889,420.323094844818,23.4643216133118,1.9144229888916
0.13176156038561,-0.0353819844312966,"random_effect","replicate4","wisp",73,0.0276579856872559,448.618867874146,29.8870091438293,1.93364334106445
1.96440294399478,1,"FSE","PVALB","wisp",73,0.031425952911377,375.935034036636,27.1698169708252,1.93180441856384
1.22093906093906,0,"FSE","SLC17A7","wisp",73,0.0269701480865479,429.70928645134,31.0543217658997,2.00865888595581
1.99225774225774,0,"FSE","TAC2","wisp",73,0.0327162742614746,437.831256628036,29.3419151306152,1.91435265541077
0.655781718281718,0,"FSE","VIP","wisp",73,0.0288233757019043,431.461276769638,29.5254518985748,1.95789742469788
0.87282201849265,0,"SVG","PVALB","ELLA",73,0.028160572052002,427.493983983994,24.4479246139526,1.92510008811951
0.806294557281573,0,"SVG","SLC17A7","ELLA",73,0.0265765190124512,465.420249700546,23.41534948349,1.87832069396973
0.804944696006821,0,"SVG","TAC2","ELLA",73,0.0311448574066162,435.724847555161,25.2409904003143,1.97131896018982
1.10001123310166e-06,1,"SVG","VIP","ELLA",73,0.0287723541259766,426.489372253418,30.498678445816,1.91572141647339
-0.0134929562534159,0.345485163852572,"rate_effect","SLC17A7","DESeq2",73,0.028050422668457,433.407697439194,24.0474677085876,1.89630961418152
0.00212524194290164,0,"rate_effect","PVALB","DESeq2",73,0.0294380187988281,417.568301677704,26.5134179592133,1.9169909954071
-0.00474648024629768,0,"rate_effect","TAC2","DESeq2",73,0.0276269912719727,419.191938638687,32.9697706699371,1.88022470474243
0.0516536374920996,0,"rate_effect","VIP","DESeq2",73,0.0316841602325439,430.204669237137,25.8227248191833,1.93337726593018
0.239422283267441,1,"FSE","SLC17A7","DESeq2",73,0.0281548500061035,423.383732318878,27.5879828929901,2.00009894371033
0.80433792418239,0,"FSE","PVALB","DESeq2",73,0.950234889984131,433.018593549728,25.3655872344971,1.8637535572052
0.803746004665379,0,"FSE","TAC2","DESeq2",73,0.0335521697998047,425.685601949692,28.7269361019135,1.95883941650391
0.00179648798527856,0,"FSE","VIP","DESeq2",73,0.0294747352600098,421.638487815857,30.5206129550934,1.83303546905518
-0.0238900617998487,0,"rate_effect","PVALB","wisp",74,0.0276050567626953,403.932096004486,19.2276413440704,1.78714275360107
0.0203603291358269,0,"rate_effect","SLC17A7","wisp",74,0.0286576747894287,408.298879146576,22.2654452323914,1.84356260299683
-0.0516033749558234,0,"rate_effect","TAC2","wisp",74,0.0274727344512939,411.141361951828,25.3585731983185,1.77027249336243
-0.0591865002769474,0,"rate_effect","VIP","wisp",74,0.0304088592529297,414.141072034836,23.9539802074432,1.80440640449524
0.220559277536844,0.0246469906996936,"random_effect","replicate1","wisp",74,0.0287880897521973,408.969439744949,30.3737318515778,1.77948665618896
-0.544878199398931,-0.416295914212242,"random_effect","replicate2","wisp",74,0.028679370880127,409.549560070038,22.5197160243988,1.75816679000854
0.307948743112226,0.103501498000696,"random_effect","replicate3","wisp",74,0.0275130271911621,403.635833740234,30.8150849342346,1.85015249252319
0.358438195149603,0.226237945258617,"random_effect","replicate4","wisp",74,0.0293619632720947,433.035242795944,27.7534692287445,1.79997277259827
1.9059375,0,"FSE","PVALB","wisp",74,0.0276510715484619,418.054634571075,30.3133184909821,1.76283740997314
1.13225,0,"FSE","SLC17A7","wisp",74,0.0313279628753662,439.242620706558,24.6636564731598,1.80634546279907
1.12471428571429,0,"FSE","TAC2","wisp",74,0.0292425155639648,351.229082584381,27.6974363327026,1.83659362792969
0.83504,0,"FSE","VIP","wisp",74,0.0299062728881836,428.477724790573,27.0271451473236,1.79152250289917
0.99119085153929,1,"SVG","PVALB","ELLA",74,0.028439998626709,400.481114149094,25.8864300251007,1.79541492462158
0.975318371685548,1,"SVG","SLC17A7","ELLA",74,0.895889282226562,416.329598903656,25.5795469284058,1.76463961601257
1.10001032510576e-06,1,"SVG","TAC2","ELLA",74,0.0301418304443359,397.71418094635,28.2146577835083,1.78049683570862
0.892279242809133,1,"SVG","VIP","ELLA",74,0.0305290222167969,413.912841081619,30.5826287269592,1.81949877738953
0.00644964633130065,0,"rate_effect","SLC17A7","DESeq2",74,0.0295813083648682,405.915508031845,25.7490229606628,1.80578708648682
0.0160780770959176,0,"rate_effect","PVALB","DESeq2",74,0.0276761054992676,401.609362363815,23.6494569778442,1.81292271614075
-0.00138305903413633,0,"rate_effect","TAC2","DESeq2",74,0.0274889469146729,409.212975025177,25.6452651023865,1.82821798324585
-0.00652214054425968,0,"rate_effect","VIP","DESeq2",74,0.0307917594909668,414.806458950043,29.2246925830841,1.80796146392822
0.103702724203946,0,"FSE","SLC17A7","DESeq2",74,0.0279734134674072,423.394227981567,30.1006395816803,1.78223991394043
0.103702724203946,0,"FSE","PVALB","DESeq2",74,0.0319101810455322,426.406829357147,27.4714765548706,1.80058145523071
0.860200695031179,0,"FSE","TAC2","DESeq2",74,0.029646635055542,402.189610004425,27.126549243927,1.84013605117798
0.141032128710732,0,"FSE","VIP","DESeq2",74,0.0317471027374268,435.770930051804,27.0759134292603,1.74023652076721
-0.0120555479911322,0,"rate_effect","PVALB","wisp",75,0.028592586517334,408.307660102844,29.5158882141113,1.77786779403687
0.0175790509241246,0,"rate_effect","SLC17A7","wisp",75,0.0283982753753662,411.093592882156,27.4431064128876,1.73424339294434
0.0292909676498033,0,"rate_effect","TAC2","wisp",75,0.0274736881256104,406.61597943306,31.6404249668121,1.80775022506714
0.145875331944286,0,"rate_effect","VIP","wisp",75,0.0311400890350342,408.279498338699,23.8222887516022,1.86932563781738
-0.528572490496755,-0.371177176944911,"random_effect","replicate1","wisp",75,0.0311648845672607,409.458102464676,26.5550758838654,1.80131101608276
0.315080128715079,0.281943403882906,"random_effect","replicate2","wisp",75,0.029813289642334,411.923641443253,23.8093945980072,1.76051712036133
0.3121355239288,0.281649529933929,"random_effect","replicate3","wisp",75,0.0329639911651611,405.545966625214,31.5916204452515,1.78944897651672
0.195708848669975,0.0796052548103034,"random_effect","replicate4","wisp",75,0.0260028839111328,425.389599561691,24.1233968734741,1.78804445266724
1.82226107226107,0,"FSE","PVALB","wisp",75,0.0357918739318848,398.119257926941,28.8584458827972,1.83746886253357
1.60087912087912,0,"FSE","SLC17A7","wisp",75,0.0309436321258545,418.349713802338,35.2129671573639,1.8385636806488
1.52322677322677,0,"FSE","TAC2","wisp",75,0.0236492156982422,406.516528367996,25.677962064743,1.86991882324219
1.54649350649351,0,"FSE","VIP","wisp",75,0.0269579887390137,425.068669080734,31.497305393219,1.86204314231873
0.857884147111854,0,"SVG","PVALB","ELLA",75,0.0278401374816895,422.368977308273,21.9365797042847,1.84537696838379
0.937644528379147,0,"SVG","SLC17A7","ELLA",75,0.0262370109558105,430.461272001266,26.6901309490204,1.90605521202087
0.78236773273006,0,"SVG","TAC2","ELLA",75,0.0279896259307861,412.056294202805,28.827924489975,2.02909517288208
7.33335128788593e-07,1,"SVG","VIP","ELLA",75,0.0239815711975098,437.154964923859,21.9802222251892,1.92869520187378
0.000131606157222018,0,"rate_effect","SLC17A7","DESeq2",75,0.0296258926391602,422.03987288475,33.1828806400299,1.90689778327942
2.48128804489887e-05,0,"rate_effect","PVALB","DESeq2",75,0.0269100666046143,453.455007553101,24.2923212051392,1.84552454948425
5.72980790592401e-05,0,"rate_effect","TAC2","DESeq2",75,0.0264310836791992,436.033627033234,27.4141705036163,1.84341669082642
-0.000184544873862717,0,"rate_effect","VIP","DESeq2",75,0.030048131942749,416.873572587967,22.743204832077,1.89280819892883
0.94971914223306,0,"FSE","SLC17A7","DESeq2",75,0.026158332824707,418.94610118866,26.0069177150726,1.88708782196045
0.94971914223306,0,"FSE","PVALB","DESeq2",75,0.02978515625,411.92558836937,23.0960333347321,1.92023396492004
0.269558043107307,0,"FSE","TAC2","DESeq2",75,0.0285301208496094,440.837086200714,25.1775932312012,1.9048330783844
0.111063146761724,0,"FSE","VIP","DESeq2",75,0.0287730693817139,418.37282538414,26.0856287479401,2.60899710655212
-0.0460056657362024,0,"rate_effect","PVALB","wisp",76,0.0306224822998047,420.641088485718,27.347541809082,1.87631368637085
-0.213483594739718,-0.0435636125039309,"rate_effect","SLC17A7","wisp",76,0.0251264572143555,428.662610292435,21.5447599887848,1.84871196746826
1.05290632370557,0.449715854832903,"rate_effect","TAC2","wisp",76,0.0291104316711426,427.803039550781,30.6923115253448,1.89639258384705
0.892713720958987,0.338049229700118,"rate_effect","VIP","wisp",76,0.0312936305999756,424.708827018738,25.2575786113739,1.85999202728271
-0.258418861672767,-0.0121442016679794,"random_effect","replicate1","wisp",76,0.0281896591186523,432.656529903412,24.8084371089935,1.89901542663574
0.213655199671548,0.442905619507656,"random_effect","replicate2","wisp",76,0.031583309173584,427.925946950912,26.4291985034943,1.92317056655884
0.0451910137740604,0.311156525276601,"random_effect","replicate3","wisp",76,0.0287032127380371,424.533989191055,32.605699300766,1.91907668113708
0.0352019736796251,0.232660136185586,"random_effect","replicate4","wisp",76,0.0302207469940186,439.701268434525,32.080885887146,1.9224226474762
0.809783966033966,0,"FSE","PVALB","wisp",76,0.0275440216064453,423.768881559372,22.7086806297302,1.91026425361633
0.771603396603397,1,"FSE","SLC17A7","wisp",76,0.0284562110900879,418.428074121475,25.0440411567688,1.86522579193115
0,1,"FSE","TAC2","wisp",76,0.0321822166442871,423.145944595337,28.5050308704376,1.88742089271545
0,1,"FSE","VIP","wisp",76,1.83389782905579,428.387951374054,27.2869317531586,1.97345232963562
0.958184536692913,0,"SVG","PVALB","ELLA",76,0.029057502746582,342.884785890579,24.0696587562561,1.93395066261292
0.822076135310579,1,"SVG","SLC17A7","ELLA",76,0.0272171497344971,438.251104593277,21.7468342781067,1.89160752296448
2.44444552710554e-07,1,"SVG","TAC2","ELLA",76,0.0269596576690674,421.046288967133,23.9341967105865,1.92022323608398
7.3333385086638e-07,1,"SVG","VIP","ELLA",76,0.0296871662139893,413.815036773682,29.3492894172668,1.99918484687805
-0.99482326365345,0,"rate_effect","SLC17A7","DESeq2",76,0.0308065414428711,436.233450174332,30.0629839897156,1.94655609130859
-0.743042165402255,-0.0435636125039309,"rate_effect","PVALB","DESeq2",76,0.0267951488494873,437.389758586884,29.0803780555725,1.91891193389893
1.12501333625953,0.449715854832903,"rate_effect","TAC2","DESeq2",76,0.0312454700469971,421.801689386368,32.9749879837036,1.85251688957214
0.742900954857444,0.338049229700118,"rate_effect","VIP","DESeq2",76,0.0282926559448242,412.800875425339,32.2108843326569,2.01232624053955
0,0,"FSE","SLC17A7","DESeq2",76,0.0285141468048096,415.758309602737,22.5008878707886,1.89890432357788
0,1,"FSE","PVALB","DESeq2",76,0.0309028625488281,448.807687759399,27.4583051204681,2.57047271728516
0,1,"FSE","TAC2","DESeq2",76,0.0265467166900635,425.658793926239,26.1612327098846,1.99357652664185
0,1,"FSE","VIP","DESeq2",76,0.0303549766540527,419.892758131027,27.2944993972778,1.90579128265381
-0.161017443504817,-0.04856195487082,"rate_effect","PVALB","wisp",77,0.0257844924926758,423.843417406082,27.4935083389282,1.95272493362427
-0.0439552593825337,0,"rate_effect","SLC17A7","wisp",77,0.0316722393035889,419.851747989655,33.067813873291,1.91422843933105
-0.127895562819342,0.110900227446109,"rate_effect","TAC2","wisp",77,0.0286879539489746,432.175387382507,25.0857548713684,1.89460062980652
0.0238737683936494,0,"rate_effect","VIP","wisp",77,0.02815842628479,433.26940369606,29.9820668697357,1.89951992034912
0.436643347841045,0.348655157955363,"random_effect","replicate1","wisp",77,0.0281815528869629,422.863761901855,31.7035093307495,1.87914896011353
-0.557353737196335,-0.437921656062827,"random_effect","replicate2","wisp",77,0.0313327312469482,419.048016548157,28.450918674469,1.91853785514832
-0.285838877513549,-0.316172310616821,"random_effect","replicate3","wisp",77,0.0285539627075195,428.176956653595,28.7329323291779,1.9428985118866
0.39689438689123,0.18716828757897,"random_effect","replicate4","wisp",77,0.0334653854370117,448.894484519958,26.7565746307373,1.9282500743866
0.498428571428571,1,"FSE","PVALB","wisp",77,0.0286557674407959,431.972440481186,31.2850565910339,1.88315010070801
0.29352,0,"FSE","SLC17A7","wisp",77,0.0300242900848389,424.963372707367,22.1425814628601,1.95683145523071
0.1478125,1,"FSE","TAC2","wisp",77,0.0302369594573975,418.386739492416,27.6639943122864,1.88131093978882
0.876,0,"FSE","VIP","wisp",77,0.0300443172454834,421.28426527977,26.8966805934906,1.87866401672363
2.20004210466085e-06,1,"SVG","PVALB","ELLA",77,0.0321400165557861,442.835676431656,31.8027515411377,1.93642425537109
0.960057072605777,1,"SVG","SLC17A7","ELLA",77,0.0286946296691895,454.172886371613,20.994350194931,1.92745304107666
2.20003359763243e-06,1,"SVG","TAC2","ELLA",77,0.0270276069641113,426.286192655563,29.4402439594269,1.9688024520874
0.886019129438323,0,"SVG","VIP","ELLA",77,0.028942346572876,426.630576610565,26.7875216007233,1.85739088058472
9.57148469858252e-05,-0.04856195487082,"rate_effect","SLC17A7","DESeq2",77,0.0292212963104248,403.239965200424,18.2296206951141,1.95345449447632
-0.26511835158609,0,"rate_effect","PVALB","DESeq2",77,0.0291359424591064,437.543063640594,30.7751030921936,1.94943451881409
0.555681622970129,0.110900227446109,"rate_effect","TAC2","DESeq2",77,0.0285475254058838,424.828949689865,29.1811516284943,1.91415333747864
0.00113749224295778,0,"rate_effect","VIP","DESeq2",77,0.0288188457489014,410.777765274048,29.7327396869659,1.89316058158875
0.990944251236471,1,"FSE","SLC17A7","DESeq2",77,0.032414436340332,419.698316812515,29.1467514038086,1.89908075332642
1.97125279087599e-90,0,"FSE","PVALB","DESeq2",77,0.0276556015014648,420.921313047409,29.8099269866943,1.88652443885803
2.07185227666271e-245,1,"FSE","TAC2","DESeq2",77,0.0273778438568115,421.405151367188,26.7447578907013,1.91813373565674
0.990944251236471,0,"FSE","VIP","DESeq2",77,0.031156063079834,429.191378355026,28.5962595939636,1.9064519405365
0.786523319027607,0.328654954209924,"rate_effect","PVALB","wisp",78,0.0286152362823486,427.424861907959,26.4314243793488,1.93819808959961
-0.00875045983316183,0,"rate_effect","SLC17A7","wisp",78,0.0281038284301758,418.824084997177,25.559473991394,2.10096716880798
-0.0499447197493356,0,"rate_effect","TAC2","wisp",78,0.0306472778320312,466.21201300621,29.5179445743561,1.95194005966187
0.0584561237365899,0.0887297478038818,"rate_effect","VIP","wisp",78,0.0272939205169678,428.564567327499,28.1826069355011,1.93955206871033
0.270644776237785,0.276104495162144,"random_effect","replicate1","wisp",78,0.0268537998199463,428.62980222702,28.0788650512695,1.86716628074646
0.045493711449096,-0.0261500196065754,"random_effect","replicate2","wisp",78,0.0316793918609619,433.665621757507,28.1941282749176,1.93836879730225
-0.489039224563166,-0.377280841814354,"random_effect","replicate3","wisp",78,0.03013014793396,428.914049386978,27.9392147064209,1.9660108089447
0.26303369382475,0.306544976076111,"random_effect","replicate4","wisp",78,0.0287206172943115,433.117321252823,28.3073542118073,1.88844609260559
0,1,"FSE","PVALB","wisp",78,0.0285968780517578,418.431674480438,33.0067012310028,1.91616630554199
1.13583027471916,0,"FSE","SLC17A7","wisp",78,0.0298805236816406,434.249496936798,27.1291103363037,1.91533708572388
1.21977977977978,0,"FSE","TAC2","wisp",78,0.0283896923065186,421.070561885834,30.8779003620148,1.90010547637939
0.6144307572879,1,"FSE","VIP","wisp",78,0.029975414276123,428.989985227585,23.9281105995178,1.94244980812073
1.09709860174334e-06,1,"SVG","PVALB","ELLA",78,0.0299692153930664,457.875961065292,31.8868365287781,1.89758825302124
0.887081793749265,0,"SVG","SLC17A7","ELLA",78,0.02939772605896,417.147555589676,23.9216980934143,1.87791299819946
8.3759176289222e-06,0,"SVG","TAC2","ELLA",78,0.0280909538269043,416.846960306168,27.8313653469086,1.94330286979675
2.00000283279156e-07,1,"SVG","VIP","ELLA",78,0.0304865837097168,344.447868108749,27.1202914714813,1.91046500205994
-0.22649448071282,0.328654954209924,"rate_effect","SLC17A7","DESeq2",78,0.029170036315918,439.159169435501,28.2010991573334,1.95590901374817
1.20641209543635,0,"rate_effect","PVALB","DESeq2",78,0.0297019481658936,437.935654640198,30.1933093070984,1.91210222244263
-0.223965303123343,0,"rate_effect","TAC2","DESeq2",78,0.027332067489624,424.346310138702,25.7669529914856,1.95130276679993
0.211929107352694,0.0887297478038818,"rate_effect","VIP","DESeq2",78,0.0291640758514404,437.639401674271,30.6169512271881,1.97665858268738
5.80869902202245e-209,1,"FSE","SLC17A7","DESeq2",78,0.0300407409667969,426.175881147385,30.7624077796936,1.87547874450684
0,0,"FSE","PVALB","DESeq2",78,0.0379784107208252,431.229801654816,21.6975998878479,1.9074375629425
1.39807764420064e-43,0,"FSE","TAC2","DESeq2",78,0.0266921520233154,428.557741880417,22.2550806999207,1.90938234329224
6.9271142525915e-54,1,"FSE","VIP","DESeq2",78,0.0271389484405518,437.074442386627,26.5238418579102,1.91658329963684
0.00148994747338422,0,"rate_effect","PVALB","wisp",79,0.0304219722747803,437.910945653915,22.326967716217,1.87165641784668
0.000496359615378923,0,"rate_effect","SLC17A7","wisp",79,0.0298922061920166,438.342940330505,27.465437412262,1.94656467437744
0.198885511978039,0,"rate_effect","TAC2","wisp",79,0.0309114456176758,435.115567207336,31.1347949504852,1.98431396484375
0.154992533500805,0,"rate_effect","VIP","wisp",79,0.0306754112243652,438.493384361267,28.8851320743561,1.9389660358429
-0.295474268007625,-0.0862586814910173,"random_effect","replicate1","wisp",79,0.0304248332977295,448.30394411087,32.6194403171539,1.90953707695007
-0.0043615723238125,0.143617822090164,"random_effect","replicate2","wisp",79,0.0324821472167969,415.358382225037,32.2989933490753,1.89722228050232
0.209232176507427,0.41645420412533,"random_effect","replicate3","wisp",79,0.0308408737182617,436.328069925308,27.416788816452,1.91525959968567
0.189952795073944,0.313618333311751,"random_effect","replicate4","wisp",79,0.0313224792480469,427.341772556305,28.5475046634674,1.95126700401306
1.33691308691309,0,"FSE","PVALB","wisp",79,0.0268018245697021,431.519038438797,28.7881174087524,1.92720103263855
0.639788782645925,0,"FSE","SLC17A7","wisp",79,0.0292632579803467,428.10148024559,30.4223482608795,1.970871925354
0.856423576423576,0,"FSE","TAC2","wisp",79,0.0282788276672363,405.253556966782,25.0135204792023,2.00466966629028
0.632327672327672,0,"FSE","VIP","wisp",79,0.0284509658813477,431.580227851868,27.9698166847229,1.89975738525391
0.840525600770716,0,"SVG","PVALB","ELLA",79,0.0286874771118164,430.834863185883,27.7004799842834,1.89838004112244
0.871625053827926,0,"SVG","SLC17A7","ELLA",79,0.0305662155151367,442.693529844284,26.6938269138336,1.96454334259033
4.40001489243613e-07,1,"SVG","TAC2","ELLA",79,0.02779221534729,451.127518415451,26.0369720458984,1.90947294235229
0.848265866332322,0,"SVG","VIP","ELLA",79,0.0288090705871582,419.77030134201,25.7107317447662,1.97353386878967
-0.00536663458723621,0,"rate_effect","SLC17A7","DESeq2",79,0.0304677486419678,425.153422117233,24.997104883194,1.92307567596436
0.000105315185631035,0,"rate_effect","PVALB","DESeq2",79,0.0301992893218994,437.201149463654,31.2977366447449,1.96999192237854
0.000145454123798031,0,"rate_effect","TAC2","DESeq2",79,0.0317413806915283,419.524928569794,21.2905933856964,1.96289253234863
-3.39469655613707e-05,0,"rate_effect","VIP","DESeq2",79,0.0284855365753174,446.937193155289,28.4970102310181,1.91163372993469
0.0997559222710695,0,"FSE","SLC17A7","DESeq2",79,0.0274665355682373,444.712888479233,23.9891443252563,1.87488484382629
0.387650321670306,0,"FSE","PVALB","DESeq2",79,0.0323386192321777,417.759402275085,25.2549314498901,1.89371967315674
0.387650321670306,0,"FSE","TAC2","DESeq2",79,0.0282852649688721,416.854083061218,30.6044044494629,1.92660236358643
0.929124328703918,0,"FSE","VIP","DESeq2",79,0.0322670936584473,421.5183634758,31.4342231750488,1.93913173675537
0.64850919355109,0.130472118267789,"rate_effect","PVALB","wisp",80,0.0289487838745117,448.733220338821,26.4758231639862,1.96097540855408
0.0680457836370215,0.0615883581340313,"rate_effect","SLC17A7","wisp",80,0.0280981063842773,427.417523622513,30.1986346244812,1.98125243186951
0.446507687073954,0.256631028372794,"rate_effect","TAC2","wisp",80,0.0323467254638672,453.860027313232,30.1176075935364,1.94006776809692
0.0962621665247114,0,"rate_effect","VIP","wisp",80,0.0279364585876465,419.111906051636,30.3025121688843,1.82835912704468
0.164213337511532,0.297655230853707,"random_effect","replicate1","wisp",80,0.0278191566467285,422.150298118591,25.0138621330261,1.9052460193634
-0.38155094699517,-0.2072850742843,"random_effect","replicate2","wisp",80,0.975653648376465,431.828337192535,27.9934065341949,1.96088552474976
0.190794083854349,0.330038134707138,"random_effect","replicate3","wisp",80,0.0273873805999756,417.86593914032,26.1573016643524,1.92815375328064
0.244698057764682,0.403116133762524,"random_effect","replicate4","wisp",80,0.0301876068115234,421.714729070663,36.1966271400452,1.85416579246521
0.291333666333666,1,"FSE","PVALB","wisp",80,0.966925382614136,423.18149805069,28.2153370380402,1.94660639762878
0.255688755688756,1,"FSE","SLC17A7","wisp",80,0.959918260574341,411.49706864357,21.0312209129333,1.96745443344116
0.114885114885115,1,"FSE","TAC2","wisp",80,0.0286843776702881,424.162430047989,28.4714119434357,1.95679402351379
0.493145743145743,0,"FSE","VIP","wisp",80,0.0275018215179443,424.953616142273,28.753488779068,1.89107203483582
0.923406006484487,1,"SVG","PVALB","ELLA",80,0.0303053855895996,413.682648897171,32.5513451099396,1.86874127388
0.944925005419005,1,"SVG","SLC17A7","ELLA",80,0.0296225547790527,418.972558736801,22.28346991539,1.91441702842712
0.770877585632973,1,"SVG","TAC2","ELLA",80,0.0314235687255859,439.402960062027,22.7104434967041,2.06456971168518
0.852902491528486,0,"SVG","VIP","ELLA",80,0.0252742767333984,437.390397071838,23.8163566589355,1.89545559883118
-0.153919024472154,0.130472118267789,"rate_effect","SLC17A7","DESeq2",80,0.0300617218017578,435.108697414398,30.1848514080048,1.95747828483582
0.152897022912558,0.0615883581340313,"rate_effect","PVALB","DESeq2",80,0.0281143188476562,417.028471469879,30.4718544483185,1.9316611289978
0.715105287494944,0.256631028372794,"rate_effect","TAC2","DESeq2",80,0.0322134494781494,428.645718336105,24.1389372348785,1.9397451877594
-0.486762562596508,0,"rate_effect","VIP","DESeq2",80,0.0293436050415039,437.016592979431,28.5908098220825,2.00542783737183
1.76191811914069e-232,1,"FSE","SLC17A7","DESeq2",80,0.0281786918640137,436.223310709,33.0396196842194,1.87908291816711
4.83202715651161e-93,1,"FSE","PVALB","DESeq2",80,0.0291585922241211,432.003209590912,25.8684644699097,1.98139333724976
0,1,"FSE","TAC2","DESeq2",80,0.0310695171356201,421.0782122612,30.3165369033813,1.92700958251953
0,0,"FSE","VIP","DESeq2",80,0.0277640819549561,416.96134018898,25.3891241550446,1.93578004837036
-0.000855587770262432,0,"rate_effect","PVALB","wisp",81,0.0296456813812256,423.063416242599,22.6420071125031,1.89431571960449
0.00709324669583591,0,"rate_effect","SLC17A7","wisp",81,0.0282070636749268,430.799074888229,28.9197087287903,2.02877569198608
-0.00553485886690655,0,"rate_effect","TAC2","wisp",81,0.028740406036377,411.27406167984,27.1586208343506,1.95289063453674
-0.0433430941026955,0,"rate_effect","VIP","wisp",81,0.0296759605407715,424.28426527977,28.5306944847107,1.97954940795898
0.394858224917405,0.41760610928759,"random_effect","replicate1","wisp",81,0.0315585136413574,424.110975265503,25.9745590686798,1.83040857315063
0.393722420110189,0.422418280970305,"random_effect","replicate2","wisp",81,0.0303142070770264,426.358679771423,27.514014005661,1.85209774971008
-0.632558184372674,-0.434215022018179,"random_effect","replicate3","wisp",81,0.0279641151428223,422.353990077972,28.4563901424408,1.88063788414001
0.0962875342038755,-0.0463393062818795,"random_effect","replicate4","wisp",81,0.029841423034668,455.733216524124,28.087949514389,1.87526679039001
1.31315623152358,0,"FSE","PVALB","wisp",81,0.0290489196777344,428.638993501663,24.4395961761475,1.97462296485901
1.42626760994108,0,"FSE","SLC17A7","wisp",81,0.0295510292053223,423.189258098602,21.3554708957672,1.91519999504089
2.13118881118881,0,"FSE","TAC2","wisp",81,0.0303323268890381,446.011021852493,29.9634885787964,1.95551204681396
0.477078477078477,0,"FSE","VIP","wisp",81,0.0277292728424072,425.692224502563,29.5691344738007,1.90439701080322
0.760961618210685,0,"SVG","PVALB","ELLA",81,0.935065746307373,409.268024206161,26.510181427002,1.97003269195557
0.819924404072336,0,"SVG","SLC17A7","ELLA",81,0.0277588367462158,420.036387681961,27.1086444854736,1.88512778282166
0.788179682642905,0,"SVG","TAC2","ELLA",81,0.028433084487915,435.003904342651,22.8738830089569,1.87973070144653
0.80279236924294,1,"SVG","VIP","ELLA",81,0.0291740894317627,422.846745491028,27.8921658992767,1.93611168861389
0.00628276164393014,0,"rate_effect","SLC17A7","DESeq2",81,0.0325593948364258,422.382641553879,32.2758796215057,1.92639994621277
0.000100063565098262,0,"rate_effect","PVALB","DESeq2",81,0.0299866199493408,450.483470439911,27.4053957462311,1.90693759918213
7.03525158578541e-05,0,"rate_effect","TAC2","DESeq2",81,0.0297629833221436,434.546971559525,23.7330112457275,1.87679743766785
-5.13687946919817e-05,0,"rate_effect","VIP","DESeq2",81,0.0338435173034668,436.816553592682,29.0492534637451,1.95362281799316
0.00683377377817678,0,"FSE","SLC17A7","DESeq2",81,0.027367115020752,422.633439302444,21.7879257202148,2.01387763023376
0.187961830040209,0,"FSE","PVALB","DESeq2",81,0.0304765701293945,341.904124975204,28.1543152332306,1.86765432357788
0.918764471453572,0,"FSE","TAC2","DESeq2",81,0.0292367935180664,428.609116077423,25.2551717758179,1.91724061965942
0.270822135703567,0,"FSE","VIP","DESeq2",81,0.0310986042022705,444.368892192841,30.7688519954681,1.91700601577759
-0.013807516816357,0,"rate_effect","PVALB","wisp",82,0.0286846160888672,433.176414728165,25.6008260250092,2.11447739601135
0.962217988062105,0.299888395005837,"rate_effect","SLC17A7","wisp",82,0.0247077941894531,429.265485286713,29.3011937141418,1.89909911155701
0.0267353258630145,0,"rate_effect","TAC2","wisp",82,0.0279552936553955,442.510897397995,34.6902959346771,1.89492797851562
0.604375439493572,0.129962791921571,"rate_effect","VIP","wisp",82,0.0318880081176758,434.701031208038,26.0515778064728,1.92224431037903
-0.34005268850374,-0.263529251329601,"random_effect","replicate1","wisp",82,0.0304415225982666,438.606535673141,24.8661851882935,1.91352796554565
-0.216389194157724,-0.126896990695968,"random_effect","replicate2","wisp",82,0.032750129699707,438.608156204224,26.6019434928894,1.87204194068909
0.185265835528113,0.0538733780849725,"random_effect","replicate3","wisp",82,0.0291445255279541,421.407907009125,22.5907454490662,1.87196683883667
0.335749671000916,0.285251409048215,"random_effect","replicate4","wisp",82,0.961971044540405,427.296780824661,28.2648706436157,1.92194104194641
0.492035742035742,0,"FSE","PVALB","wisp",82,0.0310268402099609,433.440595388412,28.0865998268127,1.92976903915405
0.141608391608392,1,"FSE","SLC17A7","wisp",82,0.0276010036468506,448.544350624084,28.3334722518921,1.90699672698975
0.38977022977023,0,"FSE","TAC2","wisp",82,0.033125638961792,437.187759637833,25.8857131004333,1.94445037841797
0.117398226773227,1,"FSE","VIP","wisp",82,0.0310487747192383,416.92185997963,34.7796940803528,1.96136689186096
0.79982052991834,1,"SVG","PVALB","ELLA",82,0.0298552513122559,429.006608963013,28.0748641490936,1.91984724998474
0.774621765463071,1,"SVG","SLC17A7","ELLA",82,0.027881383895874,427.94335269928,29.6661524772644,1.91626119613647
0.839785767867708,1,"SVG","TAC2","ELLA",82,0.0307164192199707,431.815202474594,29.9965281486511,1.88038921356201
7.3333575889567e-07,1,"SVG","VIP","ELLA",82,0.031790018081665,415.090425491333,28.7477598190308,1.97158217430115
1.01350639776688,0,"rate_effect","SLC17A7","DESeq2",82,0.961175680160522,446.45299243927,25.8177356719971,1.91986060142517
-0.342552299473351,0.299888395005837,"rate_effect","PVALB","DESeq2",82,0.0292866230010986,468.735806465149,25.6810131072998,1.88051891326904
-0.315624171249326,0,"rate_effect","TAC2","DESeq2",82,0.0333788394927979,430.931964159012,27.3349032402039,1.9478747844696
0.312428048721018,0.129962791921571,"rate_effect","VIP","DESeq2",82,0.0313360691070557,430.072258234024,32.5169382095337,1.92294645309448
0,0,"FSE","SLC17A7","DESeq2",82,0.0320706367492676,410.121573209763,23.7532002925873,1.94743466377258
1.9126395501481e-181,1,"FSE","PVALB","DESeq2",82,0.0284214019775391,455.047101974487,29.9072344303131,1.901535987854
2.28946371520412e-81,0,"FSE","TAC2","DESeq2",82,0.0273256301879883,418.158571958542,29.1062133312225,1.88763666152954
9.31828750490993e-114,1,"FSE","VIP","DESeq2",82,0.0296573638916016,428.122677564621,30.82168841362,1.92050409317017
-0.00500814172802997,0,"rate_effect","PVALB","wisp",83,0.0289463996887207,427.728178977966,32.8114042282104,1.94097876548767
-0.00045924488076048,0,"rate_effect","SLC17A7","wisp",83,0.0289764404296875,423.737015485764,28.5979809761047,1.92490077018738
0.00942085781056115,0,"rate_effect","TAC2","wisp",83,0.0297586917877197,456.613583087921,28.417432308197,1.88906669616699
-0.0431270440469052,0,"rate_effect","VIP","wisp",83,0.0328109264373779,420.884456634521,22.5742952823639,2.0883207321167
-0.309611835900352,-0.0807075337506831,"random_effect","replicate1","wisp",83,0.0276672840118408,424.830772399902,28.9470098018646,1.93059301376343
0.192111357282192,0.268442922271788,"random_effect","replicate2","wisp",83,0.0286664962768555,437.511374950409,26.4271965026855,2.01169347763062
-0.206104337791246,0.0118157609831542,"random_effect","replicate3","wisp",83,0.0293729305267334,464.370765447617,28.4331409931183,1.92028284072876
0.293160000126078,0.496700657531619,"random_effect","replicate4","wisp",83,0.0321409702301025,403.638920783997,24.1360626220703,1.98838710784912
0.861222111222111,0,"FSE","PVALB","wisp",83,0.0281195640563965,414.873692512512,23.5046339035034,1.91408538818359
1.17145354645355,0,"FSE","SLC17A7","wisp",83,0.963593482971191,429.04301905632,34.2810742855072,1.96899151802063
3.17164085914086,0,"FSE","TAC2","wisp",83,1.88674259185791,417.523854017258,26.3215594291687,1.88364768028259
1.76018426018426,0,"FSE","VIP","wisp",83,0.0296945571899414,421.218112707138,27.146746635437,1.96816301345825
0.875618775701088,1,"SVG","PVALB","ELLA",83,0.0303440093994141,441.318182468414,32.5797770023346,1.93074917793274
0.861270125756801,0,"SVG","SLC17A7","ELLA",83,0.0316970348358154,431.787833929062,26.038455247879,1.94249320030212
0.856795905816947,0,"SVG","TAC2","ELLA",83,0.0272305011749268,441.372266292572,32.3179461956024,1.85554122924805
0.776728760427628,0,"SVG","VIP","ELLA",83,0.0315840244293213,424.107073545456,30.2552561759949,1.88771200180054
0.00168261512574689,0,"rate_effect","SLC17A7","DESeq2",83,0.0327708721160889,420.323094844818,23.4643216133118,1.9144229888916
0.000324282995555246,0,"rate_effect","PVALB","DESeq2",83,0.0276579856872559,448.618867874146,29.8870091438293,1.93364334106445
-0.000114570444751349,0,"rate_effect","TAC2","DESeq2",83,0.031425952911377,375.935034036636,27.1698169708252,1.93180441856384
2.82727176402373e-06,0,"rate_effect","VIP","DESeq2",83,0.0269701480865479,429.70928645134,31.0543217658997,2.00865888595581
0.795567326979434,0,"FSE","SLC17A7","DESeq2",83,0.0327162742614746,437.831256628036,29.3419151306152,1.91435265541077
0.791309730636509,0,"FSE","PVALB","DESeq2",83,0.0288233757019043,431.461276769638,29.5254518985748,1.95789742469788
0.791309730636509,0,"FSE","TAC2","DESeq2",83,0.028160572052002,427.493983983994,24.4479246139526,1.92510008811951
0.791309730636509,0,"FSE","VIP","DESeq2",83,0.0265765190124512,465.420249700546,23.41534948349,1.87832069396973
0.0552585328299491,0,"rate_effect","PVALB","wisp",84,0.0311448574066162,435.724847555161,25.2409904003143,1.97131896018982
0.0613958098204387,0,"rate_effect","SLC17A7","wisp",84,0.0287723541259766,426.489372253418,30.498678445816,1.91572141647339
-0.120405071635525,0,"rate_effect","TAC2","wisp",84,0.028050422668457,433.407697439194,24.0474677085876,1.89630961418152
0.00353673691913907,0,"rate_effect","VIP","wisp",84,0.0294380187988281,417.568301677704,26.5134179592133,1.9169909954071
-0.295278506044333,-0.302352411439642,"random_effect","replicate1","wisp",84,0.0276269912719727,419.191938638687,32.9697706699371,1.88022470474243
-0.435616317106997,-0.390406126854941,"random_effect","replicate2","wisp",84,0.0316841602325439,430.204669237137,25.8227248191833,1.93337726593018
0.359597506365678,0.355457211844623,"random_effect","replicate3","wisp",84,0.0281548500061035,423.383732318878,27.5879828929901,2.00009894371033
0.319890780881705,0.0691497742664069,"random_effect","replicate4","wisp",84,0.950234889984131,433.018593549728,25.3655872344971,1.8637535572052
0.683205683205683,0,"FSE","PVALB","wisp",84,0.0335521697998047,425.685601949692,28.7269361019135,1.95883941650391
1.28121878121878,0,"FSE","SLC17A7","wisp",84,0.0294747352600098,421.638487815857,30.5206129550934,1.83303546905518
0.681094415788293,0,"FSE","TAC2","wisp",84,0.0276050567626953,403.932096004486,19.2276413440704,1.78714275360107
1.74575424575425,0,"FSE","VIP","wisp",84,0.0286576747894287,408.298879146576,22.2654452323914,1.84356260299683
0.105811230283164,1,"SVG","PVALB","ELLA",84,0.0274727344512939,411.141361951828,25.3585731983185,1.77027249336243
0.81014881207294,1,"SVG","SLC17A7","ELLA",84,0.0304088592529297,414.141072034836,23.9539802074432,1.80440640449524
2.75000226535038e-07,1,"SVG","TAC2","ELLA",84,0.0287880897521973,408.969439744949,30.3737318515778,1.77948665618896
0.838308185724714,0,"SVG","VIP","ELLA",84,0.028679370880127,409.549560070038,22.5197160243988,1.75816679000854
-5.41008993596929e-05,0,"rate_effect","SLC17A7","DESeq2",84,0.0275130271911621,403.635833740234,30.8150849342346,1.85015249252319
0.000933886346380041,0,"rate_effect","PVALB","DESeq2",84,0.0293619632720947,433.035242795944,27.7534692287445,1.79997277259827
0.000233420616071632,0,"rate_effect","TAC2","DESeq2",84,0.0276510715484619,418.054634571075,30.3133184909821,1.76283740997314
-1.70406332603465e-05,0,"rate_effect","VIP","DESeq2",84,0.0313279628753662,439.242620706558,24.6636564731598,1.80634546279907
0.930556677432273,0,"FSE","SLC17A7","DESeq2",84,0.0292425155639648,351.229082584381,27.6974363327026,1.83659362792969
0.930556677432273,0,"FSE","PVALB","DESeq2",84,0.0299062728881836,428.477724790573,27.0271451473236,1.79152250289917
0.930556677432273,0,"FSE","TAC2","DESeq2",84,0.028439998626709,400.481114149094,25.8864300251007,1.79541492462158
0.930556677432273,0,"FSE","VIP","DESeq2",84,0.895889282226562,416.329598903656,25.5795469284058,1.76463961601257
-0.00388739250615877,0,"rate_effect","PVALB","wisp",85,0.0301418304443359,397.71418094635,28.2146577835083,1.78049683570862
-0.131129367116149,0,"rate_effect","SLC17A7","wisp",85,0.0305290222167969,413.912841081619,30.5826287269592,1.81949877738953
-1.30764765434362,-0.324867818271741,"rate_effect","TAC2","wisp",85,0.0295813083648682,405.915508031845,25.7490229606628,1.80578708648682
-0.293873404736185,0,"rate_effect","VIP","wisp",85,0.0276761054992676,401.609362363815,23.6494569778442,1.81292271614075
-0.113914343406175,-0.0831745029427111,"random_effect","replicate1","wisp",85,0.0274889469146729,409.212975025177,25.6452651023865,1.82821798324585
0.311383161176319,0.231061616213992,"random_effect","replicate2","wisp",85,0.0307917594909668,414.806458950043,29.2246925830841,1.80796146392822
-0.385462463211982,-0.295514580793679,"random_effect","replicate3","wisp",85,0.0279734134674072,423.394227981567,30.1006395816803,1.78223991394043
0.291389214198113,0.227782779606059,"random_effect","replicate4","wisp",85,0.0319101810455322,426.406829357147,27.4714765548706,1.80058145523071
1.28221778221778,0,"FSE","PVALB","wisp",85,0.029646635055542,402.189610004425,27.126549243927,1.84013605117798
0.0741758241758244,0,"FSE","SLC17A7","wisp",85,0.0317471027374268,435.770930051804,27.0759134292603,1.74023652076721
0,1,"FSE","TAC2","wisp",85,0.028592586517334,408.307660102844,29.5158882141113,1.77786779403687
0.493946053946054,0,"FSE","VIP","wisp",85,0.0283982753753662,411.093592882156,27.4431064128876,1.73424339294434
0.901684066938425,0,"SVG","PVALB","ELLA",85,0.0274736881256104,406.61597943306,31.6404249668121,1.80775022506714
0.857259310712276,1,"SVG","SLC17A7","ELLA",85,0.0311400890350342,408.279498338699,23.8222887516022,1.86932563781738
3.66667938123122e-07,1,"SVG","TAC2","ELLA",85,0.0311648845672607,409.458102464676,26.5550758838654,1.80131101608276
5.49997800858293e-07,1,"SVG","VIP","ELLA",85,0.029813289642334,411.923641443253,23.8093945980072,1.76051712036133
0.010032200730613,0,"rate_effect","SLC17A7","DESeq2",85,0.0329639911651611,405.545966625214,31.5916204452515,1.78944897651672
-0.00371101248164081,0,"rate_effect","PVALB","DESeq2",85,0.0260028839111328,425.389599561691,24.1233968734741,1.78804445266724
-2.95613099575707,-0.324867818271741,"rate_effect","TAC2","DESeq2",85,0.0357918739318848,398.119257926941,28.8584458827972,1.83746886253357
0.0419180737574329,0,"rate_effect","VIP","DESeq2",85,0.0309436321258545,418.349713802338,35.2129671573639,1.8385636806488
0.214849634387301,0,"FSE","SLC17A7","DESeq2",85,0.0236492156982422,406.516528367996,25.677962064743,1.86991882324219
0.733548259616086,0,"FSE","PVALB","DESeq2",85,0.0269579887390137,425.068669080734,31.497305393219,1.86204314231873
0,1,"FSE","TAC2","DESeq2",85,0.0278401374816895,422.368977308273,21.9365797042847,1.84537696838379
0.0137866831882014,0,"FSE","VIP","DESeq2",85,0.0262370109558105,430.461272001266,26.6901309490204,1.90605521202087
-0.824021466819274,-0.194238306954503,"rate_effect","PVALB","wisp",86,0.0279896259307861,412.056294202805,28.827924489975,2.02909517288208
0.69241671235947,0.209868617821485,"rate_effect","SLC17A7","wisp",86,0.0239815711975098,437.154964923859,21.9802222251892,1.92869520187378
0.244526962352042,0.0842008322943002,"rate_effect","TAC2","wisp",86,0.0296258926391602,422.03987288475,33.1828806400299,1.90689778327942
0.604457132557537,0.335485945921391,"rate_effect","VIP","wisp",86,0.0269100666046143,453.455007553101,24.2923212051392,1.84552454948425
0.162615078586903,-0.0940101388841867,"random_effect","replicate1","wisp",86,0.0264310836791992,436.033627033234,27.4141705036163,1.84341669082642
0.430542328817324,0.443116727983579,"random_effect","replicate2","wisp",86,0.030048131942749,416.873572587967,22.743204832077,1.89280819892883
0.222831180133713,-0.0688895606435835,"random_effect","replicate3","wisp",86,0.026158332824707,418.94610118866,26.0069177150726,1.88708782196045
-0.569480048003213,-0.447933390503749,"random_effect","replicate4","wisp",86,0.02978515625,411.92558836937,23.0960333347321,1.92023396492004
0.167112887112887,1,"FSE","PVALB","wisp",86,0.0285301208496094,440.837086200714,25.1775932312012,1.9048330783844
0.157967032967033,1,"FSE","SLC17A7","wisp",86,0.0287730693817139,418.37282538414,26.0856287479401,2.60899710655212
0.274662837162837,1,"FSE","TAC2","wisp",86,0.0306224822998047,420.641088485718,27.347541809082,1.87631368637085
0.128871128871129,1,"FSE","VIP","wisp",86,0.0251264572143555,428.662610292435,21.5447599887848,1.84871196746826
0.976719468356798,1,"SVG","PVALB","ELLA",86,0.0291104316711426,427.803039550781,30.6923115253448,1.89639258384705
0.754296367392361,1,"SVG","SLC17A7","ELLA",86,0.0312936305999756,424.708827018738,25.2575786113739,1.85999202728271
1.10000745301431e-06,1,"SVG","TAC2","ELLA",86,0.0281896591186523,432.656529903412,24.8084371089935,1.89901542663574
0.989856840568673,1,"SVG","VIP","ELLA",86,0.031583309173584,427.925946950912,26.4291985034943,1.92317056655884
0.29089350537009,-0.194238306954503,"rate_effect","SLC17A7","DESeq2",86,0.0287032127380371,424.533989191055,32.605699300766,1.91907668113708
-2.13397176900621,0.209868617821485,"rate_effect","PVALB","DESeq2",86,0.0302207469940186,439.701268434525,32.080885887146,1.9224226474762
-0.29847569727138,0.0842008322943002,"rate_effect","TAC2","DESeq2",86,0.0275440216064453,423.768881559372,22.7086806297302,1.91026425361633
0.716698143539737,0.335485945921391,"rate_effect","VIP","DESeq2",86,0.0284562110900879,418.428074121475,25.0440411567688,1.86522579193115
1.18870439337348e-91,1,"FSE","SLC17A7","DESeq2",86,0.0321822166442871,423.145944595337,28.5050308704376,1.88742089271545
0,1,"FSE","PVALB","DESeq2",86,1.83389782905579,428.387951374054,27.2869317531586,1.97345232963562
1.66439436188229e-46,1,"FSE","TAC2","DESeq2",86,0.029057502746582,342.884785890579,24.0696587562561,1.93395066261292
1.04463927214864e-298,1,"FSE","VIP","DESeq2",86,0.0272171497344971,438.251104593277,21.7468342781067,1.89160752296448
-0.238878740546523,0,"rate_effect","PVALB","wisp",87,0.0269596576690674,421.046288967133,23.9341967105865,1.92022323608398
-0.021995663103532,0,"rate_effect","SLC17A7","wisp",87,0.0296871662139893,413.815036773682,29.3492894172668,1.99918484687805
0.866759395553391,0.357778100064024,"rate_effect","TAC2","wisp",87,0.0308065414428711,436.233450174332,30.0629839897156,1.94655609130859
0.780763693083404,0.285882304655388,"rate_effect","VIP","wisp",87,0.0267951488494873,437.389758586884,29.0803780555725,1.91891193389893
-0.174900738342505,0.0266722263768315,"random_effect","replicate1","wisp",87,0.0312454700469971,421.801689386368,32.9749879837036,1.85251688957214
-0.139793590511308,0.0714705504942685,"random_effect","replicate2","wisp",87,0.0282926559448242,412.800875425339,32.2108843326569,2.01232624053955
0.188546181990065,0.336676401318982,"random_effect","replicate3","wisp",87,0.0285141468048096,415.758309602737,22.5008878707886,1.89890432357788
0.105572501981829,0.192587673664093,"random_effect","replicate4","wisp",87,0.0309028625488281,448.807687759399,27.4583051204681,2.57047271728516
0.893293293293293,0,"FSE","PVALB","wisp",87,0.0265467166900635,425.658793926239,26.1612327098846,1.99357652664185
1.05577800022244,0,"FSE","SLC17A7","wisp",87,0.0303549766540527,419.892758131027,27.2944993972778,1.90579128265381
0.01220665109554,1,"FSE","TAC2","wisp",87,0.0257844924926758,423.843417406082,27.4935083389282,1.95272493362427
0.00740740740740733,1,"FSE","VIP","wisp",87,0.0316722393035889,419.851747989655,33.067813873291,1.91422843933105
0.90807181288517,1,"SVG","PVALB","ELLA",87,0.0286879539489746,432.175387382507,25.0857548713684,1.89460062980652
0.95284602649014,1,"SVG","SLC17A7","ELLA",87,0.02815842628479,433.26940369606,29.9820668697357,1.89951992034912
4.4000131166344e-07,1,"SVG","TAC2","ELLA",87,0.0281815528869629,422.863761901855,31.7035093307495,1.87914896011353
4.39207385571905e-07,1,"SVG","VIP","ELLA",87,0.0313327312469482,419.048016548157,28.450918674469,1.91853785514832
-0.666994560719579,0,"rate_effect","SLC17A7","DESeq2",87,0.0285539627075195,428.176956653595,28.7329323291779,1.9428985118866
-0.658797176433277,0,"rate_effect","PVALB","DESeq2",87,0.0334653854370117,448.894484519958,26.7565746307373,1.9282500743866
0.901373537673007,0.357778100064024,"rate_effect","TAC2","DESeq2",87,0.0286557674407959,431.972440481186,31.2850565910339,1.88315010070801
0.654167868055139,0.285882304655388,"rate_effect","VIP","DESeq2",87,0.0300242900848389,424.963372707367,22.1425814628601,1.95683145523071
0,0,"FSE","SLC17A7","DESeq2",87,0.0302369594573975,418.386739492416,27.6639943122864,1.88131093978882
0,0,"FSE","PVALB","DESeq2",87,0.0300443172454834,421.28426527977,26.8966805934906,1.87866401672363
0,1,"FSE","TAC2","DESeq2",87,0.0321400165557861,442.835676431656,31.8027515411377,1.93642425537109
0,1,"FSE","VIP","DESeq2",87,0.0286946296691895,454.172886371613,20.994350194931,1.92745304107666
0.0969177026277433,0,"rate_effect","PVALB","wisp",88,0.0270276069641113,426.286192655563,29.4402439594269,1.9688024520874
-0.0167718640612893,0,"rate_effect","SLC17A7","wisp",88,0.028942346572876,426.630576610565,26.7875216007233,1.85739088058472
0.00338436418614364,0,"rate_effect","TAC2","wisp",88,0.0292212963104248,403.239965200424,18.2296206951141,1.95345449447632
-0.0730126339883174,0,"rate_effect","VIP","wisp",88,0.0291359424591064,437.543063640594,30.7751030921936,1.94943451881409
0.535355724563289,-0.182311044074595,"random_effect","replicate1","wisp",88,0.0285475254058838,424.828949689865,29.1811516284943,1.91415333747864
0.479810000204178,-0.217287928098813,"random_effect","replicate2","wisp",88,0.0288188457489014,410.777765274048,29.7327396869659,1.89316058158875
0.184169985366004,-0.387619378045201,"random_effect","replicate3","wisp",88,0.032414436340332,419.698316812515,29.1467514038086,1.89908075332642
-0.788009512241345,-0.497578009031713,"random_effect","replicate4","wisp",88,0.0276556015014648,420.921313047409,29.8099269866943,1.88652443885803
1.52993967927027,0,"FSE","PVALB","wisp",88,0.0273778438568115,421.405151367188,26.7447578907013,1.91813373565674
1.19609491582421,0,"FSE","SLC17A7","wisp",88,0.031156063079834,429.191378355026,28.5962595939636,1.9064519405365
1.28249858130688,0,"FSE","TAC2","wisp",88,0.0286152362823486,427.424861907959,26.4314243793488,1.93819808959961
1.43145668840828,0,"FSE","VIP","wisp",88,0.0281038284301758,418.824084997177,25.559473991394,2.10096716880798
0.827525309991456,1,"SVG","PVALB","ELLA",88,0.0306472778320312,466.21201300621,29.5179445743561,1.95194005966187
0.829398035526745,0,"SVG","SLC17A7","ELLA",88,0.0272939205169678,428.564567327499,28.1826069355011,1.93955206871033
0.878545813603822,0,"SVG","TAC2","ELLA",88,0.0268537998199463,428.62980222702,28.0788650512695,1.86716628074646
0.827688067400591,1,"SVG","VIP","ELLA",88,0.0316793918609619,433.665621757507,28.1941282749176,1.93836879730225
4.43803642263498e-06,0,"rate_effect","SLC17A7","DESeq2",88,0.03013014793396,428.914049386978,27.9392147064209,1.9660108089447
-0.000150538120773484,0,"rate_effect","PVALB","DESeq2",88,0.0287206172943115,433.117321252823,28.3073542118073,1.88844609260559
-0.000130436011466634,0,"rate_effect","TAC2","DESeq2",88,0.0285968780517578,418.431674480438,33.0067012310028,1.91616630554199
-1.86123966146554e-05,0,"rate_effect","VIP","DESeq2",88,0.0298805236816406,434.249496936798,27.1291103363037,1.91533708572388
0.913532521974411,0,"FSE","SLC17A7","DESeq2",88,0.0283896923065186,421.070561885834,30.8779003620148,1.90010547637939
0.913532521974411,0,"FSE","PVALB","DESeq2",88,0.029975414276123,428.989985227585,23.9281105995178,1.94244980812073
0.913532521974411,0,"FSE","TAC2","DESeq2",88,0.0299692153930664,457.875961065292,31.8868365287781,1.89758825302124
0.913532521974411,0,"FSE","VIP","DESeq2",88,0.02939772605896,417.147555589676,23.9216980934143,1.87791299819946
-0.0145688137613729,0,"rate_effect","PVALB","wisp",89,0.0280909538269043,416.846960306168,27.8313653469086,1.94330286979675
-0.000796311941981208,0,"rate_effect","SLC17A7","wisp",89,0.0304865837097168,344.447868108749,27.1202914714813,1.91046500205994
0.0183297323956953,0,"rate_effect","TAC2","wisp",89,0.029170036315918,439.159169435501,28.2010991573334,1.95590901374817
0.0423908732037889,0,"rate_effect","VIP","wisp",89,0.0297019481658936,437.935654640198,30.1933093070984,1.91210222244263
0.32083500704979,0.484728061361238,"random_effect","replicate1","wisp",89,0.027332067489624,424.346310138702,25.7669529914856,1.95130276679993
-0.214791952754532,-0.055017790524289,"random_effect","replicate2","wisp",89,0.0291640758514404,437.639401674271,30.6169512271881,1.97665858268738
-0.0831751780057997,0.0497863912023604,"random_effect","replicate3","wisp",89,0.0300407409667969,426.175881147385,30.7624077796936,1.87547874450684
-0.233445280371817,-0.0383315966464579,"random_effect","replicate4","wisp",89,0.0379784107208252,431.229801654816,21.6975998878479,1.9074375629425
0.934990546101657,0,"FSE","PVALB","wisp",89,0.0266921520233154,428.557741880417,22.2550806999207,1.90938234329224
1.47199977755533,0,"FSE","SLC17A7","wisp",89,0.0271389484405518,437.074442386627,26.5238418579102,1.91658329963684
1.17185935935936,0,"FSE","TAC2","wisp",89,0.0304219722747803,437.910945653915,22.326967716217,1.87165641784668
1.29189189189189,0,"FSE","VIP","wisp",89,0.0298922061920166,438.342940330505,27.465437412262,1.94656467437744
0.781589038800406,1,"SVG","PVALB","ELLA",89,0.0309114456176758,435.115567207336,31.1347949504852,1.98431396484375
0.864255696416065,0,"SVG","SLC17A7","ELLA",89,0.0306754112243652,438.493384361267,28.8851320743561,1.9389660358429
0.929480569104736,0,"SVG","TAC2","ELLA",89,0.0304248332977295,448.30394411087,32.6194403171539,1.90953707695007
0.839862668730051,0,"SVG","VIP","ELLA",89,0.0324821472167969,415.358382225037,32.2989933490753,1.89722228050232
-0.00579317875919581,0,"rate_effect","SLC17A7","DESeq2",89,0.0308408737182617,436.328069925308,27.416788816452,1.91525959968567
6.76875914518067e-05,0,"rate_effect","PVALB","DESeq2",89,0.0313224792480469,427.341772556305,28.5475046634674,1.95126700401306
3.61893822943468e-06,0,"rate_effect","TAC2","DESeq2",89,0.0268018245697021,431.519038438797,28.7881174087524,1.92720103263855
6.98975289680933e-06,0,"rate_effect","VIP","DESeq2",89,0.0292632579803467,428.10148024559,30.4223482608795,1.970871925354
0.0962645526157422,0,"FSE","SLC17A7","DESeq2",89,0.0282788276672363,405.253556966782,25.0135204792023,2.00466966629028
0.0962645526157422,0,"FSE","PVALB","DESeq2",89,0.0284509658813477,431.580227851868,27.9698166847229,1.89975738525391
0.96193530779196,0,"FSE","TAC2","DESeq2",89,0.0286874771118164,430.834863185883,27.7004799842834,1.89838004112244
0.96193530779196,0,"FSE","VIP","DESeq2",89,0.0305662155151367,442.693529844284,26.6938269138336,1.96454334259033
-3.21391666967681,-0.481760278809816,"rate_effect","PVALB","wisp",90,0.02779221534729,451.127518415451,26.0369720458984,1.90947294235229
0.000199009038679802,-0.0290350317955017,"rate_effect","SLC17A7","wisp",90,0.0288090705871582,419.77030134201,25.7107317447662,1.97353386878967
0.0119403949970631,0,"rate_effect","TAC2","wisp",90,0.0304677486419678,425.153422117233,24.997104883194,1.92307567596436
0.0115473760244559,0,"rate_effect","VIP","wisp",90,0.0301992893218994,437.201149463654,31.2977366447449,1.96999192237854
0.265931965766591,0.227608857443556,"random_effect","replicate1","wisp",90,0.0317413806915283,419.524928569794,21.2905933856964,1.96289253234863
-0.39100921141106,-0.271799485431984,"random_effect","replicate2","wisp",90,0.0284855365753174,446.937193155289,28.4970102310181,1.91163372993469
-0.244859449571029,-0.148733282927424,"random_effect","replicate3","wisp",90,0.0274665355682373,444.712888479233,23.9891443252563,1.87488484382629
0.345713002028196,0.393290019594133,"random_effect","replicate4","wisp",90,0.0323386192321777,417.759402275085,25.2549314498901,1.89371967315674
0.0157620157620157,1,"FSE","PVALB","wisp",90,0.0282852649688721,416.854083061218,30.6044044494629,1.92660236358643
0.232954545454545,1,"FSE","SLC17A7","wisp",90,0.0322670936584473,421.5183634758,31.4342231750488,1.93913173675537
1.41566433566434,0,"FSE","TAC2","wisp",90,0.0289487838745117,448.733220338821,26.4758231639862,1.96097540855408
1.2032967032967,0,"FSE","VIP","wisp",90,0.0280981063842773,427.417523622513,30.1986346244812,1.98125243186951
0.894216135128475,1,"SVG","PVALB","ELLA",90,0.0323467254638672,453.860027313232,30.1176075935364,1.94006776809692
0.902803403055803,1,"SVG","SLC17A7","ELLA",90,0.0279364585876465,419.111906051636,30.3025121688843,1.82835912704468
0.963962030036697,0,"SVG","TAC2","ELLA",90,0.0278191566467285,422.150298118591,25.0138621330261,1.9052460193634
0.900542427076231,0,"SVG","VIP","ELLA",90,0.975653648376465,431.828337192535,27.9934065341949,1.96088552474976
-0.0834191578882956,-0.481760278809816,"rate_effect","SLC17A7","DESeq2",90,0.0273873805999756,417.86593914032,26.1573016643524,1.92815375328064
-9.33554250515279,-0.0290350317955017,"rate_effect","PVALB","DESeq2",90,0.0301876068115234,421.714729070663,36.1966271400452,1.85416579246521
0.104662955608931,0,"rate_effect","TAC2","DESeq2",90,0.966925382614136,423.18149805069,28.2153370380402,1.94660639762878
0.0963185078628908,0,"rate_effect","VIP","DESeq2",90,0.959918260574341,411.49706864357,21.0312209129333,1.96745443344116
5.35327049365801e-35,1,"FSE","SLC17A7","DESeq2",90,0.0286843776702881,424.162430047989,28.4714119434357,1.95679402351379
0,1,"FSE","PVALB","DESeq2",90,0.0275018215179443,424.953616142273,28.753488779068,1.89107203483582
1.26430860292246e-11,0,"FSE","TAC2","DESeq2",90,0.0303053855895996,413.682648897171,32.5513451099396,1.86874127388
3.48776233326672e-12,0,"FSE","VIP","DESeq2",90,0.0296225547790527,418.972558736801,22.28346991539,1.91441702842712
0.155769524997497,0.0661055964883417,"rate_effect","PVALB","wisp",91,0.0314235687255859,439.402960062027,22.7104434967041,2.06456971168518
-0.0215268935873847,0,"rate_effect","SLC17A7","wisp",91,0.0252742767333984,437.390397071838,23.8163566589355,1.89545559883118
-0.264106252925916,0,"rate_effect","TAC2","wisp",91,0.0300617218017578,435.108697414398,30.1848514080048,1.95747828483582
0.0698118253873523,0,"rate_effect","VIP","wisp",91,0.0281143188476562,417.028471469879,30.4718544483185,1.9316611289978
-0.598107006532922,-0.499183060135692,"random_effect","replicate1","wisp",91,0.0322134494781494,428.645718336105,24.1389372348785,1.9397451877594
0.644574015224486,-0.322596737882122,"random_effect","replicate2","wisp",91,0.0293436050415039,437.016592979431,28.5908098220825,2.00542783737183
0.230737127811258,-0.470390926115215,"random_effect","replicate3","wisp",91,0.0281786918640137,436.223310709,33.0396196842194,1.87908291816711
0.20795065956933,-0.47258571209386,"random_effect","replicate4","wisp",91,0.0291585922241211,432.003209590912,25.8684644699097,1.98139333724976
2.46620046620047,1,"FSE","PVALB","wisp",91,0.0310695171356201,421.0782122612,30.3165369033813,1.92700958251953
1.74207042957043,0,"FSE","SLC17A7","wisp",91,0.0277640819549561,416.96134018898,25.3891241550446,1.93578004837036
0.769168331668332,0,"FSE","TAC2","wisp",91,0.0296456813812256,423.063416242599,22.6420071125031,1.89431571960449
0.951808191808192,0,"FSE","VIP","wisp",91,0.0282070636749268,430.799074888229,28.9197087287903,2.02877569198608
0.865841131489627,1,"SVG","PVALB","ELLA",91,0.028740406036377,411.27406167984,27.1586208343506,1.95289063453674
0.909316629929013,0,"SVG","SLC17A7","ELLA",91,0.0296759605407715,424.28426527977,28.5306944847107,1.97954940795898
3.13423034636884e-07,1,"SVG","TAC2","ELLA",91,0.0315585136413574,424.110975265503,25.9745590686798,1.83040857315063
0.97363974734122,0,"SVG","VIP","ELLA",91,0.0303142070770264,426.358679771423,27.514014005661,1.85209774971008
-0.043160328382331,0.0661055964883417,"rate_effect","SLC17A7","DESeq2",91,0.0279641151428223,422.353990077972,28.4563901424408,1.88063788414001
0.28302384148196,0,"rate_effect","PVALB","DESeq2",91,0.029841423034668,455.733216524124,28.087949514389,1.87526679039001
-0.0664161184328883,0,"rate_effect","TAC2","DESeq2",91,0.0290489196777344,428.638993501663,24.4395961761475,1.97462296485901
-0.0227427803704021,0,"rate_effect","VIP","DESeq2",91,0.0295510292053223,423.189258098602,21.3554708957672,1.91519999504089
0.522941093781494,1,"FSE","SLC17A7","DESeq2",91,0.0303323268890381,446.011021852493,29.9634885787964,1.95551204681396
0.000211580179034601,0,"FSE","PVALB","DESeq2",91,0.0277292728424072,425.692224502563,29.5691344738007,1.90439701080322
0.473763583452884,0,"FSE","TAC2","DESeq2",91,0.935065746307373,409.268024206161,26.510181427002,1.97003269195557
0.664886012546461,0,"FSE","VIP","DESeq2",91,0.0277588367462158,420.036387681961,27.1086444854736,1.88512778282166
0.00455658818254908,0,"rate_effect","PVALB","wisp",92,0.028433084487915,435.003904342651,22.8738830089569,1.87973070144653
-0.00260211258271273,0,"rate_effect","SLC17A7","wisp",92,0.0291740894317627,422.846745491028,27.8921658992767,1.93611168861389
-0.035308144304156,0,"rate_effect","TAC2","wisp",92,0.0325593948364258,422.382641553879,32.2758796215057,1.92639994621277
-0.800576066984124,-0.162563631078228,"rate_effect","VIP","wisp",92,0.0299866199493408,450.483470439911,27.4053957462311,1.90693759918213
-0.317438609055794,-0.163062156876549,"random_effect","replicate1","wisp",92,0.0297629833221436,434.546971559525,23.7330112457275,1.87679743766785
0.262380333508388,0.399406457087025,"random_effect","replicate2","wisp",92,0.0338435173034668,436.816553592682,29.0492534637451,1.95362281799316
0.187663556433668,0.258905910886824,"random_effect","replicate3","wisp",92,0.027367115020752,422.633439302444,21.7879257202148,2.01387763023376
-0.0830345451008734,0.0842052272055298,"random_effect","replicate4","wisp",92,0.0304765701293945,341.904124975204,28.1543152332306,1.86765432357788
1.30162962962963,0,"FSE","PVALB","wisp",92,0.0292367935180664,428.609116077423,25.2551717758179,1.91724061965942
1.34091836734694,0,"FSE","SLC17A7","wisp",92,0.0310986042022705,444.368892192841,30.7688519954681,1.91700601577759
1.166,0,"FSE","TAC2","wisp",92,0.0286846160888672,433.176414728165,25.6008260250092,2.11447739601135
0.0176666666666667,1,"FSE","VIP","wisp",92,0.0247077941894531,429.265485286713,29.3011937141418,1.89909911155701
0.958204277162031,0,"SVG","PVALB","ELLA",92,0.0279552936553955,442.510897397995,34.6902959346771,1.89492797851562
0.874655308813828,0,"SVG","SLC17A7","ELLA",92,0.0318880081176758,434.701031208038,26.0515778064728,1.92224431037903
4.40000937518281e-07,1,"SVG","TAC2","ELLA",92,0.0304415225982666,438.606535673141,24.8661851882935,1.91352796554565
0.789798078202492,1,"SVG","VIP","ELLA",92,0.032750129699707,438.608156204224,26.6019434928894,1.87204194068909
0.0175257099169552,0,"rate_effect","SLC17A7","DESeq2",92,0.0291445255279541,421.407907009125,22.5907454490662,1.87196683883667
0.0185970134391339,0,"rate_effect","PVALB","DESeq2",92,0.961971044540405,427.296780824661,28.2648706436157,1.92194104194641
-0.00728452953171563,0,"rate_effect","TAC2","DESeq2",92,0.0310268402099609,433.440595388412,28.0865998268127,1.92976903915405
-1.1263282103853,-0.162563631078228,"rate_effect","VIP","DESeq2",92,0.0276010036468506,448.544350624084,28.3334722518921,1.90699672698975
0.000797323108164832,0,"FSE","SLC17A7","DESeq2",92,0.033125638961792,437.187759637833,25.8857131004333,1.94445037841797
0.0542698057505239,0,"FSE","PVALB","DESeq2",92,0.0310487747192383,416.92185997963,34.7796940803528,1.96136689186096
0.557698522734579,0,"FSE","TAC2","DESeq2",92,0.0298552513122559,429.006608963013,28.0748641490936,1.91984724998474
0,1,"FSE","VIP","DESeq2",92,0.027881383895874,427.94335269928,29.6661524772644,1.91626119613647
-0.0462192849282899,0,"rate_effect","PVALB","wisp",93,0.0307164192199707,431.815202474594,29.9965281486511,1.88038921356201
-0.0264950736204009,0,"rate_effect","SLC17A7","wisp",93,0.031790018081665,415.090425491333,28.7477598190308,1.97158217430115
-0.0272204239551162,0,"rate_effect","TAC2","wisp",93,0.961175680160522,446.45299243927,25.8177356719971,1.91986060142517
-0.669155215981895,-0.234245035797358,"rate_effect","VIP","wisp",93,0.0292866230010986,468.735806465149,25.6810131072998,1.88051891326904
-0.530127548128963,-0.388551682466641,"random_effect","replicate1","wisp",93,0.0333788394927979,430.931964159012,27.3349032402039,1.9478747844696
0.354889366452215,0.458923295605928,"random_effect","replicate2","wisp",93,0.0313360691070557,430.072258234024,32.5169382095337,1.92294645309448
-0.0959783010352722,-0.0805664954241365,"random_effect","replicate3","wisp",93,0.0320706367492676,410.121573209763,23.7532002925873,1.94743466377258
0.349708271204528,0.423321436624974,"random_effect","replicate4","wisp",93,0.0284214019775391,455.047101974487,29.9072344303131,1.901535987854
1.10902569235903,0,"FSE","PVALB","wisp",93,0.0273256301879883,418.158571958542,29.1062133312225,1.88763666152954
1.93036786786787,0,"FSE","SLC17A7","wisp",93,0.0296573638916016,428.122677564621,30.82168841362,1.92050409317017
1.06411967523079,0,"FSE","TAC2","wisp",93,0.0289463996887207,427.728178977966,32.8114042282104,1.94097876548767
0.0248216966966967,1,"FSE","VIP","wisp",93,0.0289764404296875,423.737015485764,28.5979809761047,1.92490077018738
0.974031114102249,0,"SVG","PVALB","ELLA",93,0.0297586917877197,456.613583087921,28.417432308197,1.88906669616699
0.814072624853338,1,"SVG","SLC17A7","ELLA",93,0.0328109264373779,420.884456634521,22.5742952823639,2.0883207321167
0.988813350856888,0,"SVG","TAC2","ELLA",93,0.0276672840118408,424.830772399902,28.9470098018646,1.93059301376343
7.33351084580836e-07,1,"SVG","VIP","ELLA",93,0.0286664962768555,437.511374950409,26.4271965026855,2.01169347763062
0.0132378254777103,0,"rate_effect","SLC17A7","DESeq2",93,0.0293729305267334,464.370765447617,28.4331409931183,1.92028284072876
0.00820476106348499,0,"rate_effect","PVALB","DESeq2",93,0.0321409702301025,403.638920783997,24.1360626220703,1.98838710784912
0.0117861573974351,0,"rate_effect","TAC2","DESeq2",93,0.0281195640563965,414.873692512512,23.5046339035034,1.91408538818359
-1.91750853953997,-0.234245035797358,"rate_effect","VIP","DESeq2",93,0.963593482971191,429.04301905632,34.2810742855072,1.96899151802063
0.0546638061472741,0,"FSE","SLC17A7","DESeq2",93,1.88674259185791,417.523854017258,26.3215594291687,1.88364768028259
0.552179872993691,0,"FSE","PVALB","DESeq2",93,0.0296945571899414,421.218112707138,27.146746635437,1.96816301345825
0.552179872993691,0,"FSE","TAC2","DESeq2",93,0.0303440093994141,441.318182468414,32.5797770023346,1.93074917793274
0,1,"FSE","VIP","DESeq2",93,0.0316970348358154,431.787833929062,26.038455247879,1.94249320030212
0.00378363884020762,0,"rate_effect","PVALB","wisp",94,0.0272305011749268,441.372266292572,32.3179461956024,1.85554122924805
0.197465639503344,0,"rate_effect","SLC17A7","wisp",94,0.0315840244293213,424.107073545456,30.2552561759949,1.88771200180054
-0.019597393299868,0,"rate_effect","TAC2","wisp",94,0.0327708721160889,420.323094844818,23.4643216133118,1.9144229888916
-0.0551826333559889,0,"rate_effect","VIP","wisp",94,0.0276579856872559,448.618867874146,29.8870091438293,1.93364334106445
-0.0992704089652761,0.2174548341427,"random_effect","replicate1","wisp",94,0.031425952911377,375.935034036636,27.1698169708252,1.93180441856384
-0.175173555209709,0.147874908754602,"random_effect","replicate2","wisp",94,0.0269701480865479,429.70928645134,31.0543217658997,2.00865888595581
0.0877803513316807,0.298999976366758,"random_effect","replicate3","wisp",94,0.0327162742614746,437.831256628036,29.3419151306152,1.91435265541077
0.16563827786993,0.435399991925806,"random_effect","replicate4","wisp",94,0.0288233757019043,431.461276769638,29.5254518985748,1.95789742469788
1.0260351893005,0,"FSE","PVALB","wisp",94,0.028160572052002,427.493983983994,24.4479246139526,1.92510008811951
1.44367632367632,0,"FSE","SLC17A7","wisp",94,0.0265765190124512,465.420249700546,23.41534948349,1.87832069396973
1.22844502436339,0,"FSE","TAC2","wisp",94,0.0311448574066162,435.724847555161,25.2409904003143,1.97131896018982
0.644168331668332,0,"FSE","VIP","wisp",94,0.0287723541259766,426.489372253418,30.498678445816,1.91572141647339
0.955979195793441,0,"SVG","PVALB","ELLA",94,0.028050422668457,433.407697439194,24.0474677085876,1.89630961418152
0.940242785206872,1,"SVG","SLC17A7","ELLA",94,0.0294380187988281,417.568301677704,26.5134179592133,1.9169909954071
0.921194600027555,0,"SVG","TAC2","ELLA",94,0.0276269912719727,419.191938638687,32.9697706699371,1.88022470474243
5.50004720545338e-07,1,"SVG","VIP","ELLA",94,0.0316841602325439,430.204669237137,25.8227248191833,1.93337726593018
0.000551511697357738,0,"rate_effect","SLC17A7","DESeq2",94,0.0281548500061035,423.383732318878,27.5879828929901,2.00009894371033
-7.96490958575592e-05,0,"rate_effect","PVALB","DESeq2",94,0.950234889984131,433.018593549728,25.3655872344971,1.8637535572052
-0.000142020061831428,0,"rate_effect","TAC2","DESeq2",94,0.0335521697998047,425.685601949692,28.7269361019135,1.95883941650391
0.000436350087468299,0,"rate_effect","VIP","DESeq2",94,0.0294747352600098,421.638487815857,30.5206129550934,1.83303546905518
0.792927378705646,0,"FSE","SLC17A7","DESeq2",94,0.0276050567626953,403.932096004486,19.2276413440704,1.78714275360107
0.792927378705646,0,"FSE","PVALB","DESeq2",94,0.0286576747894287,408.298879146576,22.2654452323914,1.84356260299683
0.436011095927172,0,"FSE","TAC2","DESeq2",94,0.0274727344512939,411.141361951828,25.3585731983185,1.77027249336243
0.792927378705646,0,"FSE","VIP","DESeq2",94,0.0304088592529297,414.141072034836,23.9539802074432,1.80440640449524
-0.065837818909294,0,"rate_effect","PVALB","wisp",95,0.0287880897521973,408.969439744949,30.3737318515778,1.77948665618896
0.14075279923711,0,"rate_effect","SLC17A7","wisp",95,0.028679370880127,409.549560070038,22.5197160243988,1.75816679000854
0.436819633181376,0.232597724534571,"rate_effect","TAC2","wisp",95,0.0275130271911621,403.635833740234,30.8150849342346,1.85015249252319
-0.0475926596270809,0,"rate_effect","VIP","wisp",95,0.0293619632720947,433.035242795944,27.7534692287445,1.79997277259827
0.102649203637344,0.251244947081432,"random_effect","replicate1","wisp",95,0.0276510715484619,418.054634571075,30.3133184909821,1.76283740997314
-0.128612939096231,0.0766639090143144,"random_effect","replicate2","wisp",95,0.0313279628753662,439.242620706558,24.6636564731598,1.80634546279907
0.144131130551634,0.238710917299613,"random_effect","replicate3","wisp",95,0.0292425155639648,351.229082584381,27.6974363327026,1.83659362792969
-0.273089375243687,-0.0482434341683984,"random_effect","replicate4","wisp",95,0.0299062728881836,428.477724790573,27.0271451473236,1.79152250289917
1.48301698301698,0,"FSE","PVALB","wisp",95,0.028439998626709,400.481114149094,25.8864300251007,1.79541492462158
0.277597402597403,0,"FSE","SLC17A7","wisp",95,0.895889282226562,416.329598903656,25.5795469284058,1.76463961601257
0.117962037962038,1,"FSE","TAC2","wisp",95,0.0301418304443359,397.71418094635,28.2146577835083,1.78049683570862
0.23415360150054,0,"FSE","VIP","wisp",95,0.0305290222167969,413.912841081619,30.5826287269592,1.81949877738953
0.852488330354215,1,"SVG","PVALB","ELLA",95,0.0295813083648682,405.915508031845,25.7490229606628,1.80578708648682
0.908922164938579,1,"SVG","SLC17A7","ELLA",95,0.0276761054992676,401.609362363815,23.6494569778442,1.81292271614075
0.84594514953233,1,"SVG","TAC2","ELLA",95,0.0274889469146729,409.212975025177,25.6452651023865,1.82821798324585
0.969033599850189,1,"SVG","VIP","ELLA",95,0.0307917594909668,414.806458950043,29.2246925830841,1.80796146392822
-0.00637388879673168,0,"rate_effect","SLC17A7","DESeq2",95,0.0279734134674072,423.394227981567,30.1006395816803,1.78223991394043
-0.0164795693652949,0,"rate_effect","PVALB","DESeq2",95,0.0319101810455322,426.406829357147,27.4714765548706,1.80058145523071
1.04220137334864,0.232597724534571,"rate_effect","TAC2","DESeq2",95,0.029646635055542,402.189610004425,27.126549243927,1.84013605117798
-0.00090278970583801,0,"rate_effect","VIP","DESeq2",95,0.0317471027374268,435.770930051804,27.0759134292603,1.74023652076721
0.369658336151196,0,"FSE","SLC17A7","DESeq2",95,0.028592586517334,408.307660102844,29.5158882141113,1.77786779403687
0.180684816516342,0,"FSE","PVALB","DESeq2",95,0.0283982753753662,411.093592882156,27.4431064128876,1.73424339294434
0,1,"FSE","TAC2","DESeq2",95,0.0274736881256104,406.61597943306,31.6404249668121,1.80775022506714
0.929926658837399,0,"FSE","VIP","DESeq2",95,0.0311400890350342,408.279498338699,23.8222887516022,1.86932563781738
0.00591573103709492,0,"rate_effect","PVALB","wisp",96,0.0311648845672607,409.458102464676,26.5550758838654,1.80131101608276
-0.00515309361922088,0,"rate_effect","SLC17A7","wisp",96,0.029813289642334,411.923641443253,23.8093945980072,1.76051712036133
0.0230672489048036,0,"rate_effect","TAC2","wisp",96,0.0329639911651611,405.545966625214,31.5916204452515,1.78944897651672
-0.0212568592547388,0,"rate_effect","VIP","wisp",96,0.0260028839111328,425.389599561691,24.1233968734741,1.78804445266724
-0.29185168061288,-0.143712855177,"random_effect","replicate1","wisp",96,0.0357918739318848,398.119257926941,28.8584458827972,1.83746886253357
-0.022608134429245,0.0511107554193586,"random_effect","replicate2","wisp",96,0.0309436321258545,418.349713802338,35.2129671573639,1.8385636806488
0.170200865244339,0.229118685703725,"random_effect","replicate3","wisp",96,0.0236492156982422,406.516528367996,25.677962064743,1.86991882324219
0.229814833577101,0.270537110278383,"random_effect","replicate4","wisp",96,0.0269579887390137,425.068669080734,31.497305393219,1.86204314231873
1.6246953046953,0,"FSE","PVALB","wisp",96,0.0278401374816895,422.368977308273,21.9365797042847,1.84537696838379
1.13392163392163,0,"FSE","SLC17A7","wisp",96,0.0262370109558105,430.461272001266,26.6901309490204,1.90605521202087
0.851232101232101,0,"FSE","TAC2","wisp",96,0.0279896259307861,412.056294202805,28.827924489975,2.02909517288208
1.24420477481702,0,"FSE","VIP","wisp",96,0.0239815711975098,437.154964923859,21.9802222251892,1.92869520187378
0.827731157332265,0,"SVG","PVALB","ELLA",96,0.0296258926391602,422.03987288475,33.1828806400299,1.90689778327942
0.861985100532236,0,"SVG","SLC17A7","ELLA",96,0.0269100666046143,453.455007553101,24.2923212051392,1.84552454948425
3.66667561868539e-07,1,"SVG","TAC2","ELLA",96,0.0264310836791992,436.033627033234,27.4141705036163,1.84341669082642
0.939814701521602,0,"SVG","VIP","ELLA",96,0.030048131942749,416.873572587967,22.743204832077,1.89280819892883
0.000301362079350632,0,"rate_effect","SLC17A7","DESeq2",96,0.026158332824707,418.94610118866,26.0069177150726,1.88708782196045
0.000168837568911185,0,"rate_effect","PVALB","DESeq2",96,0.02978515625,411.92558836937,23.0960333347321,1.92023396492004
-6.88870229441886e-05,0,"rate_effect","TAC2","DESeq2",96,0.0285301208496094,440.837086200714,25.1775932312012,1.9048330783844
1.27387733056376e-05,0,"rate_effect","VIP","DESeq2",96,0.0287730693817139,418.37282538414,26.0856287479401,2.60899710655212
0.417138697210102,0,"FSE","SLC17A7","DESeq2",96,0.0306224822998047,420.641088485718,27.347541809082,1.87631368637085
0.417138697210102,0,"FSE","PVALB","DESeq2",96,0.0251264572143555,428.662610292435,21.5447599887848,1.84871196746826
0.417138697210102,0,"FSE","TAC2","DESeq2",96,0.0291104316711426,427.803039550781,30.6923115253448,1.89639258384705
0.417138697210102,0,"FSE","VIP","DESeq2",96,0.0312936305999756,424.708827018738,25.2575786113739,1.85999202728271
0.633576279586003,0.343872283352539,"rate_effect","PVALB","wisp",97,0.0281896591186523,432.656529903412,24.8084371089935,1.89901542663574
-0.0053717741627149,0,"rate_effect","SLC17A7","wisp",97,0.031583309173584,427.925946950912,26.4291985034943,1.92317056655884
0.0143571472931223,0,"rate_effect","TAC2","wisp",97,0.0287032127380371,424.533989191055,32.605699300766,1.91907668113708
0.174348714157017,0,"rate_effect","VIP","wisp",97,0.0302207469940186,439.701268434525,32.080885887146,1.9224226474762
0.144559289368956,-0.113058948889375,"random_effect","replicate1","wisp",97,0.0275440216064453,423.768881559372,22.7086806297302,1.91026425361633
0.310150898068048,0.100686751538888,"random_effect","replicate2","wisp",97,0.0284562110900879,418.428074121475,25.0440411567688,1.86522579193115
0.414171499685014,0.396894102916121,"random_effect","replicate3","wisp",97,0.0321822166442871,423.145944595337,28.5050308704376,1.88742089271545
-0.591556064145,-0.435271512484178,"random_effect","replicate4","wisp",97,1.83389782905579,428.387951374054,27.2869317531586,1.97345232963562
0.574862637362637,1,"FSE","PVALB","wisp",97,0.029057502746582,342.884785890579,24.0696587562561,1.93395066261292
1.52852702852703,0,"FSE","SLC17A7","wisp",97,0.0272171497344971,438.251104593277,21.7468342781067,1.89160752296448
1.21584665334665,0,"FSE","TAC2","wisp",97,0.0269596576690674,421.046288967133,23.9341967105865,1.92022323608398
0.573648573648574,0,"FSE","VIP","wisp",97,0.0296871662139893,413.815036773682,29.3492894172668,1.99918484687805
0.868135734405563,1,"SVG","PVALB","ELLA",97,0.0308065414428711,436.233450174332,30.0629839897156,1.94655609130859
0.893049729940433,0,"SVG","SLC17A7","ELLA",97,0.0267951488494873,437.389758586884,29.0803780555725,1.91891193389893
0.875257797707628,0,"SVG","TAC2","ELLA",97,0.0312454700469971,421.801689386368,32.9749879837036,1.85251688957214
1.10003474179665e-06,1,"SVG","VIP","ELLA",97,0.0282926559448242,412.800875425339,32.2108843326569,2.01232624053955
-0.0370744281178438,0.343872283352539,"rate_effect","SLC17A7","DESeq2",97,0.0285141468048096,415.758309602737,22.5008878707886,1.89890432357788
1.46115446406141,0,"rate_effect","PVALB","DESeq2",97,0.0309028625488281,448.807687759399,27.4583051204681,2.57047271728516
-0.0347436518147733,0,"rate_effect","TAC2","DESeq2",97,0.0265467166900635,425.658793926239,26.1612327098846,1.99357652664185
0.00720888604428512,0,"rate_effect","VIP","DESeq2",97,0.0303549766540527,419.892758131027,27.2944993972778,1.90579128265381
3.24457249095963e-07,1,"FSE","SLC17A7","DESeq2",97,0.0257844924926758,423.843417406082,27.4935083389282,1.95272493362427
0,0,"FSE","PVALB","DESeq2",97,0.0316722393035889,419.851747989655,33.067813873291,1.91422843933105
0.0974816597479131,0,"FSE","TAC2","DESeq2",97,0.0286879539489746,432.175387382507,25.0857548713684,1.89460062980652
0.742704897790716,0,"FSE","VIP","DESeq2",97,0.02815842628479,433.26940369606,29.9820668697357,1.89951992034912
-0.0561716292174899,0,"rate_effect","PVALB","wisp",98,0.0281815528869629,422.863761901855,31.7035093307495,1.87914896011353
-0.576349348717484,0,"rate_effect","SLC17A7","wisp",98,0.0313327312469482,419.048016548157,28.450918674469,1.91853785514832
-0.112942119334153,0,"rate_effect","TAC2","wisp",98,0.0285539627075195,428.176956653595,28.7329323291779,1.9428985118866
0.0521071131194201,0,"rate_effect","VIP","wisp",98,0.0334653854370117,448.894484519958,26.7565746307373,1.9282500743866
0.128786984388172,0.0471508444752544,"random_effect","replicate1","wisp",98,0.0286557674407959,431.972440481186,31.2850565910339,1.88315010070801
-0.343478169880656,-0.233255991479382,"random_effect","replicate2","wisp",98,0.0300242900848389,424.963372707367,22.1425814628601,1.95683145523071
0.290030957082475,0.332579497480765,"random_effect","replicate3","wisp",98,0.0302369594573975,418.386739492416,27.6639943122864,1.88131093978882
0.101224411852639,0.0642854771576822,"random_effect","replicate4","wisp",98,0.0300443172454834,421.28426527977,26.8966805934906,1.87866401672363
0.933044155266377,0,"FSE","PVALB","wisp",98,0.0321400165557861,442.835676431656,31.8027515411377,1.93642425537109
1.0449338227116,0,"FSE","SLC17A7","wisp",98,0.0286946296691895,454.172886371613,20.994350194931,1.92745304107666
0.148565231898565,0,"FSE","TAC2","wisp",98,0.0270276069641113,426.286192655563,29.4402439594269,1.9688024520874
0.666506506506506,0,"FSE","VIP","wisp",98,0.028942346572876,426.630576610565,26.7875216007233,1.85739088058472
2.20003987622119e-06,1,"SVG","PVALB","ELLA",98,0.0292212963104248,403.239965200424,18.2296206951141,1.95345449447632
0.915533187325973,1,"SVG","SLC17A7","ELLA",98,0.0291359424591064,437.543063640594,30.7751030921936,1.94943451881409
5.5000282467299e-07,1,"SVG","TAC2","ELLA",98,0.0285475254058838,424.828949689865,29.1811516284943,1.91415333747864
1.10001061248699e-06,1,"SVG","VIP","ELLA",98,0.0288188457489014,410.777765274048,29.7327396869659,1.89316058158875
-0.0113463768743393,0,"rate_effect","SLC17A7","DESeq2",98,0.032414436340332,419.698316812515,29.1467514038086,1.89908075332642
-0.00810585149895054,0,"rate_effect","PVALB","DESeq2",98,0.0276556015014648,420.921313047409,29.8099269866943,1.88652443885803
0.0107419775524083,0,"rate_effect","TAC2","DESeq2",98,0.0273778438568115,421.405151367188,26.7447578907013,1.91813373565674
0.0323144761779516,0,"rate_effect","VIP","DESeq2",98,0.031156063079834,429.191378355026,28.5962595939636,1.9064519405365
0.031441982499516,0,"FSE","SLC17A7","DESeq2",98,0.0286152362823486,427.424861907959,26.4314243793488,1.93819808959961
0.233714657038031,0,"FSE","PVALB","DESeq2",98,0.0281038284301758,418.824084997177,25.559473991394,2.10096716880798
0.748737391057577,0,"FSE","TAC2","DESeq2",98,0.0306472778320312,466.21201300621,29.5179445743561,1.95194005966187
0.0073698112969373,0,"FSE","VIP","DESeq2",98,0.0272939205169678,428.564567327499,28.1826069355011,1.93955206871033
0.010582824953009,0,"rate_effect","PVALB","wisp",99,0.0268537998199463,428.62980222702,28.0788650512695,1.86716628074646
0.00402022762755195,0,"rate_effect","SLC17A7","wisp",99,0.0316793918609619,433.665621757507,28.1941282749176,1.93836879730225
-0.0259530022165325,0,"rate_effect","TAC2","wisp",99,0.03013014793396,428.914049386978,27.9392147064209,1.9660108089447
-0.0274599960295385,0,"rate_effect","VIP","wisp",99,0.0287206172943115,433.117321252823,28.3073542118073,1.88844609260559
-0.16708065811314,-0.147452742327005,"random_effect","replicate1","wisp",99,0.0285968780517578,418.431674480438,33.0067012310028,1.91616630554199
-0.250632850788894,-0.220886620692909,"random_effect","replicate2","wisp",99,0.0298805236816406,434.249496936798,27.1291103363037,1.91533708572388
-0.235178775877812,-0.208251275587827,"random_effect","replicate3","wisp",99,0.0283896923065186,421.070561885834,30.8779003620148,1.90010547637939
0.365207733471461,0.252521814079955,"random_effect","replicate4","wisp",99,0.029975414276123,428.989985227585,23.9281105995178,1.94244980812073
1.3020260989011,0,"FSE","PVALB","wisp",99,0.0299692153930664,457.875961065292,31.8868365287781,1.89758825302124
2.70623126873127,0,"FSE","SLC17A7","wisp",99,0.02939772605896,417.147555589676,23.9216980934143,1.87791299819946
1.27752247752248,0,"FSE","TAC2","wisp",99,0.0280909538269043,416.846960306168,27.8313653469086,1.94330286979675
1.61929736929737,0,"FSE","VIP","wisp",99,0.0304865837097168,344.447868108749,27.1202914714813,1.91046500205994
0.899220843246697,0,"SVG","PVALB","ELLA",99,0.029170036315918,439.159169435501,28.2010991573334,1.95590901374817
0.871524869302354,0,"SVG","SLC17A7","ELLA",99,0.0297019481658936,437.935654640198,30.1933093070984,1.91210222244263
6.9200575447681e-07,1,"SVG","TAC2","ELLA",99,0.027332067489624,424.346310138702,25.7669529914856,1.95130276679993
0.919379904371764,0,"SVG","VIP","ELLA",99,0.0291640758514404,437.639401674271,30.6169512271881,1.97665858268738
7.52257344544815e-05,0,"rate_effect","SLC17A7","DESeq2",99,0.0300407409667969,426.175881147385,30.7624077796936,1.87547874450684
2.39616194889508e-05,0,"rate_effect","PVALB","DESeq2",99,0.0379784107208252,431.229801654816,21.6975998878479,1.9074375629425
-2.23491003183181e-05,0,"rate_effect","TAC2","DESeq2",99,0.0266921520233154,428.557741880417,22.2550806999207,1.90938234329224
2.88916918172432e-05,0,"rate_effect","VIP","DESeq2",99,0.0271389484405518,437.074442386627,26.5238418579102,1.91658329963684
0.68812635897682,0,"FSE","SLC17A7","DESeq2",99,0.0304219722747803,437.910945653915,22.326967716217,1.87165641784668
0.68812635897682,0,"FSE","PVALB","DESeq2",99,0.0298922061920166,438.342940330505,27.465437412262,1.94656467437744
0.68812635897682,0,"FSE","TAC2","DESeq2",99,0.0309114456176758,435.115567207336,31.1347949504852,1.98431396484375
0.68812635897682,0,"FSE","VIP","DESeq2",99,0.0306754112243652,438.493384361267,28.8851320743561,1.9389660358429
-0.00802503758103446,0,"rate_effect","PVALB","wisp",100,0.0304248332977295,448.30394411087,32.6194403171539,1.90953707695007
0.00375073264940593,0,"rate_effect","SLC17A7","wisp",100,0.0324821472167969,415.358382225037,32.2989933490753,1.89722228050232
-0.0837691903862888,0,"rate_effect","TAC2","wisp",100,0.0308408737182617,436.328069925308,27.416788816452,1.91525959968567
-0.0161548127684561,0,"rate_effect","VIP","wisp",100,0.0313224792480469,427.341772556305,28.5475046634674,1.95126700401306
0.348174719130399,0.00224386132322252,"random_effect","replicate1","wisp",100,0.0268018245697021,431.519038438797,28.7881174087524,1.92720103263855
-0.197557211588692,-0.277662396896631,"random_effect","replicate2","wisp",100,0.0292632579803467,428.10148024559,30.4223482608795,1.970871925354
0.486003865624282,0.374960068613291,"random_effect","replicate3","wisp",100,0.0282788276672363,405.253556966782,25.0135204792023,2.00466966629028
-0.615813193762313,-0.456081255106255,"random_effect","replicate4","wisp",100,0.0284509658813477,431.580227851868,27.9698166847229,1.89975738525391
1.40659340659341,0,"FSE","PVALB","wisp",100,0.0286874771118164,430.834863185883,27.7004799842834,1.89838004112244
1.29685939060939,0,"FSE","SLC17A7","wisp",100,0.0305662155151367,442.693529844284,26.6938269138336,1.96454334259033
2.88333888333888,0,"FSE","TAC2","wisp",100,0.02779221534729,451.127518415451,26.0369720458984,1.90947294235229
0.41026973026973,0,"FSE","VIP","wisp",100,0.0288090705871582,419.77030134201,25.7107317447662,1.97353386878967
0.883935037987928,0,"SVG","PVALB","ELLA",100,0.0304677486419678,425.153422117233,24.997104883194,1.92307567596436
0.916165783241157,0,"SVG","SLC17A7","ELLA",100,0.0301992893218994,437.201149463654,31.2977366447449,1.96999192237854
0.947335781319822,1,"SVG","TAC2","ELLA",100,0.0317413806915283,419.524928569794,21.2905933856964,1.96289253234863
2.20041451987063e-06,1,"SVG","VIP","ELLA",100,0.0284855365753174,446.937193155289,28.4970102310181,1.91163372993469
0.000157498597879277,0,"rate_effect","SLC17A7","DESeq2",100,0.0274665355682373,444.712888479233,23.9891443252563,1.87488484382629
-5.56097378117629e-05,0,"rate_effect","PVALB","DESeq2",100,0.0323386192321777,417.759402275085,25.2549314498901,1.89371967315674
-2.67029777892217e-05,0,"rate_effect","TAC2","DESeq2",100,0.0282852649688721,416.854083061218,30.6044044494629,1.92660236358643
-8.61452840016591e-05,0,"rate_effect","VIP","DESeq2",100,0.0322670936584473,421.5183634758,31.4342231750488,1.93913173675537
0.301597777022297,0,"FSE","SLC17A7","DESeq2",100,0.0289487838745117,448.733220338821,26.4758231639862,1.96097540855408
0.924758259829727,0,"FSE","PVALB","DESeq2",100,0.0280981063842773,427.417523622513,30.1986346244812,1.98125243186951
0.665481503924133,0,"FSE","TAC2","DESeq2",100,0.0323467254638672,453.860027313232,30.1176075935364,1.94006776809692
0.301597777022297,0,"FSE","VIP","DESeq2",100,0.0279364585876465,419.111906051636,30.3025121688843,1.82835912704468
0.144821598055669,0,"rate_effect","PVALB","wisp",101,0.0278191566467285,422.150298118591,25.0138621330261,1.9052460193634
0.09086516013999,0,"rate_effect","SLC17A7","wisp",101,0.975653648376465,431.828337192535,27.9934065341949,1.96088552474976
0.0521555126987363,0,"rate_effect","TAC2","wisp",101,0.0273873805999756,417.86593914032,26.1573016643524,1.92815375328064
-1.55514162030166,-0.385377831524238,"rate_effect","VIP","wisp",101,0.0301876068115234,421.714729070663,36.1966271400452,1.85416579246521
-0.0734859773992764,-0.0467917390633374,"random_effect","replicate1","wisp",101,0.966925382614136,423.18149805069,28.2153370380402,1.94660639762878
0.300908937824386,0.272270375629887,"random_effect","replicate2","wisp",101,0.959918260574341,411.49706864357,21.0312209129333,1.96745443344116
-0.236091187007368,-0.15351441456005,"random_effect","replicate3","wisp",101,0.0286843776702881,424.162430047989,28.4714119434357,1.95679402351379
0.00369580885548975,0.00423366436734796,"random_effect","replicate4","wisp",101,0.0275018215179443,424.953616142273,28.753488779068,1.89107203483582
0.964896214896215,0,"FSE","PVALB","wisp",101,0.0303053855895996,413.682648897171,32.5513451099396,1.86874127388
1.5152047952048,0,"FSE","SLC17A7","wisp",101,0.0296225547790527,418.972558736801,22.28346991539,1.91441702842712
0.724830724830725,0,"FSE","TAC2","wisp",101,0.0314235687255859,439.402960062027,22.7104434967041,2.06456971168518
0.0215702664682256,1,"FSE","VIP","wisp",101,0.0252742767333984,437.390397071838,23.8163566589355,1.89545559883118
0.847172965276417,1,"SVG","PVALB","ELLA",101,0.0300617218017578,435.108697414398,30.1848514080048,1.95747828483582
0.807568766360862,1,"SVG","SLC17A7","ELLA",101,0.0281143188476562,417.028471469879,30.4718544483185,1.9316611289978
7.33345437486932e-07,1,"SVG","TAC2","ELLA",101,0.0322134494781494,428.645718336105,24.1389372348785,1.9397451877594
1.10001275022142e-06,1,"SVG","VIP","ELLA",101,0.0293436050415039,437.016592979431,28.5908098220825,2.00542783737183
0.0376105099279067,0,"rate_effect","SLC17A7","DESeq2",101,0.0281786918640137,436.223310709,33.0396196842194,1.87908291816711
0.0208275602126338,0,"rate_effect","PVALB","DESeq2",101,0.0291585922241211,432.003209590912,25.8684644699097,1.98139333724976
-0.0188725498041802,0,"rate_effect","TAC2","DESeq2",101,0.0310695171356201,421.0782122612,30.3165369033813,1.92700958251953
-4.23205802555917,-0.385377831524238,"rate_effect","VIP","DESeq2",101,0.0277640819549561,416.96134018898,25.3891241550446,1.93578004837036
9.37092335011019e-09,0,"FSE","SLC17A7","DESeq2",101,0.0296456813812256,423.063416242599,22.6420071125031,1.89431571960449
0.0617301821885051,0,"FSE","PVALB","DESeq2",101,0.0282070636749268,430.799074888229,28.9197087287903,2.02877569198608
0.21627367475593,0,"FSE","TAC2","DESeq2",101,0.028740406036377,411.27406167984,27.1586208343506,1.95289063453674
0,1,"FSE","VIP","DESeq2",101,0.0296759605407715,424.28426527977,28.5306944847107,1.97954940795898
-0.00268306594284203,0,"rate_effect","PVALB","wisp",102,0.0315585136413574,424.110975265503,25.9745590686798,1.83040857315063
0.00597845756650647,0.0198240724857897,"rate_effect","SLC17A7","wisp",102,0.0303142070770264,426.358679771423,27.514014005661,1.85209774971008
0.0294461996499346,0,"rate_effect","TAC2","wisp",102,0.0279641151428223,422.353990077972,28.4563901424408,1.88063788414001
0.0261130960422043,0,"rate_effect","VIP","wisp",102,0.029841423034668,455.733216524124,28.087949514389,1.87526679039001
-0.494990895670829,-0.375742037780583,"random_effect","replicate1","wisp",102,0.0290489196777344,428.638993501663,24.4395961761475,1.97462296485901
0.0206740801738962,-0.0192513959482312,"random_effect","replicate2","wisp",102,0.0295510292053223,423.189258098602,21.3554708957672,1.91519999504089
0.403756310002056,0.354967051884159,"random_effect","replicate3","wisp",102,0.0303323268890381,446.011021852493,29.9634885787964,1.95551204681396
0.158506837158915,-0.0699819745495915,"random_effect","replicate4","wisp",102,0.0277292728424072,425.692224502563,29.5691344738007,1.90439701080322
1.27050500519888,0,"FSE","PVALB","wisp",102,0.935065746307373,409.268024206161,26.510181427002,1.97003269195557
1.66385614385614,1,"FSE","SLC17A7","wisp",102,0.0277588367462158,420.036387681961,27.1086444854736,1.88512778282166
1.51788211788212,0,"FSE","TAC2","wisp",102,0.028433084487915,435.003904342651,22.8738830089569,1.87973070144653
1.71314796314796,0,"FSE","VIP","wisp",102,0.0291740894317627,422.846745491028,27.8921658992767,1.93611168861389
0.861726729981026,0,"SVG","PVALB","ELLA",102,0.0325593948364258,422.382641553879,32.2758796215057,1.92639994621277
0.866933858516489,0,"SVG","SLC17A7","ELLA",102,0.0299866199493408,450.483470439911,27.4053957462311,1.90693759918213
0.778699032716638,0,"SVG","TAC2","ELLA",102,0.0297629833221436,434.546971559525,23.7330112457275,1.87679743766785
2.20011103879703e-06,1,"SVG","VIP","ELLA",102,0.0338435173034668,436.816553592682,29.0492534637451,1.95362281799316
0.00882971313403004,0,"rate_effect","SLC17A7","DESeq2",102,0.027367115020752,422.633439302444,21.7879257202148,2.01387763023376
0.00750927716367013,0.0198240724857897,"rate_effect","PVALB","DESeq2",102,0.0304765701293945,341.904124975204,28.1543152332306,1.86765432357788
0.000949445203833271,0,"rate_effect","TAC2","DESeq2",102,0.0292367935180664,428.609116077423,25.2551717758179,1.91724061965942
-0.00690897102619201,0,"rate_effect","VIP","DESeq2",102,0.0310986042022705,444.368892192841,30.7688519954681,1.91700601577759
0.215004354895787,0,"FSE","SLC17A7","DESeq2",102,0.0286846160888672,433.176414728165,25.6008260250092,2.11447739601135
0.360768906486479,1,"FSE","PVALB","DESeq2",102,0.0247077941894531,429.265485286713,29.3011937141418,1.89909911155701
0.915872567330178,0,"FSE","TAC2","DESeq2",102,0.0279552936553955,442.510897397995,34.6902959346771,1.89492797851562
0.215004354895787,0,"FSE","VIP","DESeq2",102,0.0318880081176758,434.701031208038,26.0515778064728,1.92224431037903
-0.0196761306338756,0,"rate_effect","PVALB","wisp",103,0.0304415225982666,438.606535673141,24.8661851882935,1.91352796554565
0.0103541367206342,0,"rate_effect","SLC17A7","wisp",103,0.032750129699707,438.608156204224,26.6019434928894,1.87204194068909
-0.0059951022367182,0,"rate_effect","TAC2","wisp",103,0.0291445255279541,421.407907009125,22.5907454490662,1.87196683883667
-0.08721611090981,0,"rate_effect","VIP","wisp",103,0.961971044540405,427.296780824661,28.2648706436157,1.92194104194641
0.0912219279919013,-0.096042983001098,"random_effect","replicate1","wisp",103,0.0310268402099609,433.440595388412,28.0865998268127,1.92976903915405
-0.505334044454011,-0.389859322924167,"random_effect","replicate2","wisp",103,0.0276010036468506,448.544350624084,28.3334722518921,1.90699672698975
0.141962985078929,-0.0549979619681835,"random_effect","replicate3","wisp",103,0.033125638961792,437.187759637833,25.8857131004333,1.94445037841797
0.426246251368931,0.454209983581677,"random_effect","replicate4","wisp",103,0.0310487747192383,416.92185997963,34.7796940803528,1.96136689186096
1.41006216006216,0,"FSE","PVALB","wisp",103,0.0298552513122559,429.006608963013,28.0748641490936,1.91984724998474
1.50113886113886,0,"FSE","SLC17A7","wisp",103,0.027881383895874,427.94335269928,29.6661524772644,1.91626119613647
0.728000394667061,0,"FSE","TAC2","wisp",103,0.0307164192199707,431.815202474594,29.9965281486511,1.88038921356201
2.09170829170829,0,"FSE","VIP","wisp",103,0.031790018081665,415.090425491333,28.7477598190308,1.97158217430115
0.910191324176199,0,"SVG","PVALB","ELLA",103,0.961175680160522,446.45299243927,25.8177356719971,1.91986060142517
0.91889145662294,0,"SVG","SLC17A7","ELLA",103,0.0292866230010986,468.735806465149,25.6810131072998,1.88051891326904
0.841028828491944,0,"SVG","TAC2","ELLA",103,0.0333788394927979,430.931964159012,27.3349032402039,1.9478747844696
0.798060290929943,1,"SVG","VIP","ELLA",103,0.0313360691070557,430.072258234024,32.5169382095337,1.92294645309448
0.00990279325310597,0,"rate_effect","SLC17A7","DESeq2",103,0.0320706367492676,410.121573209763,23.7532002925873,1.94743466377258
0.00217208203511243,0,"rate_effect","PVALB","DESeq2",103,0.0284214019775391,455.047101974487,29.9072344303131,1.901535987854
0.00397296211615184,0,"rate_effect","TAC2","DESeq2",103,0.0273256301879883,418.158571958542,29.1062133312225,1.88763666152954
-0.00759485949245124,0,"rate_effect","VIP","DESeq2",103,0.0296573638916016,428.122677564621,30.82168841362,1.92050409317017
0.0328155650598198,0,"FSE","SLC17A7","DESeq2",103,0.0289463996887207,427.728178977966,32.8114042282104,1.94097876548767
0.856536501122196,0,"FSE","PVALB","DESeq2",103,0.0289764404296875,423.737015485764,28.5979809761047,1.92490077018738
0.32878470754994,0,"FSE","TAC2","DESeq2",103,0.0297586917877197,456.613583087921,28.417432308197,1.88906669616699
0.162966434041275,0,"FSE","VIP","DESeq2",103,0.0328109264373779,420.884456634521,22.5742952823639,2.0883207321167
-1.61316987700932,-0.356588789261878,"rate_effect","PVALB","wisp",104,0.0276672840118408,424.830772399902,28.9470098018646,1.93059301376343
0.132032806461771,0,"rate_effect","SLC17A7","wisp",104,0.0286664962768555,437.511374950409,26.4271965026855,2.01169347763062
-0.0829337065791957,0,"rate_effect","TAC2","wisp",104,0.0293729305267334,464.370765447617,28.4331409931183,1.92028284072876
0.113100973751607,0,"rate_effect","VIP","wisp",104,0.0321409702301025,403.638920783997,24.1360626220703,1.98838710784912
0.502619624896788,0.482881290605292,"random_effect","replicate1","wisp",104,0.0281195640563965,414.873692512512,23.5046339035034,1.91408538818359
-0.292137440406084,-0.321047387784347,"random_effect","replicate2","wisp",104,0.963593482971191,429.04301905632,34.2810742855072,1.96899151802063
-0.607423193751475,-0.458042410435155,"random_effect","replicate3","wisp",104,1.88674259185791,417.523854017258,26.3215594291687,1.88364768028259
0.393126729033957,0.125869740732014,"random_effect","replicate4","wisp",104,0.0296945571899414,421.218112707138,27.146746635437,1.96816301345825
0,1,"FSE","PVALB","wisp",104,0.0303440093994141,441.318182468414,32.5797770023346,1.93074917793274
0.658461538461538,0,"FSE","SLC17A7","wisp",104,0.0316970348358154,431.787833929062,26.038455247879,1.94249320030212
0.749556565883097,0,"FSE","TAC2","wisp",104,0.0272305011749268,441.372266292572,32.3179461956024,1.85554122924805
0.80966255966256,0,"FSE","VIP","wisp",104,0.0315840244293213,424.107073545456,30.2552561759949,1.88771200180054
0.865361800225164,1,"SVG","PVALB","ELLA",104,0.0327708721160889,420.323094844818,23.4643216133118,1.9144229888916
0.923087436999628,1,"SVG","SLC17A7","ELLA",104,0.0276579856872559,448.618867874146,29.8870091438293,1.93364334106445
0.0172925965570446,0,"SVG","TAC2","ELLA",104,0.031425952911377,375.935034036636,27.1698169708252,1.93180441856384
1.10000539038646e-06,1,"SVG","VIP","ELLA",104,0.0269701480865479,429.70928645134,31.0543217658997,2.00865888595581
0.0161685290709834,-0.356588789261878,"rate_effect","SLC17A7","DESeq2",104,0.0327162742614746,437.831256628036,29.3419151306152,1.91435265541077
-3.62570665843006,0,"rate_effect","PVALB","DESeq2",104,0.0288233757019043,431.461276769638,29.5254518985748,1.95789742469788
0.0100049773623655,0,"rate_effect","TAC2","DESeq2",104,0.028160572052002,427.493983983994,24.4479246139526,1.92510008811951
0.0270151921501426,0,"rate_effect","VIP","DESeq2",104,0.0265765190124512,465.420249700546,23.41534948349,1.87832069396973
0.61085941947346,1,"FSE","SLC17A7","DESeq2",104,0.0311448574066162,435.724847555161,25.2409904003143,1.97131896018982
0,0,"FSE","PVALB","DESeq2",104,0.0287723541259766,426.489372253418,30.498678445816,1.91572141647339
0.722703910150575,0,"FSE","TAC2","DESeq2",104,0.028050422668457,433.407697439194,24.0474677085876,1.89630961418152
0.61085941947346,0,"FSE","VIP","DESeq2",104,0.0294380187988281,417.568301677704,26.5134179592133,1.9169909954071
-0.121117204543548,0,"rate_effect","PVALB","wisp",105,0.0276269912719727,419.191938638687,32.9697706699371,1.88022470474243
0.0375984478333984,0,"rate_effect","SLC17A7","wisp",105,0.0316841602325439,430.204669237137,25.8227248191833,1.93337726593018
-0.0355615919026599,0,"rate_effect","TAC2","wisp",105,0.0281548500061035,423.383732318878,27.5879828929901,2.00009894371033
0.204080836406901,0,"rate_effect","VIP","wisp",105,0.950234889984131,433.018593549728,25.3655872344971,1.8637535572052
0.278507441915739,0.149524733889848,"random_effect","replicate1","wisp",105,0.0335521697998047,425.685601949692,28.7269361019135,1.95883941650391
0.303531664947506,0.16386819514446,"random_effect","replicate2","wisp",105,0.0294747352600098,421.638487815857,30.5206129550934,1.83303546905518
0.201350234074165,0.00458670407533646,"random_effect","replicate3","wisp",105,0.0276050567626953,403.932096004486,19.2276413440704,1.78714275360107
-0.504155770646689,-0.387323027709499,"random_effect","replicate4","wisp",105,0.0286576747894287,408.298879146576,22.2654452323914,1.84356260299683
0.772907092907093,0,"FSE","PVALB","wisp",105,0.0274727344512939,411.141361951828,25.3585731983185,1.77027249336243
1.54813936063936,0,"FSE","SLC17A7","wisp",105,0.0304088592529297,414.141072034836,23.9539802074432,1.80440640449524
0.377481893106893,0,"FSE","TAC2","wisp",105,0.0287880897521973,408.969439744949,30.3737318515778,1.77948665618896
0.539016539016539,0,"FSE","VIP","wisp",105,0.028679370880127,409.549560070038,22.5197160243988,1.75816679000854
0.98547213849846,1,"SVG","PVALB","ELLA",105,0.0275130271911621,403.635833740234,30.8150849342346,1.85015249252319
0.941974882162655,1,"SVG","SLC17A7","ELLA",105,0.0293619632720947,433.035242795944,27.7534692287445,1.79997277259827
7.33336030400711e-07,1,"SVG","TAC2","ELLA",105,0.0276510715484619,418.054634571075,30.3133184909821,1.76283740997314
7.33339149794343e-07,1,"SVG","VIP","ELLA",105,0.0313279628753662,439.242620706558,24.6636564731598,1.80634546279907
-1.75482506460776e-05,0,"rate_effect","SLC17A7","DESeq2",105,0.0292425155639648,351.229082584381,27.6974363327026,1.83659362792969
4.33168341736285e-05,0,"rate_effect","PVALB","DESeq2",105,0.0299062728881836,428.477724790573,27.0271451473236,1.79152250289917
-0.000120097400600466,0,"rate_effect","TAC2","DESeq2",105,0.028439998626709,400.481114149094,25.8864300251007,1.79541492462158
-9.58759027843466e-07,0,"rate_effect","VIP","DESeq2",105,0.895889282226562,416.329598903656,25.5795469284058,1.76463961601257
0.888609002369278,0,"FSE","SLC17A7","DESeq2",105,0.0301418304443359,397.71418094635,28.2146577835083,1.78049683570862
0.679097298719897,0,"FSE","PVALB","DESeq2",105,0.0305290222167969,413.912841081619,30.5826287269592,1.81949877738953
0.176527822243706,0,"FSE","TAC2","DESeq2",105,0.0295813083648682,405.915508031845,25.7490229606628,1.80578708648682
0.755934370972253,0,"FSE","VIP","DESeq2",105,0.0276761054992676,401.609362363815,23.6494569778442,1.81292271614075
-2.49503458109455,-0.423345845425501,"rate_effect","PVALB","wisp",106,0.0274889469146729,409.212975025177,25.6452651023865,1.82821798324585
-0.0157391096826932,0,"rate_effect","SLC17A7","wisp",106,0.0307917594909668,414.806458950043,29.2246925830841,1.80796146392822
0.0244451688227884,0,"rate_effect","TAC2","wisp",106,0.0279734134674072,423.394227981567,30.1006395816803,1.78223991394043
-0.0452234470479288,0,"rate_effect","VIP","wisp",106,0.0319101810455322,426.406829357147,27.4714765548706,1.80058145523071
0.251775672079857,0.439532008953393,"random_effect","replicate1","wisp",106,0.029646635055542,402.189610004425,27.126549243927,1.84013605117798
-0.133843393087337,0.074616119498387,"random_effect","replicate2","wisp",106,0.0317471027374268,435.770930051804,27.0759134292603,1.74023652076721
0.228853871624248,0.384096286026761,"random_effect","replicate3","wisp",106,0.028592586517334,408.307660102844,29.5158882141113,1.77786779403687
-0.288801238593176,-0.0791685986332595,"random_effect","replicate4","wisp",106,0.0283982753753662,411.093592882156,27.4431064128876,1.73424339294434
0,1,"FSE","PVALB","wisp",106,0.0274736881256104,406.61597943306,31.6404249668121,1.80775022506714
1.16167505963424,0,"FSE","SLC17A7","wisp",106,0.0311400890350342,408.279498338699,23.8222887516022,1.86932563781738
1.51301476301476,0,"FSE","TAC2","wisp",106,0.0311648845672607,409.458102464676,26.5550758838654,1.80131101608276
2.01450549450549,0,"FSE","VIP","wisp",106,0.029813289642334,411.923641443253,23.8093945980072,1.76051712036133
1.10010587039966e-06,1,"SVG","PVALB","ELLA",106,0.0329639911651611,405.545966625214,31.5916204452515,1.78944897651672
0.87523862460165,0,"SVG","SLC17A7","ELLA",106,0.0260028839111328,425.389599561691,24.1233968734741,1.78804445266724
0.845030935944261,0,"SVG","TAC2","ELLA",106,0.0357918739318848,398.119257926941,28.8584458827972,1.83746886253357
0.915830386926495,0,"SVG","VIP","ELLA",106,0.0309436321258545,418.349713802338,35.2129671573639,1.8385636806488
0.0149866228364402,-0.423345845425501,"rate_effect","SLC17A7","DESeq2",106,0.0236492156982422,406.516528367996,25.677962064743,1.86991882324219
-5.31051469056811,0,"rate_effect","PVALB","DESeq2",106,0.0269579887390137,425.068669080734,31.497305393219,1.86204314231873
0.0112339894602808,0,"rate_effect","TAC2","DESeq2",106,0.0278401374816895,422.368977308273,21.9365797042847,1.84537696838379
0.00455554381286422,0,"rate_effect","VIP","DESeq2",106,0.0262370109558105,430.461272001266,26.6901309490204,1.90605521202087
0.0445624716443448,1,"FSE","SLC17A7","DESeq2",106,0.0279896259307861,412.056294202805,28.827924489975,2.02909517288208
0,0,"FSE","PVALB","DESeq2",106,0.0239815711975098,437.154964923859,21.9802222251892,1.92869520187378
0.555711518432103,0,"FSE","TAC2","DESeq2",106,0.0296258926391602,422.03987288475,33.1828806400299,1.90689778327942
0.713947482622229,0,"FSE","VIP","DESeq2",106,0.0269100666046143,453.455007553101,24.2923212051392,1.84552454948425
0.000450823740050204,0,"rate_effect","PVALB","wisp",107,0.0264310836791992,436.033627033234,27.4141705036163,1.84341669082642
-0.00900932426258628,0,"rate_effect","SLC17A7","wisp",107,0.030048131942749,416.873572587967,22.743204832077,1.89280819892883
-1.60831437707653,-0.40916412952356,"rate_effect","TAC2","wisp",107,0.026158332824707,418.94610118866,26.0069177150726,1.88708782196045
0.699496236200883,0.256645885063335,"rate_effect","VIP","wisp",107,0.02978515625,411.92558836937,23.0960333347321,1.92023396492004
-0.297490232087853,-0.134237316669896,"random_effect","replicate1","wisp",107,0.0285301208496094,440.837086200714,25.1775932312012,1.9048330783844
0.240437089964811,0.390493837185204,"random_effect","replicate2","wisp",107,0.0287730693817139,418.37282538414,26.0856287479401,2.60899710655212
-0.108521852395482,0.052178283687681,"random_effect","replicate3","wisp",107,0.0306224822998047,420.641088485718,27.347541809082,1.87631368637085
0.244282225675659,0.366242355201393,"random_effect","replicate4","wisp",107,0.0251264572143555,428.662610292435,21.5447599887848,1.84871196746826
1.37005182317682,0,"FSE","PVALB","wisp",107,0.0291104316711426,427.803039550781,30.6923115253448,1.89639258384705
1.41568635446186,0,"FSE","SLC17A7","wisp",107,0.0312936305999756,424.708827018738,25.2575786113739,1.85999202728271
0.545854145854146,1,"FSE","TAC2","wisp",107,0.0281896591186523,432.656529903412,24.8084371089935,1.89901542663574
0,1,"FSE","VIP","wisp",107,0.031583309173584,427.925946950912,26.4291985034943,1.92317056655884
0.989606899122195,0,"SVG","PVALB","ELLA",107,0.0287032127380371,424.533989191055,32.605699300766,1.91907668113708
0.882192433077368,0,"SVG","SLC17A7","ELLA",107,0.0302207469940186,439.701268434525,32.080885887146,1.9224226474762
2.20000325124037e-07,1,"SVG","TAC2","ELLA",107,0.0275440216064453,423.768881559372,22.7086806297302,1.91026425361633
3.66666923878878e-07,1,"SVG","VIP","ELLA",107,0.0284562110900879,418.428074121475,25.0440411567688,1.86522579193115
-0.00406694483375042,0,"rate_effect","SLC17A7","DESeq2",107,0.0321822166442871,423.145944595337,28.5050308704376,1.88742089271545
0.00474699431828836,0,"rate_effect","PVALB","DESeq2",107,1.83389782905579,428.387951374054,27.2869317531586,1.97345232963562
-4.86608931737349,-0.40916412952356,"rate_effect","TAC2","DESeq2",107,0.029057502746582,342.884785890579,24.0696587562561,1.93395066261292
1.15118839636605,0.256645885063335,"rate_effect","VIP","DESeq2",107,0.0272171497344971,438.251104593277,21.7468342781067,1.89160752296448
0.191669821730847,0,"FSE","SLC17A7","DESeq2",107,0.0269596576690674,421.046288967133,23.9341967105865,1.92022323608398
0.545773444475661,0,"FSE","PVALB","DESeq2",107,0.0296871662139893,413.815036773682,29.3492894172668,1.99918484687805
0,1,"FSE","TAC2","DESeq2",107,0.0308065414428711,436.233450174332,30.0629839897156,1.94655609130859
0,1,"FSE","VIP","DESeq2",107,0.0267951488494873,437.389758586884,29.0803780555725,1.91891193389893
0.229954566858582,0.104096080642194,"rate_effect","PVALB","wisp",108,0.0312454700469971,421.801689386368,32.9749879837036,1.85251688957214
0.0079270678517445,0,"rate_effect","SLC17A7","wisp",108,0.0282926559448242,412.800875425339,32.2108843326569,2.01232624053955
-0.0772107776850272,0,"rate_effect","TAC2","wisp",108,0.0285141468048096,415.758309602737,22.5008878707886,1.89890432357788
-0.304206484349095,-0.117245408240706,"rate_effect","VIP","wisp",108,0.0309028625488281,448.807687759399,27.4583051204681,2.57047271728516
0.37131488657433,0.427856203168631,"random_effect","replicate1","wisp",108,0.0265467166900635,425.658793926239,26.1612327098846,1.99357652664185
-0.0254560362177493,-0.0881039337255061,"random_effect","replicate2","wisp",108,0.0303549766540527,419.892758131027,27.2944993972778,1.90579128265381
0.0401750624328005,-0.054022820899263,"random_effect","replicate3","wisp",108,0.0257844924926758,423.843417406082,27.4935083389282,1.95272493362427
-0.412069262545874,-0.319339046953246,"random_effect","replicate4","wisp",108,0.0316722393035889,419.851747989655,33.067813873291,1.91422843933105
0.3000625,1,"FSE","PVALB","wisp",108,0.0286879539489746,432.175387382507,25.0857548713684,1.89460062980652
0.91265306122449,0,"FSE","SLC17A7","wisp",108,0.02815842628479,433.26940369606,29.9820668697357,1.89951992034912
0.94084,0,"FSE","TAC2","wisp",108,0.0281815528869629,422.863761901855,31.7035093307495,1.87914896011353
0.30465625,1,"FSE","VIP","wisp",108,0.0313327312469482,419.048016548157,28.450918674469,1.91853785514832
0.865086646085291,1,"SVG","PVALB","ELLA",108,0.0285539627075195,428.176956653595,28.7329323291779,1.9428985118866
0.886542261712365,0,"SVG","SLC17A7","ELLA",108,0.0334653854370117,448.894484519958,26.7565746307373,1.9282500743866
4.40000997803391e-07,1,"SVG","TAC2","ELLA",108,0.0286557674407959,431.972440481186,31.2850565910339,1.88315010070801
2.20003413942127e-06,1,"SVG","VIP","ELLA",108,0.0300242900848389,424.963372707367,22.1425814628601,1.95683145523071
0.018510972098085,0.104096080642194,"rate_effect","SLC17A7","DESeq2",108,0.0302369594573975,418.386739492416,27.6639943122864,1.88131093978882
0.550584822375251,0,"rate_effect","PVALB","DESeq2",108,0.0300443172454834,421.28426527977,26.8966805934906,1.87866401672363
-0.0105534738033162,0,"rate_effect","TAC2","DESeq2",108,0.0321400165557861,442.835676431656,31.8027515411377,1.93642425537109
-0.741960501735608,-0.117245408240706,"rate_effect","VIP","DESeq2",108,0.0286946296691895,454.172886371613,20.994350194931,1.92745304107666
0.323888975673433,1,"FSE","SLC17A7","DESeq2",108,0.0270276069641113,426.286192655563,29.4402439594269,1.9688024520874
1.35864940293262e-237,0,"FSE","PVALB","DESeq2",108,0.028942346572876,426.630576610565,26.7875216007233,1.85739088058472
0.610433949343125,0,"FSE","TAC2","DESeq2",108,0.0292212963104248,403.239965200424,18.2296206951141,1.95345449447632
2.02738154083236e-283,1,"FSE","VIP","DESeq2",108,0.0291359424591064,437.543063640594,30.7751030921936,1.94943451881409
0.139174592973806,0,"rate_effect","PVALB","wisp",109,0.0285475254058838,424.828949689865,29.1811516284943,1.91415333747864
0.00424026490518261,0,"rate_effect","SLC17A7","wisp",109,0.0288188457489014,410.777765274048,29.7327396869659,1.89316058158875
-0.010222096515636,0,"rate_effect","TAC2","wisp",109,0.032414436340332,419.698316812515,29.1467514038086,1.89908075332642
0.0108969707738678,0,"rate_effect","VIP","wisp",109,0.0276556015014648,420.921313047409,29.8099269866943,1.88652443885803
0.265905832186932,0.396024291403592,"random_effect","replicate1","wisp",109,0.0273778438568115,421.405151367188,26.7447578907013,1.91813373565674
-0.443394373594425,-0.2607528406661,"random_effect","replicate2","wisp",109,0.031156063079834,429.191378355026,28.5962595939636,1.9064519405365
0.242908823478797,0.3457613713108,"random_effect","replicate3","wisp",109,0.0286152362823486,427.424861907959,26.4314243793488,1.93819808959961
0.189737314084862,0.266851960914209,"random_effect","replicate4","wisp",109,0.0281038284301758,418.824084997177,25.559473991394,2.10096716880798
2.88461538461538,0,"FSE","PVALB","wisp",109,0.0306472778320312,466.21201300621,29.5179445743561,1.95194005966187
1.26338967155294,0,"FSE","SLC17A7","wisp",109,0.0272939205169678,428.564567327499,28.1826069355011,1.93955206871033
1.37731712731713,0,"FSE","TAC2","wisp",109,0.0268537998199463,428.62980222702,28.0788650512695,1.86716628074646
1.58883973169687,0,"FSE","VIP","wisp",109,0.0316793918609619,433.665621757507,28.1941282749176,1.93836879730225
0.932871254751774,1,"SVG","PVALB","ELLA",109,0.03013014793396,428.914049386978,27.9392147064209,1.9660108089447
0.856871360232852,0,"SVG","SLC17A7","ELLA",109,0.0287206172943115,433.117321252823,28.3073542118073,1.88844609260559
7.33338111069681e-07,1,"SVG","TAC2","ELLA",109,0.0285968780517578,418.431674480438,33.0067012310028,1.91616630554199
0.721674162050277,0,"SVG","VIP","ELLA",109,0.0298805236816406,434.249496936798,27.1291103363037,1.91533708572388
0.00138614132892658,0,"rate_effect","SLC17A7","DESeq2",109,0.0283896923065186,421.070561885834,30.8779003620148,1.90010547637939
0.0102518944672996,0,"rate_effect","PVALB","DESeq2",109,0.029975414276123,428.989985227585,23.9281105995178,1.94244980812073
-0.033960788194594,0,"rate_effect","TAC2","DESeq2",109,0.0299692153930664,457.875961065292,31.8868365287781,1.89758825302124
-0.00090531171633946,0,"rate_effect","VIP","DESeq2",109,0.02939772605896,417.147555589676,23.9216980934143,1.87791299819946
0.681572901119346,0,"FSE","SLC17A7","DESeq2",109,0.0280909538269043,416.846960306168,27.8313653469086,1.94330286979675
0.182534981428955,0,"FSE","PVALB","DESeq2",109,0.0304865837097168,344.447868108749,27.1202914714813,1.91046500205994
0.00560355673069217,0,"FSE","TAC2","DESeq2",109,0.029170036315918,439.159169435501,28.2010991573334,1.95590901374817
0.681572901119346,0,"FSE","VIP","DESeq2",109,0.0297019481658936,437.935654640198,30.1933093070984,1.91210222244263
0.00276561904975709,0,"rate_effect","PVALB","wisp",110,0.027332067489624,424.346310138702,25.7669529914856,1.95130276679993
-0.00240514735017073,0,"rate_effect","SLC17A7","wisp",110,0.0291640758514404,437.639401674271,30.6169512271881,1.97665858268738
-0.127444726151907,0,"rate_effect","TAC2","wisp",110,0.0300407409667969,426.175881147385,30.7624077796936,1.87547874450684
0.0434197231285076,0,"rate_effect","VIP","wisp",110,0.0379784107208252,431.229801654816,21.6975998878479,1.9074375629425
-0.641177177736589,-0.477775457547978,"random_effect","replicate1","wisp",110,0.0266921520233154,428.557741880417,22.2550806999207,1.90938234329224
0.516452053216673,-0.0428663650527596,"random_effect","replicate2","wisp",110,0.0271389484405518,437.074442386627,26.5238418579102,1.91658329963684
-0.40476617396784,-0.423388178227469,"random_effect","replicate3","wisp",110,0.0304219722747803,437.910945653915,22.326967716217,1.87165641784668
0.488359626365274,-0.074613292934373,"random_effect","replicate4","wisp",110,0.0298922061920166,438.342940330505,27.465437412262,1.94656467437744
1.04951298701299,0,"FSE","PVALB","wisp",110,0.0309114456176758,435.115567207336,31.1347949504852,1.98431396484375
1.42737262737263,0,"FSE","SLC17A7","wisp",110,0.0306754112243652,438.493384361267,28.8851320743561,1.9389660358429
0.47039072039072,0,"FSE","TAC2","wisp",110,0.0304248332977295,448.30394411087,32.6194403171539,1.90953707695007
0.828874250749251,0,"FSE","VIP","wisp",110,0.0324821472167969,415.358382225037,32.2989933490753,1.89722228050232
0.912452978610427,0,"SVG","PVALB","ELLA",110,0.0308408737182617,436.328069925308,27.416788816452,1.91525959968567
0.858531032870522,1,"SVG","SLC17A7","ELLA",110,0.0313224792480469,427.341772556305,28.5475046634674,1.95126700401306
0.838488312158915,1,"SVG","TAC2","ELLA",110,0.0268018245697021,431.519038438797,28.7881174087524,1.92720103263855
0.911775139323196,0,"SVG","VIP","ELLA",110,0.0292632579803467,428.10148024559,30.4223482608795,1.970871925354
-8.25435766404195e-05,0,"rate_effect","SLC17A7","DESeq2",110,0.0282788276672363,405.253556966782,25.0135204792023,2.00466966629028
-5.03160875365193e-05,0,"rate_effect","PVALB","DESeq2",110,0.0284509658813477,431.580227851868,27.9698166847229,1.89975738525391
2.57208279534733e-05,0,"rate_effect","TAC2","DESeq2",110,0.0286874771118164,430.834863185883,27.7004799842834,1.89838004112244
7.69431090692714e-05,0,"rate_effect","VIP","DESeq2",110,0.0305662155151367,442.693529844284,26.6938269138336,1.96454334259033
0.734770958717818,0,"FSE","SLC17A7","DESeq2",110,0.02779221534729,451.127518415451,26.0369720458984,1.90947294235229
0.740148631076297,0,"FSE","PVALB","DESeq2",110,0.0288090705871582,419.77030134201,25.7107317447662,1.97353386878967
0.734770958717818,0,"FSE","TAC2","DESeq2",110,0.0304677486419678,425.153422117233,24.997104883194,1.92307567596436
0.740148631076297,0,"FSE","VIP","DESeq2",110,0.0301992893218994,437.201149463654,31.2977366447449,1.96999192237854
-1.24740339593026,-0.257222638232633,"rate_effect","PVALB","wisp",111,0.0317413806915283,419.524928569794,21.2905933856964,1.96289253234863
1.00453161208392,0.218621144071221,"rate_effect","SLC17A7","wisp",111,0.0284855365753174,446.937193155289,28.4970102310181,1.91163372993469
-0.18737804226418,0,"rate_effect","TAC2","wisp",111,0.0274665355682373,444.712888479233,23.9891443252563,1.87488484382629
0.576351078890182,0,"rate_effect","VIP","wisp",111,0.0323386192321777,417.759402275085,25.2549314498901,1.89371967315674
0.0600816049932618,0.231234844541177,"random_effect","replicate1","wisp",111,0.0282852649688721,416.854083061218,30.6044044494629,1.92660236358643
-0.330937131574891,-0.150230974890292,"random_effect","replicate2","wisp",111,0.0322670936584473,421.5183634758,31.4342231750488,1.93913173675537
0.287756540272482,0.473620552802458,"random_effect","replicate3","wisp",111,0.0289487838745117,448.733220338821,26.4758231639862,1.96097540855408
-0.034365815882791,0.106611858820543,"random_effect","replicate4","wisp",111,0.0280981063842773,427.417523622513,30.1986346244812,1.98125243186951
0,1,"FSE","PVALB","wisp",111,0.0323467254638672,453.860027313232,30.1176075935364,1.94006776809692
0.323943661971831,1,"FSE","SLC17A7","wisp",111,0.0279364585876465,419.111906051636,30.3025121688843,1.82835912704468
0.370077608508192,0,"FSE","TAC2","wisp",111,0.0278191566467285,422.150298118591,25.0138621330261,1.9052460193634
1.02728873239437,0,"FSE","VIP","wisp",111,0.975653648376465,431.828337192535,27.9934065341949,1.96088552474976
0.855338009828139,1,"SVG","PVALB","ELLA",111,0.0273873805999756,417.86593914032,26.1573016643524,1.92815375328064
0.789914076772649,1,"SVG","SLC17A7","ELLA",111,0.0301876068115234,421.714729070663,36.1966271400452,1.85416579246521
2.20007600493233e-06,1,"SVG","TAC2","ELLA",111,0.966925382614136,423.18149805069,28.2153370380402,1.94660639762878
1.1000091704183e-06,1,"SVG","VIP","ELLA",111,0.959918260574341,411.49706864357,21.0312209129333,1.96745443344116
1.04241671496805,-0.257222638232633,"rate_effect","SLC17A7","DESeq2",111,0.0286843776702881,424.162430047989,28.4714119434357,1.95679402351379
-2.13289349083471,0.218621144071221,"rate_effect","PVALB","DESeq2",111,0.0275018215179443,424.953616142273,28.753488779068,1.89107203483582
-0.0191177892591898,0,"rate_effect","TAC2","DESeq2",111,0.0303053855895996,413.682648897171,32.5513451099396,1.86874127388
0.0193053067809438,0,"rate_effect","VIP","DESeq2",111,0.0296225547790527,418.972558736801,22.28346991539,1.91441702842712
0,1,"FSE","SLC17A7","DESeq2",111,0.0314235687255859,439.402960062027,22.7104434967041,2.06456971168518
0,1,"FSE","PVALB","DESeq2",111,0.0252742767333984,437.390397071838,23.8163566589355,1.89545559883118
0.180163411657821,0,"FSE","TAC2","DESeq2",111,0.0300617218017578,435.108697414398,30.1848514080048,1.95747828483582
0.179232798309039,0,"FSE","VIP","DESeq2",111,0.0281143188476562,417.028471469879,30.4718544483185,1.9316611289978
-0.00808084115446537,0.154982989653945,"rate_effect","PVALB","wisp",112,0.0322134494781494,428.645718336105,24.1389372348785,1.9397451877594
0.0314499847978857,0,"rate_effect","SLC17A7","wisp",112,0.0293436050415039,437.016592979431,28.5908098220825,2.00542783737183
0.012162144880222,0,"rate_effect","TAC2","wisp",112,0.0281786918640137,436.223310709,33.0396196842194,1.87908291816711
-0.00482803605582459,0,"rate_effect","VIP","wisp",112,0.0291585922241211,432.003209590912,25.8684644699097,1.98139333724976
0.583937613670903,0.38147436757572,"random_effect","replicate1","wisp",112,0.0310695171356201,421.0782122612,30.3165369033813,1.92700958251953
-0.440080461578957,-0.417718381620944,"random_effect","replicate2","wisp",112,0.0277640819549561,416.96134018898,25.3891241550446,1.93578004837036
-0.68130150867835,-0.475985528668389,"random_effect","replicate3","wisp",112,0.0296456813812256,423.063416242599,22.6420071125031,1.89431571960449
0.459490513637785,-0.0152566966135055,"random_effect","replicate4","wisp",112,0.0282070636749268,430.799074888229,28.9197087287903,2.02877569198608
1.1959706959707,1,"FSE","PVALB","wisp",112,0.028740406036377,411.27406167984,27.1586208343506,1.95289063453674
0.877622377622378,0,"FSE","SLC17A7","wisp",112,0.0296759605407715,424.28426527977,28.5306944847107,1.97954940795898
1.23907342657343,0,"FSE","TAC2","wisp",112,0.0315585136413574,424.110975265503,25.9745590686798,1.83040857315063
2.06593406593407,0,"FSE","VIP","wisp",112,0.0303142070770264,426.358679771423,27.514014005661,1.85209774971008
0.797949855141477,0,"SVG","PVALB","ELLA",112,0.0279641151428223,422.353990077972,28.4563901424408,1.88063788414001
0.917007461852743,1,"SVG","SLC17A7","ELLA",112,0.029841423034668,455.733216524124,28.087949514389,1.87526679039001
0.928190223369715,0,"SVG","TAC2","ELLA",112,0.0290489196777344,428.638993501663,24.4395961761475,1.97462296485901
0.856566003331241,0,"SVG","VIP","ELLA",112,0.0295510292053223,423.189258098602,21.3554708957672,1.91519999504089
-0.000176544840447271,0.154982989653945,"rate_effect","SLC17A7","DESeq2",112,0.0303323268890381,446.011021852493,29.9634885787964,1.95551204681396
5.12659900494561e-05,0,"rate_effect","PVALB","DESeq2",112,0.0277292728424072,425.692224502563,29.5691344738007,1.90439701080322
4.97360765929495e-05,0,"rate_effect","TAC2","DESeq2",112,0.935065746307373,409.268024206161,26.510181427002,1.97003269195557
0.000189098550353532,0,"rate_effect","VIP","DESeq2",112,0.0277588367462158,420.036387681961,27.1086444854736,1.88512778282166
0.630345003524598,1,"FSE","SLC17A7","DESeq2",112,0.028433084487915,435.003904342651,22.8738830089569,1.87973070144653
0.630345003524598,0,"FSE","PVALB","DESeq2",112,0.0291740894317627,422.846745491028,27.8921658992767,1.93611168861389
0.630345003524598,0,"FSE","TAC2","DESeq2",112,0.0325593948364258,422.382641553879,32.2758796215057,1.92639994621277
0.674441779152695,0,"FSE","VIP","DESeq2",112,0.0299866199493408,450.483470439911,27.4053957462311,1.90693759918213
-0.0820508288843893,0,"rate_effect","PVALB","wisp",113,0.0297629833221436,434.546971559525,23.7330112457275,1.87679743766785
0.00587216806091353,0,"rate_effect","SLC17A7","wisp",113,0.0338435173034668,436.816553592682,29.0492534637451,1.95362281799316
0.037534662799183,0,"rate_effect","TAC2","wisp",113,0.027367115020752,422.633439302444,21.7879257202148,2.01387763023376
0.00216974745959283,0,"rate_effect","VIP","wisp",113,0.0304765701293945,341.904124975204,28.1543152332306,1.86765432357788
-0.158087411495995,0.176444803830236,"random_effect","replicate1","wisp",113,0.0292367935180664,428.609116077423,25.2551717758179,1.91724061965942
0.0616619726936085,0.424721246119589,"random_effect","replicate2","wisp",113,0.0310986042022705,444.368892192841,30.7688519954681,1.91700601577759
0.0379526128696938,0.455548044294119,"random_effect","replicate3","wisp",113,0.0286846160888672,433.176414728165,25.6008260250092,2.11447739601135
-0.13538835282301,0.302376184379682,"random_effect","replicate4","wisp",113,0.0247077941894531,429.265485286713,29.3011937141418,1.89909911155701
0.872189035454341,0,"FSE","PVALB","wisp",113,0.0279552936553955,442.510897397995,34.6902959346771,1.89492797851562
1.63487532875288,0,"FSE","SLC17A7","wisp",113,0.0318880081176758,434.701031208038,26.0515778064728,1.92224431037903
2.5186013986014,0,"FSE","TAC2","wisp",113,0.0304415225982666,438.606535673141,24.8661851882935,1.91352796554565
2.01484626484626,0,"FSE","VIP","wisp",113,0.032750129699707,438.608156204224,26.6019434928894,1.87204194068909
0.914693053321756,1,"SVG","PVALB","ELLA",113,0.0291445255279541,421.407907009125,22.5907454490662,1.87196683883667
0.804823840898664,0,"SVG","SLC17A7","ELLA",113,0.961971044540405,427.296780824661,28.2648706436157,1.92194104194641
0.838800203849673,0,"SVG","TAC2","ELLA",113,0.0310268402099609,433.440595388412,28.0865998268127,1.92976903915405
0.925868359179103,0,"SVG","VIP","ELLA",113,0.0276010036468506,448.544350624084,28.3334722518921,1.90699672698975
0.0123418755396182,0,"rate_effect","SLC17A7","DESeq2",113,0.033125638961792,437.187759637833,25.8857131004333,1.94445037841797
-0.0223093903966264,0,"rate_effect","PVALB","DESeq2",113,0.0310487747192383,416.92185997963,34.7796940803528,1.96136689186096
-0.0115895661031437,0,"rate_effect","TAC2","DESeq2",113,0.0298552513122559,429.006608963013,28.0748641490936,1.91984724998474
0.0094767518293291,0,"rate_effect","VIP","DESeq2",113,0.027881383895874,427.94335269928,29.6661524772644,1.91626119613647
7.82712723657473e-05,0,"FSE","SLC17A7","DESeq2",113,0.0307164192199707,431.815202474594,29.9965281486511,1.88038921356201
0.00173207995512333,0,"FSE","PVALB","DESeq2",113,0.031790018081665,415.090425491333,28.7477598190308,1.97158217430115
0.139950637849904,0,"FSE","TAC2","DESeq2",113,0.961175680160522,446.45299243927,25.8177356719971,1.91986060142517
0.24039458434926,0,"FSE","VIP","DESeq2",113,0.0292866230010986,468.735806465149,25.6810131072998,1.88051891326904
1.2751833125217,0.43062452506274,"rate_effect","PVALB","wisp",114,0.0333788394927979,430.931964159012,27.3349032402039,1.9478747844696
0.669613512248122,0.243697143392637,"rate_effect","SLC17A7","wisp",114,0.0313360691070557,430.072258234024,32.5169382095337,1.92294645309448
0.0401189609597772,0,"rate_effect","TAC2","wisp",114,0.0320706367492676,410.121573209763,23.7532002925873,1.94743466377258
0.0297642089128147,-0.0127816312015057,"rate_effect","VIP","wisp",114,0.0284214019775391,455.047101974487,29.9072344303131,1.901535987854
0.276532866165037,0.147712950361893,"random_effect","replicate1","wisp",114,0.0273256301879883,418.158571958542,29.1062133312225,1.88763666152954
-0.417145631663276,-0.343571690842509,"random_effect","replicate2","wisp",114,0.0296573638916016,428.122677564621,30.82168841362,1.92050409317017
0.291933781123115,0.192691964330152,"random_effect","replicate3","wisp",114,0.0289463996887207,427.728178977966,32.8114042282104,1.94097876548767
-0.0830440794832473,-0.120006042532623,"random_effect","replicate4","wisp",114,0.0289764404296875,423.737015485764,28.5979809761047,1.92490077018738
0,1,"FSE","PVALB","wisp",114,0.0297586917877197,456.613583087921,28.417432308197,1.88906669616699
0.000999000999000982,1,"FSE","SLC17A7","wisp",114,0.0328109264373779,420.884456634521,22.5742952823639,2.0883207321167
0.0568598068598069,0,"FSE","TAC2","wisp",114,0.0276672840118408,424.830772399902,28.9470098018646,1.93059301376343
0.0744055944055944,1,"FSE","VIP","wisp",114,0.0286664962768555,437.511374950409,26.4271965026855,2.01169347763062
2.2000924079224e-06,1,"SVG","PVALB","ELLA",114,0.0293729305267334,464.370765447617,28.4331409931183,1.92028284072876
0.87209156278772,1,"SVG","SLC17A7","ELLA",114,0.0321409702301025,403.638920783997,24.1360626220703,1.98838710784912
0.886168460550791,1,"SVG","TAC2","ELLA",114,0.0281195640563965,414.873692512512,23.5046339035034,1.91408538818359
0.966297991806569,1,"SVG","VIP","ELLA",114,0.963593482971191,429.04301905632,34.2810742855072,1.96899151802063
0.552245962254132,0.43062452506274,"rate_effect","SLC17A7","DESeq2",114,1.88674259185791,417.523854017258,26.3215594291687,1.88364768028259
1.1989616491451,0.243697143392637,"rate_effect","PVALB","DESeq2",114,0.0296945571899414,421.218112707138,27.146746635437,1.96816301345825
-0.556031780474869,0,"rate_effect","TAC2","DESeq2",114,0.0303440093994141,441.318182468414,32.5797770023346,1.93074917793274
-0.617582994588883,-0.0127816312015057,"rate_effect","VIP","DESeq2",114,0.0316970348358154,431.787833929062,26.038455247879,1.94249320030212
0,1,"FSE","SLC17A7","DESeq2",114,0.0272305011749268,441.372266292572,32.3179461956024,1.85554122924805
0,1,"FSE","PVALB","DESeq2",114,0.0315840244293213,424.107073545456,30.2552561759949,1.88771200180054
5.03952179923052e-207,0,"FSE","TAC2","DESeq2",114,0.0327708721160889,420.323094844818,23.4643216133118,1.9144229888916
1.01025592527737e-281,1,"FSE","VIP","DESeq2",114,0.0276579856872559,448.618867874146,29.8870091438293,1.93364334106445
-0.0343515245088733,0,"rate_effect","PVALB","wisp",115,0.031425952911377,375.935034036636,27.1698169708252,1.93180441856384
-2.13302160953236,-0.360245295101777,"rate_effect","SLC17A7","wisp",115,0.0269701480865479,429.70928645134,31.0543217658997,2.00865888595581
-0.0138245043848561,0,"rate_effect","TAC2","wisp",115,0.0327162742614746,437.831256628036,29.3419151306152,1.91435265541077
-0.572432751141159,-0.208205498987809,"rate_effect","VIP","wisp",115,0.0288233757019043,431.461276769638,29.5254518985748,1.95789742469788
0.460046505552463,0.396220120601356,"random_effect","replicate1","wisp",115,0.028160572052002,427.493983983994,24.4479246139526,1.92510008811951
0.19772380120275,-0.106610694667324,"random_effect","replicate2","wisp",115,0.0265765190124512,465.420249700546,23.41534948349,1.87832069396973
-0.687644357996784,-0.469480583444238,"random_effect","replicate3","wisp",115,0.0311448574066162,435.724847555161,25.2409904003143,1.97131896018982
0.375660268578701,0.180535825900733,"random_effect","replicate4","wisp",115,0.0287723541259766,426.489372253418,30.498678445816,1.91572141647339
0.626173708920188,0,"FSE","PVALB","wisp",115,0.028050422668457,433.407697439194,24.0474677085876,1.89630961418152
0,1,"FSE","SLC17A7","wisp",115,0.0294380187988281,417.568301677704,26.5134179592133,1.9169909954071
1.15291750503018,0,"FSE","TAC2","wisp",115,0.0276269912719727,419.191938638687,32.9697706699371,1.88022470474243
0.0832956925224819,1,"FSE","VIP","wisp",115,0.0316841602325439,430.204669237137,25.8227248191833,1.93337726593018
0.961824477498791,0,"SVG","PVALB","ELLA",115,0.0281548500061035,423.383732318878,27.5879828929901,2.00009894371033
0.856676397218196,1,"SVG","SLC17A7","ELLA",115,0.950234889984131,433.018593549728,25.3655872344971,1.8637535572052
0.957137080310474,0,"SVG","TAC2","ELLA",115,0.0335521697998047,425.685601949692,28.7269361019135,1.95883941650391
1.10000803710264e-06,1,"SVG","VIP","ELLA",115,0.0294747352600098,421.638487815857,30.5206129550934,1.83303546905518
-2.92702823525332,0,"rate_effect","SLC17A7","DESeq2",115,0.0276050567626953,403.932096004486,19.2276413440704,1.78714275360107
0.782366584879189,-0.360245295101777,"rate_effect","PVALB","DESeq2",115,0.0286576747894287,408.298879146576,22.2654452323914,1.84356260299683
0.78724318455985,0,"rate_effect","TAC2","DESeq2",115,0.0274727344512939,411.141361951828,25.3585731983185,1.77027249336243
-0.763595746109164,-0.208205498987809,"rate_effect","VIP","DESeq2",115,0.0304088592529297,414.141072034836,23.9539802074432,1.80440640449524
0,0,"FSE","SLC17A7","DESeq2",115,0.0287880897521973,408.969439744949,30.3737318515778,1.77948665618896
1.07213375135427e-244,1,"FSE","PVALB","DESeq2",115,0.028679370880127,409.549560070038,22.5197160243988,1.75816679000854
6.46702069002822e-217,0,"FSE","TAC2","DESeq2",115,0.0275130271911621,403.635833740234,30.8150849342346,1.85015249252319
3.10184655295862e-176,1,"FSE","VIP","DESeq2",115,0.0293619632720947,433.035242795944,27.7534692287445,1.79997277259827
-2.65881349288629,-0.402590655256063,"rate_effect","PVALB","wisp",116,0.0276510715484619,418.054634571075,30.3133184909821,1.76283740997314
0.00372983748031803,0,"rate_effect","SLC17A7","wisp",116,0.0313279628753662,439.242620706558,24.6636564731598,1.80634546279907
-0.435616828795189,-0.171241332776845,"rate_effect","TAC2","wisp",116,0.0292425155639648,351.229082584381,27.6974363327026,1.83659362792969
-0.0281156027189012,0,"rate_effect","VIP","wisp",116,0.0299062728881836,428.477724790573,27.0271451473236,1.79152250289917
-0.411871360350546,-0.318460818147287,"random_effect","replicate1","wisp",116,0.028439998626709,400.481114149094,25.8864300251007,1.79541492462158
0.363939423890551,0.314750338671729,"random_effect","replicate2","wisp",116,0.895889282226562,416.329598903656,25.5795469284058,1.76463961601257
-0.291195401719964,-0.239268293138593,"random_effect","replicate3","wisp",116,0.0301418304443359,397.71418094635,28.2146577835083,1.78049683570862
0.34546088597495,0.334286440163851,"random_effect","replicate4","wisp",116,0.0305290222167969,413.912841081619,30.5826287269592,1.81949877738953
0,1,"FSE","PVALB","wisp",116,0.0295813083648682,405.915508031845,25.7490229606628,1.80578708648682
0.77123998998999,0,"FSE","SLC17A7","wisp",116,0.0276761054992676,401.609362363815,23.6494569778442,1.81292271614075
0.547987987987988,1,"FSE","TAC2","wisp",116,0.0274889469146729,409.212975025177,25.6452651023865,1.82821798324585
0.739392453678168,0,"FSE","VIP","wisp",116,0.0307917594909668,414.806458950043,29.2246925830841,1.80796146392822
0.832599036638889,1,"SVG","PVALB","ELLA",116,0.0279734134674072,423.394227981567,30.1006395816803,1.78223991394043
0.921033513294972,0,"SVG","SLC17A7","ELLA",116,0.0319101810455322,426.406829357147,27.4714765548706,1.80058145523071
1.10000464959015e-06,1,"SVG","TAC2","ELLA",116,0.029646635055542,402.189610004425,27.126549243927,1.84013605117798
1.10006951170583e-06,1,"SVG","VIP","ELLA",116,0.0317471027374268,435.770930051804,27.0759134292603,1.74023652076721
0.636794102614042,-0.402590655256063,"rate_effect","SLC17A7","DESeq2",116,0.028592586517334,408.307660102844,29.5158882141113,1.77786779403687
-4.08119380651403,0,"rate_effect","PVALB","DESeq2",116,0.0283982753753662,411.093592882156,27.4431064128876,1.73424339294434
-0.62014188286806,-0.171241332776845,"rate_effect","TAC2","DESeq2",116,0.0274736881256104,406.61597943306,31.6404249668121,1.80775022506714
0.635962286157622,0,"rate_effect","VIP","DESeq2",116,0.0311400890350342,408.279498338699,23.8222887516022,1.86932563781738
0,1,"FSE","SLC17A7","DESeq2",116,0.0311648845672607,409.458102464676,26.5550758838654,1.80131101608276
0,0,"FSE","PVALB","DESeq2",116,0.029813289642334,411.923641443253,23.8093945980072,1.76051712036133
7.66539830228353e-165,1,"FSE","TAC2","DESeq2",116,0.0329639911651611,405.545966625214,31.5916204452515,1.78944897651672
3.61649455263495e-269,0,"FSE","VIP","DESeq2",116,0.0260028839111328,425.389599561691,24.1233968734741,1.78804445266724
-0.0594908915951048,0,"rate_effect","PVALB","wisp",117,0.0357918739318848,398.119257926941,28.8584458827972,1.83746886253357
0.000294172505505353,0,"rate_effect","SLC17A7","wisp",117,0.0309436321258545,418.349713802338,35.2129671573639,1.8385636806488
0.0266777256659708,0,"rate_effect","TAC2","wisp",117,0.0236492156982422,406.516528367996,25.677962064743,1.86991882324219
0.0340322259764695,0,"rate_effect","VIP","wisp",117,0.0269579887390137,425.068669080734,31.497305393219,1.86204314231873
-0.731084133923575,-0.478620280511677,"random_effect","replicate1","wisp",117,0.0278401374816895,422.368977308273,21.9365797042847,1.84537696838379
0.525266960318218,0.490501679014415,"random_effect","replicate2","wisp",117,0.0262370109558105,430.461272001266,26.6901309490204,1.90605521202087
0.141165598036696,-0.20496191852726,"random_effect","replicate3","wisp",117,0.0279896259307861,412.056294202805,28.827924489975,2.02909517288208
0.376791920354436,0.0140907568857074,"random_effect","replicate4","wisp",117,0.0239815711975098,437.154964923859,21.9802222251892,1.92869520187378
2.0496447996448,0,"FSE","PVALB","wisp",117,0.0296258926391602,422.03987288475,33.1828806400299,1.90689778327942
1.64861700799201,0,"FSE","SLC17A7","wisp",117,0.0269100666046143,453.455007553101,24.2923212051392,1.84552454948425
1.51825951825952,0,"FSE","TAC2","wisp",117,0.0264310836791992,436.033627033234,27.4141705036163,1.84341669082642
2.09312909312909,0,"FSE","VIP","wisp",117,0.030048131942749,416.873572587967,22.743204832077,1.89280819892883
0.885229333809623,1,"SVG","PVALB","ELLA",117,0.026158332824707,418.94610118866,26.0069177150726,1.88708782196045
0.955045085891809,0,"SVG","SLC17A7","ELLA",117,0.02978515625,411.92558836937,23.0960333347321,1.92023396492004
0.945068033823297,0,"SVG","TAC2","ELLA",117,0.0285301208496094,440.837086200714,25.1775932312012,1.9048330783844
0.912398779999772,0,"SVG","VIP","ELLA",117,0.0287730693817139,418.37282538414,26.0856287479401,2.60899710655212
6.36446099663322e-06,0,"rate_effect","SLC17A7","DESeq2",117,0.0306224822998047,420.641088485718,27.347541809082,1.87631368637085
9.75702668619631e-06,0,"rate_effect","PVALB","DESeq2",117,0.0251264572143555,428.662610292435,21.5447599887848,1.84871196746826
-1.65940640166616e-05,0,"rate_effect","TAC2","DESeq2",117,0.0291104316711426,427.803039550781,30.6923115253448,1.89639258384705
9.51844033112805e-06,0,"rate_effect","VIP","DESeq2",117,0.0312936305999756,424.708827018738,25.2575786113739,1.85999202728271
0.935988408986991,0,"FSE","SLC17A7","DESeq2",117,0.0281896591186523,432.656529903412,24.8084371089935,1.89901542663574
0.983275013423817,0,"FSE","PVALB","DESeq2",117,0.031583309173584,427.925946950912,26.4291985034943,1.92317056655884
0.935988408986991,0,"FSE","TAC2","DESeq2",117,0.0287032127380371,424.533989191055,32.605699300766,1.91907668113708
0.935988408986991,0,"FSE","VIP","DESeq2",117,0.0302207469940186,439.701268434525,32.080885887146,1.9224226474762
-0.0027608669051439,0,"rate_effect","PVALB","wisp",118,0.0275440216064453,423.768881559372,22.7086806297302,1.91026425361633
-0.0206701674504759,0,"rate_effect","SLC17A7","wisp",118,0.0284562110900879,418.428074121475,25.0440411567688,1.86522579193115
0.00417935498217704,0,"rate_effect","TAC2","wisp",118,0.0321822166442871,423.145944595337,28.5050308704376,1.88742089271545
-0.0560706515976075,0,"rate_effect","VIP","wisp",118,1.83389782905579,428.387951374054,27.2869317531586,1.97345232963562
0.341054830938444,0.423031249782071,"random_effect","replicate1","wisp",118,0.029057502746582,342.884785890579,24.0696587562561,1.93395066261292
-0.179820196786743,-0.07243168563582,"random_effect","replicate2","wisp",118,0.0272171497344971,438.251104593277,21.7468342781067,1.89160752296448
-0.473051958539321,-0.326849051285535,"random_effect","replicate3","wisp",118,0.0269596576690674,421.046288967133,23.9341967105865,1.92022323608398
0.325044705709666,0.465799935394898,"random_effect","replicate4","wisp",118,0.0296871662139893,413.815036773682,29.3492894172668,1.99918484687805
1.26751026751027,0,"FSE","PVALB","wisp",118,0.0308065414428711,436.233450174332,30.0629839897156,1.94655609130859
1.66070041070041,0,"FSE","SLC17A7","wisp",118,0.0267951488494873,437.389758586884,29.0803780555725,1.91891193389893
1.46557524108545,0,"FSE","TAC2","wisp",118,0.0312454700469971,421.801689386368,32.9749879837036,1.85251688957214
1.06234581744786,0,"FSE","VIP","wisp",118,0.0282926559448242,412.800875425339,32.2108843326569,2.01232624053955
0.804803186789923,0,"SVG","PVALB","ELLA",118,0.0285141468048096,415.758309602737,22.5008878707886,1.89890432357788
0.818696168140916,0,"SVG","SLC17A7","ELLA",118,0.0309028625488281,448.807687759399,27.4583051204681,2.57047271728516
0.853257315277939,0,"SVG","TAC2","ELLA",118,0.0265467166900635,425.658793926239,26.1612327098846,1.99357652664185
1.10000345904249e-06,1,"SVG","VIP","ELLA",118,0.0303549766540527,419.892758131027,27.2944993972778,1.90579128265381
-9.79969308912383e-05,0,"rate_effect","SLC17A7","DESeq2",118,0.0257844924926758,423.843417406082,27.4935083389282,1.95272493362427
0.000273820010641682,0,"rate_effect","PVALB","DESeq2",118,0.0316722393035889,419.851747989655,33.067813873291,1.91422843933105
2.87438479650227e-06,0,"rate_effect","TAC2","DESeq2",118,0.0286879539489746,432.175387382507,25.0857548713684,1.89460062980652
4.96700987710351e-05,0,"rate_effect","VIP","DESeq2",118,0.02815842628479,433.26940369606,29.9820668697357,1.89951992034912
0.870867644322287,0,"FSE","SLC17A7","DESeq2",118,0.0281815528869629,422.863761901855,31.7035093307495,1.87914896011353
0.94898969450167,0,"FSE","PVALB","DESeq2",118,0.0313327312469482,419.048016548157,28.450918674469,1.91853785514832
0.870867644322287,0,"FSE","TAC2","DESeq2",118,0.0285539627075195,428.176956653595,28.7329323291779,1.9428985118866
0.870867644322287,0,"FSE","VIP","DESeq2",118,0.0334653854370117,448.894484519958,26.7565746307373,1.9282500743866
0.0151426408879986,0,"rate_effect","PVALB","wisp",119,0.0286557674407959,431.972440481186,31.2850565910339,1.88315010070801
-0.322260547334581,0,"rate_effect","SLC17A7","wisp",119,0.0300242900848389,424.963372707367,22.1425814628601,1.95683145523071
0.0227251876285627,0,"rate_effect","TAC2","wisp",119,0.0302369594573975,418.386739492416,27.6639943122864,1.88131093978882
0.0306588393790947,0,"rate_effect","VIP","wisp",119,0.0300443172454834,421.28426527977,26.8966805934906,1.87866401672363
0.119961464544498,0.171532974112779,"random_effect","replicate1","wisp",119,0.0321400165557861,442.835676431656,31.8027515411377,1.93642425537109
-0.303928334625845,-0.0963226386811584,"random_effect","replicate2","wisp",119,0.0286946296691895,454.172886371613,20.994350194931,1.92745304107666
0.068367148609962,0.137522533303127,"random_effect","replicate3","wisp",119,0.0270276069641113,426.286192655563,29.4402439594269,1.9688024520874
0.216117183481315,0.341565580572933,"random_effect","replicate4","wisp",119,0.028942346572876,426.630576610565,26.7875216007233,1.85739088058472
1.26304251304251,0,"FSE","PVALB","wisp",119,0.0292212963104248,403.239965200424,18.2296206951141,1.95345449447632
0.76995226995227,0,"FSE","SLC17A7","wisp",119,0.0291359424591064,437.543063640594,30.7751030921936,1.94943451881409
0.870659952292605,0,"FSE","TAC2","wisp",119,0.0285475254058838,424.828949689865,29.1811516284943,1.91415333747864
1.57714507714508,0,"FSE","VIP","wisp",119,0.0288188457489014,410.777765274048,29.7327396869659,1.89316058158875
0.843947521326363,0,"SVG","PVALB","ELLA",119,0.032414436340332,419.698316812515,29.1467514038086,1.89908075332642
0.939964361443984,1,"SVG","SLC17A7","ELLA",119,0.0276556015014648,420.921313047409,29.8099269866943,1.88652443885803
4.70324211854223e-07,1,"SVG","TAC2","ELLA",119,0.0273778438568115,421.405151367188,26.7447578907013,1.91813373565674
0.986792378888527,0,"SVG","VIP","ELLA",119,0.031156063079834,429.191378355026,28.5962595939636,1.9064519405365
-9.74361669856584e-05,0,"rate_effect","SLC17A7","DESeq2",119,0.0286152362823486,427.424861907959,26.4314243793488,1.93819808959961
0.000101210821144376,0,"rate_effect","PVALB","DESeq2",119,0.0281038284301758,418.824084997177,25.559473991394,2.10096716880798
-4.46830604265707e-05,0,"rate_effect","TAC2","DESeq2",119,0.0306472778320312,466.21201300621,29.5179445743561,1.95194005966187
1.34390954089353e-06,0,"rate_effect","VIP","DESeq2",119,0.0272939205169678,428.564567327499,28.1826069355011,1.93955206871033
0.866655874604333,0,"FSE","SLC17A7","DESeq2",119,0.0268537998199463,428.62980222702,28.0788650512695,1.86716628074646
0.866655874604333,0,"FSE","PVALB","DESeq2",119,0.0316793918609619,433.665621757507,28.1941282749176,1.93836879730225
0.866655874604333,0,"FSE","TAC2","DESeq2",119,0.03013014793396,428.914049386978,27.9392147064209,1.9660108089447
0.866655874604333,0,"FSE","VIP","DESeq2",119,0.0287206172943115,433.117321252823,28.3073542118073,1.88844609260559
0.0121753051641044,0,"rate_effect","PVALB","wisp",120,0.0285968780517578,418.431674480438,33.0067012310028,1.91616630554199
0.199980319116014,0,"rate_effect","SLC17A7","wisp",120,0.0298805236816406,434.249496936798,27.1291103363037,1.91533708572388
0.0335530414414944,0,"rate_effect","TAC2","wisp",120,0.0283896923065186,421.070561885834,30.8779003620148,1.90010547637939
-0.186284081626056,0,"rate_effect","VIP","wisp",120,0.029975414276123,428.989985227585,23.9281105995178,1.94244980812073
0.404331958037797,-0.119133876636624,"random_effect","replicate1","wisp",120,0.0299692153930664,457.875961065292,31.8868365287781,1.89758825302124
-0.172571764869762,-0.335729233687744,"random_effect","replicate2","wisp",120,0.02939772605896,417.147555589676,23.9216980934143,1.87791299819946
-0.330512639086199,-0.378637145739049,"random_effect","replicate3","wisp",120,0.0280909538269043,416.846960306168,27.8313653469086,1.94330286979675
-0.220663883018508,-0.348563334206119,"random_effect","replicate4","wisp",120,0.0304865837097168,344.447868108749,27.1202914714813,1.91046500205994
0.519027847152847,0,"FSE","PVALB","wisp",120,0.029170036315918,439.159169435501,28.2010991573334,1.95590901374817
0.330954759526188,0,"FSE","SLC17A7","wisp",120,0.0297019481658936,437.935654640198,30.1933093070984,1.91210222244263
0.844715284715285,0,"FSE","TAC2","wisp",120,0.027332067489624,424.346310138702,25.7669529914856,1.95130276679993
0.356393606393606,0,"FSE","VIP","wisp",120,0.0291640758514404,437.639401674271,30.6169512271881,1.97665858268738
0.88900552521679,0,"SVG","PVALB","ELLA",120,0.0300407409667969,426.175881147385,30.7624077796936,1.87547874450684
0.985214636400148,1,"SVG","SLC17A7","ELLA",120,0.0379784107208252,431.229801654816,21.6975998878479,1.9074375629425
0.990916343710161,0,"SVG","TAC2","ELLA",120,0.0266921520233154,428.557741880417,22.2550806999207,1.90938234329224
0.967153490929163,1,"SVG","VIP","ELLA",120,0.0271389484405518,437.074442386627,26.5238418579102,1.91658329963684
-0.000175814407251439,0,"rate_effect","SLC17A7","DESeq2",120,0.0304219722747803,437.910945653915,22.326967716217,1.87165641784668
2.61252400079277e-06,0,"rate_effect","PVALB","DESeq2",120,0.0298922061920166,438.342940330505,27.465437412262,1.94656467437744
-1.01023685848317e-05,0,"rate_effect","TAC2","DESeq2",120,0.0309114456176758,435.115567207336,31.1347949504852,1.98431396484375
1.05420252357225e-05,0,"rate_effect","VIP","DESeq2",120,0.0306754112243652,438.493384361267,28.8851320743561,1.9389660358429
0.989334758961867,0,"FSE","SLC17A7","DESeq2",120,0.0304248332977295,448.30394411087,32.6194403171539,1.90953707695007
0.989334758961867,0,"FSE","PVALB","DESeq2",120,0.0324821472167969,415.358382225037,32.2989933490753,1.89722228050232
0.989334758961867,0,"FSE","TAC2","DESeq2",120,0.0308408737182617,436.328069925308,27.416788816452,1.91525959968567
0.989334758961867,0,"FSE","VIP","DESeq2",120,0.0313224792480469,427.341772556305,28.5475046634674,1.95126700401306
0.0276683912772429,0,"rate_effect","PVALB","wisp",121,0.0268018245697021,431.519038438797,28.7881174087524,1.92720103263855
-0.0205384461161802,0,"rate_effect","SLC17A7","wisp",121,0.0292632579803467,428.10148024559,30.4223482608795,1.970871925354
0.00265590468796061,0,"rate_effect","TAC2","wisp",121,0.0282788276672363,405.253556966782,25.0135204792023,2.00466966629028
0.0111416205208604,0,"rate_effect","VIP","wisp",121,0.0284509658813477,431.580227851868,27.9698166847229,1.89975738525391
-0.524613830740356,-0.464332663686946,"random_effect","replicate1","wisp",121,0.0286874771118164,430.834863185883,27.7004799842834,1.89838004112244
0.614102681916679,0.410861203912646,"random_effect","replicate2","wisp",121,0.0305662155151367,442.693529844284,26.6938269138336,1.96454334259033
0.310762732063361,-0.173191683832556,"random_effect","replicate3","wisp",121,0.02779221534729,451.127518415451,26.0369720458984,1.90947294235229
-0.509790685767847,-0.462677411502227,"random_effect","replicate4","wisp",121,0.0288090705871582,419.77030134201,25.7107317447662,1.97353386878967
0.77125,0,"FSE","PVALB","wisp",121,0.0304677486419678,425.153422117233,24.997104883194,1.92307567596436
0.825204081632653,0,"FSE","SLC17A7","wisp",121,0.0301992893218994,437.201149463654,31.2977366447449,1.96999192237854
1.221,0,"FSE","TAC2","wisp",121,0.0317413806915283,419.524928569794,21.2905933856964,1.96289253234863
1.10008,0,"FSE","VIP","wisp",121,0.0284855365753174,446.937193155289,28.4970102310181,1.91163372993469
0.859128505444064,1,"SVG","PVALB","ELLA",121,0.0274665355682373,444.712888479233,23.9891443252563,1.87488484382629
0.894698684949443,0,"SVG","SLC17A7","ELLA",121,0.0323386192321777,417.759402275085,25.2549314498901,1.89371967315674
0.99107226983788,0,"SVG","TAC2","ELLA",121,0.0282852649688721,416.854083061218,30.6044044494629,1.92660236358643
0.917174196550711,0,"SVG","VIP","ELLA",121,0.0322670936584473,421.5183634758,31.4342231750488,1.93913173675537
-6.47247231884812e-05,0,"rate_effect","SLC17A7","DESeq2",121,0.0289487838745117,448.733220338821,26.4758231639862,1.96097540855408
0.000127173299562193,0,"rate_effect","PVALB","DESeq2",121,0.0280981063842773,427.417523622513,30.1986346244812,1.98125243186951
6.16645478721821e-05,0,"rate_effect","TAC2","DESeq2",121,0.0323467254638672,453.860027313232,30.1176075935364,1.94006776809692
-0.000706629331752276,0,"rate_effect","VIP","DESeq2",121,0.0279364585876465,419.111906051636,30.3025121688843,1.82835912704468
0.648054346791503,0,"FSE","SLC17A7","DESeq2",121,0.0278191566467285,422.150298118591,25.0138621330261,1.9052460193634
0.459673604271681,0,"FSE","PVALB","DESeq2",121,0.975653648376465,431.828337192535,27.9934065341949,1.96088552474976
0.648054346791503,0,"FSE","TAC2","DESeq2",121,0.0273873805999756,417.86593914032,26.1573016643524,1.92815375328064
0.648054346791503,0,"FSE","VIP","DESeq2",121,0.0301876068115234,421.714729070663,36.1966271400452,1.85416579246521
0.0304203098830593,0,"rate_effect","PVALB","wisp",122,0.966925382614136,423.18149805069,28.2153370380402,1.94660639762878
0.00867367946189972,0,"rate_effect","SLC17A7","wisp",122,0.959918260574341,411.49706864357,21.0312209129333,1.96745443344116
0.0304393524837924,0,"rate_effect","TAC2","wisp",122,0.0286843776702881,424.162430047989,28.4714119434357,1.95679402351379
-0.0020393568091834,0,"rate_effect","VIP","wisp",122,0.0275018215179443,424.953616142273,28.753488779068,1.89107203483582
0.0806003098970166,-0.297576039098203,"random_effect","replicate1","wisp",122,0.0303053855895996,413.682648897171,32.5513451099396,1.86874127388
0.576797872052061,0.35049489676021,"random_effect","replicate2","wisp",122,0.0296225547790527,418.972558736801,22.28346991539,1.91441702842712
-0.83702414988079,-0.495330989360809,"random_effect","replicate3","wisp",122,0.0314235687255859,439.402960062027,22.7104434967041,2.06456971168518
0.46447887217869,0.0435911640524864,"random_effect","replicate4","wisp",122,0.0252742767333984,437.390397071838,23.8163566589355,1.89545559883118
1.18611111111111,0,"FSE","PVALB","wisp",122,0.0300617218017578,435.108697414398,30.1848514080048,1.95747828483582
1.87483673469388,0,"FSE","SLC17A7","wisp",122,0.0281143188476562,417.028471469879,30.4718544483185,1.9316611289978
2.26575,0,"FSE","TAC2","wisp",122,0.0322134494781494,428.645718336105,24.1389372348785,1.9397451877594
1.56002040816327,0,"FSE","VIP","wisp",122,0.0293436050415039,437.016592979431,28.5908098220825,2.00542783737183
1.10000420938672e-06,1,"SVG","PVALB","ELLA",122,0.0281786918640137,436.223310709,33.0396196842194,1.87908291816711
0.837418699447666,0,"SVG","SLC17A7","ELLA",122,0.0291585922241211,432.003209590912,25.8684644699097,1.98139333724976
0.833329501737217,0,"SVG","TAC2","ELLA",122,0.0310695171356201,421.0782122612,30.3165369033813,1.92700958251953
0.895582059376721,0,"SVG","VIP","ELLA",122,0.0277640819549561,416.96134018898,25.3891241550446,1.93578004837036
6.74686310380442e-06,0,"rate_effect","SLC17A7","DESeq2",122,0.0296456813812256,423.063416242599,22.6420071125031,1.89431571960449
-3.59026744929467e-06,0,"rate_effect","PVALB","DESeq2",122,0.0282070636749268,430.799074888229,28.9197087287903,2.02877569198608
5.69685773551617e-05,0,"rate_effect","TAC2","DESeq2",122,0.028740406036377,411.27406167984,27.1586208343506,1.95289063453674
-2.43295728054482e-05,0,"rate_effect","VIP","DESeq2",122,0.0296759605407715,424.28426527977,28.5306944847107,1.97954940795898
0.962204181457997,0,"FSE","SLC17A7","DESeq2",122,0.0315585136413574,424.110975265503,25.9745590686798,1.83040857315063
0.962204181457997,0,"FSE","PVALB","DESeq2",122,0.0303142070770264,426.358679771423,27.514014005661,1.85209774971008
0.962204181457997,0,"FSE","TAC2","DESeq2",122,0.0279641151428223,422.353990077972,28.4563901424408,1.88063788414001
0.962204181457997,0,"FSE","VIP","DESeq2",122,0.029841423034668,455.733216524124,28.087949514389,1.87526679039001
-0.115970809063599,-0.0212201040703803,"rate_effect","PVALB","wisp",123,0.0290489196777344,428.638993501663,24.4395961761475,1.97462296485901
0.591504881741779,0.109938608948141,"rate_effect","SLC17A7","wisp",123,0.0295510292053223,423.189258098602,21.3554708957672,1.91519999504089
0.415902214761577,0.16354304086417,"rate_effect","TAC2","wisp",123,0.0303323268890381,446.011021852493,29.9634885787964,1.95551204681396
-0.671024855130558,-0.372968930751085,"rate_effect","VIP","wisp",123,0.0277292728424072,425.692224502563,29.5691344738007,1.90439701080322
-0.415248806166069,-0.462549393530935,"random_effect","replicate1","wisp",123,0.935065746307373,409.268024206161,26.510181427002,1.97003269195557
0.552862037804228,0.322142092976719,"random_effect","replicate2","wisp",123,0.0277588367462158,420.036387681961,27.1086444854736,1.88512778282166
0.45308459620475,-0.0640357716474682,"random_effect","replicate3","wisp",123,0.028433084487915,435.003904342651,22.8738830089569,1.87973070144653
-0.567512816286392,-0.491586333606392,"random_effect","replicate4","wisp",123,0.0291740894317627,422.846745491028,27.8921658992767,1.93611168861389
0.890749250749251,1,"FSE","PVALB","wisp",123,0.0325593948364258,422.382641553879,32.2758796215057,1.92639994621277
0.570991508491508,1,"FSE","SLC17A7","wisp",123,0.0299866199493408,450.483470439911,27.4053957462311,1.90693759918213
0.42979242979243,1,"FSE","TAC2","wisp",123,0.0297629833221436,434.546971559525,23.7330112457275,1.87679743766785
0.253666333666334,1,"FSE","VIP","wisp",123,0.0338435173034668,436.816553592682,29.0492534637451,1.95362281799316
0.813201309398151,1,"SVG","PVALB","ELLA",123,0.027367115020752,422.633439302444,21.7879257202148,2.01387763023376
0.854429621009007,1,"SVG","SLC17A7","ELLA",123,0.0304765701293945,341.904124975204,28.1543152332306,1.86765432357788
7.33364411364956e-07,1,"SVG","TAC2","ELLA",123,0.0292367935180664,428.609116077423,25.2551717758179,1.91724061965942
1.10000629166551e-06,1,"SVG","VIP","ELLA",123,0.0310986042022705,444.368892192841,30.7688519954681,1.91700601577759
0.367713903836492,-0.0212201040703803,"rate_effect","SLC17A7","DESeq2",123,0.0286846160888672,433.176414728165,25.6008260250092,2.11447739601135
-0.350026134793891,0.109938608948141,"rate_effect","PVALB","DESeq2",123,0.0247077941894531,429.265485286713,29.3011937141418,1.89909911155701
0.544528215885862,0.16354304086417,"rate_effect","TAC2","DESeq2",123,0.0279552936553955,442.510897397995,34.6902959346771,1.89492797851562
-4.16999761019563,-0.372968930751085,"rate_effect","VIP","DESeq2",123,0.0318880081176758,434.701031208038,26.0515778064728,1.92224431037903
4.78482726914398e-41,1,"FSE","SLC17A7","DESeq2",123,0.0304415225982666,438.606535673141,24.8661851882935,1.91352796554565
7.72763532134404e-26,1,"FSE","PVALB","DESeq2",123,0.032750129699707,438.608156204224,26.6019434928894,1.87204194068909
3.39230024540462e-13,1,"FSE","TAC2","DESeq2",123,0.0291445255279541,421.407907009125,22.5907454490662,1.87196683883667
0,1,"FSE","VIP","DESeq2",123,0.961971044540405,427.296780824661,28.2648706436157,1.92194104194641
-1.77472503829226,-0.324215759057552,"rate_effect","PVALB","wisp",124,0.0310268402099609,433.440595388412,28.0865998268127,1.92976903915405
1.31400264011672,0.497569354483858,"rate_effect","SLC17A7","wisp",124,0.0276010036468506,448.544350624084,28.3334722518921,1.90699672698975
0.0385598741761012,0,"rate_effect","TAC2","wisp",124,0.033125638961792,437.187759637833,25.8857131004333,1.94445037841797
0.0324253705502381,0,"rate_effect","VIP","wisp",124,0.0310487747192383,416.92185997963,34.7796940803528,1.96136689186096
-0.548569816518993,-0.435456662205979,"random_effect","replicate1","wisp",124,0.0298552513122559,429.006608963013,28.0748641490936,1.91984724998474
0.456819878745154,0.433129583951086,"random_effect","replicate2","wisp",124,0.027881383895874,427.94335269928,29.6661524772644,1.91626119613647
0.423181113435138,0.281395925208926,"random_effect","replicate3","wisp",124,0.0307164192199707,431.815202474594,29.9965281486511,1.88038921356201
-0.382148365516279,-0.364252652507275,"random_effect","replicate4","wisp",124,0.031790018081665,415.090425491333,28.7477598190308,1.97158217430115
0,1,"FSE","PVALB","wisp",124,0.961175680160522,446.45299243927,25.8177356719971,1.91986060142517
0.0197927072927073,1,"FSE","SLC17A7","wisp",124,0.0292866230010986,468.735806465149,25.6810131072998,1.88051891326904
0.865787273950539,0,"FSE","TAC2","wisp",124,0.0333788394927979,430.931964159012,27.3349032402039,1.9478747844696
0.739149739149739,0,"FSE","VIP","wisp",124,0.0313360691070557,430.072258234024,32.5169382095337,1.92294645309448
2.200031178623e-06,1,"SVG","PVALB","ELLA",124,0.0320706367492676,410.121573209763,23.7532002925873,1.94743466377258
0.862006600386644,1,"SVG","SLC17A7","ELLA",124,0.0284214019775391,455.047101974487,29.9072344303131,1.901535987854
0.838748111418586,0,"SVG","TAC2","ELLA",124,0.0273256301879883,418.158571958542,29.1062133312225,1.88763666152954
2.20003456463669e-06,0,"SVG","VIP","ELLA",124,0.0296573638916016,428.122677564621,30.82168841362,1.92050409317017
1.97053667199546,-0.324215759057552,"rate_effect","SLC17A7","DESeq2",124,0.0289463996887207,427.728178977966,32.8114042282104,1.94097876548767
-3.03691520190246,0.497569354483858,"rate_effect","PVALB","DESeq2",124,0.0289764404296875,423.737015485764,28.5979809761047,1.92490077018738
0.00351077847703157,0,"rate_effect","TAC2","DESeq2",124,0.0297586917877197,456.613583087921,28.417432308197,1.88906669616699
-0.00308117969494763,0,"rate_effect","VIP","DESeq2",124,0.0328109264373779,420.884456634521,22.5742952823639,2.0883207321167
0,1,"FSE","SLC17A7","DESeq2",124,0.0276672840118408,424.830772399902,28.9470098018646,1.93059301376343
0,1,"FSE","PVALB","DESeq2",124,0.0286664962768555,437.511374950409,26.4271965026855,2.01169347763062
0.882588408221405,0,"FSE","TAC2","DESeq2",124,0.0293729305267334,464.370765447617,28.4331409931183,1.92028284072876
0.882588408221405,0,"FSE","VIP","DESeq2",124,0.0321409702301025,403.638920783997,24.1360626220703,1.98838710784912
0.018461649287084,0,"rate_effect","PVALB","wisp",125,0.0281195640563965,414.873692512512,23.5046339035034,1.91408538818359
-0.820461946628433,-0.187258704565465,"rate_effect","SLC17A7","wisp",125,0.963593482971191,429.04301905632,34.2810742855072,1.96899151802063
-1.13521948355397,-0.279233910609037,"rate_effect","TAC2","wisp",125,1.88674259185791,417.523854017258,26.3215594291687,1.88364768028259
0.00729707091251586,0,"rate_effect","VIP","wisp",125,0.0296945571899414,421.218112707138,27.146746635437,1.96816301345825
-0.115279466543853,0.101222652709112,"random_effect","replicate1","wisp",125,0.0303440093994141,441.318182468414,32.5797770023346,1.93074917793274
-0.00917515182977251,0.139677445171401,"random_effect","replicate2","wisp",125,0.0316970348358154,431.787833929062,26.038455247879,1.94249320030212
-0.154302610106534,0.12021542689763,"random_effect","replicate3","wisp",125,0.0272305011749268,441.372266292572,32.3179461956024,1.85554122924805
0.236968544597751,0.393419739091769,"random_effect","replicate4","wisp",125,0.0315840244293213,424.107073545456,30.2552561759949,1.88771200180054
1.11617679804053,0,"FSE","PVALB","wisp",125,0.0327708721160889,420.323094844818,23.4643216133118,1.9144229888916
0.013944555778223,1,"FSE","SLC17A7","wisp",125,0.0276579856872559,448.618867874146,29.8870091438293,1.93364334106445
0,1,"FSE","TAC2","wisp",125,0.031425952911377,375.935034036636,27.1698169708252,1.93180441856384
1.02112224448898,0,"FSE","VIP","wisp",125,0.0269701480865479,429.70928645134,31.0543217658997,2.00865888595581
0.899511999922685,0,"SVG","PVALB","ELLA",125,0.0327162742614746,437.831256628036,29.3419151306152,1.91435265541077
0.806580157108647,1,"SVG","SLC17A7","ELLA",125,0.0288233757019043,431.461276769638,29.5254518985748,1.95789742469788
1.10000931918819e-06,1,"SVG","TAC2","ELLA",125,0.028160572052002,427.493983983994,24.4479246139526,1.92510008811951
3.14286010605347e-07,1,"SVG","VIP","ELLA",125,0.0265765190124512,465.420249700546,23.41534948349,1.87832069396973
-0.653580154283583,0,"rate_effect","SLC17A7","DESeq2",125,0.0311448574066162,435.724847555161,25.2409904003143,1.97131896018982
0.690912414055386,-0.187258704565465,"rate_effect","PVALB","DESeq2",125,0.0287723541259766,426.489372253418,30.498678445816,1.91572141647339
-1.67818570961686,-0.279233910609037,"rate_effect","TAC2","DESeq2",125,0.028050422668457,433.407697439194,24.0474677085876,1.89630961418152
0.654942074406215,0,"rate_effect","VIP","DESeq2",125,0.0294380187988281,417.568301677704,26.5134179592133,1.9169909954071
0,0,"FSE","SLC17A7","DESeq2",125,0.0276269912719727,419.191938638687,32.9697706699371,1.88022470474243
0,1,"FSE","PVALB","DESeq2",125,0.0316841602325439,430.204669237137,25.8227248191833,1.93337726593018
0,1,"FSE","TAC2","DESeq2",125,0.0281548500061035,423.383732318878,27.5879828929901,2.00009894371033
0,0,"FSE","VIP","DESeq2",125,0.950234889984131,433.018593549728,25.3655872344971,1.8637535572052
0.00147662417296288,0,"rate_effect","PVALB","wisp",126,0.0335521697998047,425.685601949692,28.7269361019135,1.95883941650391
0.302008588219541,0.135259263217449,"rate_effect","SLC17A7","wisp",126,0.0294747352600098,421.638487815857,30.5206129550934,1.83303546905518
0.0601689181979809,0.0562562851700932,"rate_effect","TAC2","wisp",126,0.0276050567626953,403.932096004486,19.2276413440704,1.78714275360107
0.0513568692941853,0,"rate_effect","VIP","wisp",126,0.0286576747894287,408.298879146576,22.2654452323914,1.84356260299683
-0.0139121843348975,-0.0707722161896527,"random_effect","replicate1","wisp",126,0.0274727344512939,411.141361951828,25.3585731983185,1.77027249336243
-0.149178978848226,-0.0824955340940505,"random_effect","replicate2","wisp",126,0.0304088592529297,414.141072034836,23.9539802074432,1.80440640449524
0.0862201091687581,0.00732202758081257,"random_effect","replicate3","wisp",126,0.0287880897521973,408.969439744949,30.3737318515778,1.77948665618896
-0.177444038968191,-0.12511853990145,"random_effect","replicate4","wisp",126,0.028679370880127,409.549560070038,22.5197160243988,1.75816679000854
1.79112887112887,0,"FSE","PVALB","wisp",126,0.0275130271911621,403.635833740234,30.8150849342346,1.85015249252319
0.84051948051948,1,"FSE","SLC17A7","wisp",126,0.0293619632720947,433.035242795944,27.7534692287445,1.79997277259827
1.28435564435564,1,"FSE","TAC2","wisp",126,0.0276510715484619,418.054634571075,30.3133184909821,1.76283740997314
1.20748695748696,0,"FSE","VIP","wisp",126,0.0313279628753662,439.242620706558,24.6636564731598,1.80634546279907
0.797154141181693,0,"SVG","PVALB","ELLA",126,0.0292425155639648,351.229082584381,27.6974363327026,1.83659362792969
0.858846452328915,1,"SVG","SLC17A7","ELLA",126,0.0299062728881836,428.477724790573,27.0271451473236,1.79152250289917
2.00000315031534e-07,1,"SVG","TAC2","ELLA",126,0.028439998626709,400.481114149094,25.8864300251007,1.79541492462158
0.000457047252018505,0,"SVG","VIP","ELLA",126,0.895889282226562,416.329598903656,25.5795469284058,1.76463961601257
0.528375713688854,0,"rate_effect","SLC17A7","DESeq2",126,0.0301418304443359,397.71418094635,28.2146577835083,1.78049683570862
-0.170326828020158,0.135259263217449,"rate_effect","PVALB","DESeq2",126,0.0305290222167969,413.912841081619,30.5826287269592,1.81949877738953
0.160151334452046,0.0562562851700932,"rate_effect","TAC2","DESeq2",126,0.0295813083648682,405.915508031845,25.7490229606628,1.80578708648682
-0.16510828517426,0,"rate_effect","VIP","DESeq2",126,0.0276761054992676,401.609362363815,23.6494569778442,1.81292271614075
0,0,"FSE","SLC17A7","DESeq2",126,0.0274889469146729,409.212975025177,25.6452651023865,1.82821798324585
8.61688933341498e-53,1,"FSE","PVALB","DESeq2",126,0.0307917594909668,414.806458950043,29.2246925830841,1.80796146392822
9.00370565191417e-24,1,"FSE","TAC2","DESeq2",126,0.0279734134674072,423.394227981567,30.1006395816803,1.78223991394043
1.27144355824695e-28,0,"FSE","VIP","DESeq2",126,0.0319101810455322,426.406829357147,27.4714765548706,1.80058145523071
-1.88786860003387,-0.34986504400149,"rate_effect","PVALB","wisp",127,0.029646635055542,402.189610004425,27.126549243927,1.84013605117798
-1.11225741004157,-0.216485666111112,"rate_effect","SLC17A7","wisp",127,0.0317471027374268,435.770930051804,27.0759134292603,1.74023652076721
0.0269194366318433,0,"rate_effect","TAC2","wisp",127,0.028592586517334,408.307660102844,29.5158882141113,1.77786779403687
-0.474139877287093,0,"rate_effect","VIP","wisp",127,0.0283982753753662,411.093592882156,27.4431064128876,1.73424339294434
0.275098979814608,0.273253062739968,"random_effect","replicate1","wisp",127,0.0274736881256104,406.61597943306,31.6404249668121,1.80775022506714
0.313206873565848,0.381826377240941,"random_effect","replicate2","wisp",127,0.0311400890350342,408.279498338699,23.8222887516022,1.86932563781738
-0.080108160560419,-0.00486374692991376,"random_effect","replicate3","wisp",127,0.0311648845672607,409.458102464676,26.5550758838654,1.80131101608276
-0.427984326892394,-0.311723827384412,"random_effect","replicate4","wisp",127,0.029813289642334,411.923641443253,23.8093945980072,1.76051712036133
0,1,"FSE","PVALB","wisp",127,0.0329639911651611,405.545966625214,31.5916204452515,1.78944897651672
0.00799200799200799,1,"FSE","SLC17A7","wisp",127,0.0260028839111328,425.389599561691,24.1233968734741,1.78804445266724
0.293656960323627,0,"FSE","TAC2","wisp",127,0.0357918739318848,398.119257926941,28.8584458827972,1.83746886253357
0.339327339327339,0,"FSE","VIP","wisp",127,0.0309436321258545,418.349713802338,35.2129671573639,1.8385636806488
0.74383204949106,1,"SVG","PVALB","ELLA",127,0.0236492156982422,406.516528367996,25.677962064743,1.86991882324219
0.912947003543093,1,"SVG","SLC17A7","ELLA",127,0.0269579887390137,425.068669080734,31.497305393219,1.86204314231873
0.888299961624885,0,"SVG","TAC2","ELLA",127,0.0278401374816895,422.368977308273,21.9365797042847,1.84537696838379
5.49997859922158e-07,1,"SVG","VIP","ELLA",127,0.0262370109558105,430.461272001266,26.6901309490204,1.90605521202087
-0.811952810375259,-0.34986504400149,"rate_effect","SLC17A7","DESeq2",127,0.0279896259307861,412.056294202805,28.827924489975,2.02909517288208
-2.59324108590005,-0.216485666111112,"rate_effect","PVALB","DESeq2",127,0.0239815711975098,437.154964923859,21.9802222251892,1.92869520187378
0.815385126432877,0,"rate_effect","TAC2","DESeq2",127,0.0296258926391602,422.03987288475,33.1828806400299,1.90689778327942
0.822452207715778,0,"rate_effect","VIP","DESeq2",127,0.0269100666046143,453.455007553101,24.2923212051392,1.84552454948425
0,1,"FSE","SLC17A7","DESeq2",127,0.0264310836791992,436.033627033234,27.4141705036163,1.84341669082642
0,1,"FSE","PVALB","DESeq2",127,0.030048131942749,416.873572587967,22.743204832077,1.89280819892883
0,0,"FSE","TAC2","DESeq2",127,0.026158332824707,418.94610118866,26.0069177150726,1.88708782196045
0,0,"FSE","VIP","DESeq2",127,0.02978515625,411.92558836937,23.0960333347321,1.92023396492004
0.0836091055862875,0.0153184025548398,"rate_effect","PVALB","wisp",128,0.0285301208496094,440.837086200714,25.1775932312012,1.9048330783844
0.266786842475055,0.084643364418298,"rate_effect","SLC17A7","wisp",128,0.0287730693817139,418.37282538414,26.0856287479401,2.60899710655212
0.600154842428767,0.203326985705644,"rate_effect","TAC2","wisp",128,0.0306224822998047,420.641088485718,27.347541809082,1.87631368637085
0.803326774177793,0.416039764182642,"rate_effect","VIP","wisp",128,0.0251264572143555,428.662610292435,21.5447599887848,1.84871196746826
-0.220219131463915,-0.0109924860298634,"random_effect","replicate1","wisp",128,0.0291104316711426,427.803039550781,30.6923115253448,1.89639258384705
0.00271141039591935,0.162056241650134,"random_effect","replicate2","wisp",128,0.0312936305999756,424.708827018738,25.2575786113739,1.85999202728271
0.172639801055103,0.347478727111593,"random_effect","replicate3","wisp",128,0.0281896591186523,432.656529903412,24.8084371089935,1.89901542663574
-0.0432433618444353,0.180184355005622,"random_effect","replicate4","wisp",128,0.031583309173584,427.925946950912,26.4291985034943,1.92317056655884
0.502857142857143,1,"FSE","PVALB","wisp",128,0.0287032127380371,424.533989191055,32.605699300766,1.91907668113708
0.0375180375180375,1,"FSE","SLC17A7","wisp",128,0.0302207469940186,439.701268434525,32.080885887146,1.9224226474762
0.0748051948051948,1,"FSE","TAC2","wisp",128,0.0275440216064453,423.768881559372,22.7086806297302,1.91026425361633
0.0228343085485942,1,"FSE","VIP","wisp",128,0.0284562110900879,418.428074121475,25.0440411567688,1.86522579193115
0.871701811402044,1,"SVG","PVALB","ELLA",128,0.0321822166442871,423.145944595337,28.5050308704376,1.88742089271545
0.873299192002218,1,"SVG","SLC17A7","ELLA",128,1.83389782905579,428.387951374054,27.2869317531586,1.97345232963562
4.12211720804412e-05,1,"SVG","TAC2","ELLA",128,0.029057502746582,342.884785890579,24.0696587562561,1.93395066261292
1.10000654957032e-06,1,"SVG","VIP","ELLA",128,0.0272171497344971,438.251104593277,21.7468342781067,1.89160752296448
-0.27016799881835,0.0153184025548398,"rate_effect","SLC17A7","DESeq2",128,0.0269596576690674,421.046288967133,23.9341967105865,1.92022323608398
-0.663962923153596,0.084643364418298,"rate_effect","PVALB","DESeq2",128,0.0296871662139893,413.815036773682,29.3492894172668,1.99918484687805
0.270646740499194,0.203326985705644,"rate_effect","TAC2","DESeq2",128,0.0308065414428711,436.233450174332,30.0629839897156,1.94655609130859
1.04992929012016,0.416039764182642,"rate_effect","VIP","DESeq2",128,0.0267951488494873,437.389758586884,29.0803780555725,1.91891193389893
2.26622025392952e-128,1,"FSE","SLC17A7","DESeq2",128,0.0312454700469971,421.801689386368,32.9749879837036,1.85251688957214
0,1,"FSE","PVALB","DESeq2",128,0.0282926559448242,412.800875425339,32.2108843326569,2.01232624053955
1.68798481775867e-68,1,"FSE","TAC2","DESeq2",128,0.0285141468048096,415.758309602737,22.5008878707886,1.89890432357788
0,1,"FSE","VIP","DESeq2",128,0.0309028625488281,448.807687759399,27.4583051204681,2.57047271728516
0.457405364319219,0.119648959022015,"rate_effect","PVALB","wisp",129,0.0265467166900635,425.658793926239,26.1612327098846,1.99357652664185
0.307342410865478,0.106614428339526,"rate_effect","SLC17A7","wisp",129,0.0303549766540527,419.892758131027,27.2944993972778,1.90579128265381
0.0470642884646988,-0.0903694399166852,"rate_effect","TAC2","wisp",129,0.0257844924926758,423.843417406082,27.4935083389282,1.95272493362427
0.965892226049047,0.242514619836584,"rate_effect","VIP","wisp",129,0.0316722393035889,419.851747989655,33.067813873291,1.91422843933105
0.414974207718284,0.4189924641978,"random_effect","replicate1","wisp",129,0.0286879539489746,432.175387382507,25.0857548713684,1.89460062980652
-0.432337971493492,-0.366148411529139,"random_effect","replicate2","wisp",129,0.02815842628479,433.26940369606,29.9820668697357,1.89951992034912
-0.249878252069982,-0.244532027281821,"random_effect","replicate3","wisp",129,0.0281815528869629,422.863761901855,31.7035093307495,1.87914896011353
0.232222718972688,0.000383191974833608,"random_effect","replicate4","wisp",129,0.0313327312469482,419.048016548157,28.450918674469,1.91853785514832
0.00675,1,"FSE","PVALB","wisp",129,0.0285539627075195,428.176956653595,28.7329323291779,1.9428985118866
0.2628,1,"FSE","SLC17A7","wisp",129,0.0334653854370117,448.894484519958,26.7565746307373,1.9282500743866
0.9085625,1,"FSE","TAC2","wisp",129,0.0286557674407959,431.972440481186,31.2850565910339,1.88315010070801
0.22656,1,"FSE","VIP","wisp",129,0.0300242900848389,424.963372707367,22.1425814628601,1.95683145523071
0.848815022333399,1,"SVG","PVALB","ELLA",129,0.0302369594573975,418.386739492416,27.6639943122864,1.88131093978882
0.944226842167615,1,"SVG","SLC17A7","ELLA",129,0.0300443172454834,421.28426527977,26.8966805934906,1.87866401672363
1.10000721398329e-06,1,"SVG","TAC2","ELLA",129,0.0321400165557861,442.835676431656,31.8027515411377,1.93642425537109
2.2000169046521e-06,1,"SVG","VIP","ELLA",129,0.0286946296691895,454.172886371613,20.994350194931,1.92745304107666
-0.0175808116188279,0.119648959022015,"rate_effect","SLC17A7","DESeq2",129,0.0270276069641113,426.286192655563,29.4402439594269,1.9688024520874
0.0155085552897886,0.106614428339526,"rate_effect","PVALB","DESeq2",129,0.028942346572876,426.630576610565,26.7875216007233,1.85739088058472
-1.17461795952299,-0.0903694399166852,"rate_effect","TAC2","DESeq2",129,0.0292212963104248,403.239965200424,18.2296206951141,1.95345449447632
0.587291162240647,0.242514619836584,"rate_effect","VIP","DESeq2",129,0.0291359424591064,437.543063640594,30.7751030921936,1.94943451881409
0.000270462135915251,1,"FSE","SLC17A7","DESeq2",129,0.0285475254058838,424.828949689865,29.1811516284943,1.91415333747864
0.117897024766392,1,"FSE","PVALB","DESeq2",129,0.0288188457489014,410.777765274048,29.7327396869659,1.89316058158875
0,1,"FSE","TAC2","DESeq2",129,0.032414436340332,419.698316812515,29.1467514038086,1.89908075332642
3.3974370160123e-251,1,"FSE","VIP","DESeq2",129,0.0276556015014648,420.921313047409,29.8099269866943,1.88652443885803
0.999217762265069,0.410640625748783,"rate_effect","PVALB","wisp",130,0.0273778438568115,421.405151367188,26.7447578907013,1.91813373565674
1.13022516084114,0.471530987415463,"rate_effect","SLC17A7","wisp",130,0.031156063079834,429.191378355026,28.5962595939636,1.9064519405365
-0.932521983275544,-0.276810718001798,"rate_effect","TAC2","wisp",130,0.0286152362823486,427.424861907959,26.4314243793488,1.93819808959961
0.113727487637353,0,"rate_effect","VIP","wisp",130,0.0281038284301758,418.824084997177,25.559473991394,2.10096716880798
0.396002204072372,0.476089366478845,"random_effect","replicate1","wisp",130,0.0306472778320312,466.21201300621,29.5179445743561,1.95194005966187
-0.159420293497147,-0.208937809336931,"random_effect","replicate2","wisp",130,0.0272939205169678,428.564567327499,28.1826069355011,1.93955206871033
-0.52696058248639,-0.43859956972301,"random_effect","replicate3","wisp",130,0.0268537998199463,428.62980222702,28.0788650512695,1.86716628074646
0.364268234329151,0.286921272287145,"random_effect","replicate4","wisp",130,0.0316793918609619,433.665621757507,28.1941282749176,1.93836879730225
0.087171875,1,"FSE","PVALB","wisp",130,0.03013014793396,428.914049386978,27.9392147064209,1.9660108089447
0.04725,1,"FSE","SLC17A7","wisp",130,0.0287206172943115,433.117321252823,28.3073542118073,1.88844609260559
0.00102040816326531,1,"FSE","TAC2","wisp",130,0.0285968780517578,418.431674480438,33.0067012310028,1.91616630554199
0.43834693877551,0,"FSE","VIP","wisp",130,0.0298805236816406,434.249496936798,27.1291103363037,1.91533708572388
0.912237355993492,1,"SVG","PVALB","ELLA",130,0.0283896923065186,421.070561885834,30.8779003620148,1.90010547637939
0.801300765367843,1,"SVG","SLC17A7","ELLA",130,0.029975414276123,428.989985227585,23.9281105995178,1.94244980812073
7.16917120002769e-07,1,"SVG","TAC2","ELLA",130,0.0299692153930664,457.875961065292,31.8868365287781,1.89758825302124
5.50001573562664e-07,1,"SVG","VIP","ELLA",130,0.02939772605896,417.147555589676,23.9216980934143,1.87791299819946
1.06162259293931,0.410640625748783,"rate_effect","SLC17A7","DESeq2",130,0.0280909538269043,416.846960306168,27.8313653469086,1.94330286979675
0.87838565092347,0.471530987415463,"rate_effect","PVALB","DESeq2",130,0.0304865837097168,344.447868108749,27.1202914714813,1.91046500205994
-3.17828774654221,-0.276810718001798,"rate_effect","TAC2","DESeq2",130,0.029170036315918,439.159169435501,28.2010991573334,1.95590901374817
-0.875462782569601,0,"rate_effect","VIP","DESeq2",130,0.0297019481658936,437.935654640198,30.1933093070984,1.91210222244263
0,1,"FSE","SLC17A7","DESeq2",130,0.027332067489624,424.346310138702,25.7669529914856,1.95130276679993
0,1,"FSE","PVALB","DESeq2",130,0.0291640758514404,437.639401674271,30.6169512271881,1.97665858268738
0,1,"FSE","TAC2","DESeq2",130,0.0300407409667969,426.175881147385,30.7624077796936,1.87547874450684
0,0,"FSE","VIP","DESeq2",130,0.0379784107208252,431.229801654816,21.6975998878479,1.9074375629425
0.0141169462767544,0,"rate_effect","PVALB","wisp",131,0.0266921520233154,428.557741880417,22.2550806999207,1.90938234329224
0.00922615561663683,0.356517162173986,"rate_effect","SLC17A7","wisp",131,0.0271389484405518,437.074442386627,26.5238418579102,1.91658329963684
-0.0296124449446334,0,"rate_effect","TAC2","wisp",131,0.0304219722747803,437.910945653915,22.326967716217,1.87165641784668
-0.0111551298998819,0,"rate_effect","VIP","wisp",131,0.0298922061920166,438.342940330505,27.465437412262,1.94656467437744
-0.479570927430285,-0.353722179774195,"random_effect","replicate1","wisp",131,0.0309114456176758,435.115567207336,31.1347949504852,1.98431396484375
-0.0141646759315658,-0.0585359886754304,"random_effect","replicate2","wisp",131,0.0306754112243652,438.493384361267,28.8851320743561,1.9389660358429
0.275237615827811,0.153400705428794,"random_effect","replicate3","wisp",131,0.0304248332977295,448.30394411087,32.6194403171539,1.90953707695007
0.355546609660767,0.272312238113955,"random_effect","replicate4","wisp",131,0.0324821472167969,415.358382225037,32.2989933490753,1.89722228050232
1.1397378132072,0,"FSE","PVALB","wisp",131,0.0308408737182617,436.328069925308,27.416788816452,1.91525959968567
1.6565034965035,1,"FSE","SLC17A7","wisp",131,0.0313224792480469,427.341772556305,28.5475046634674,1.95126700401306
1.08427572427572,0,"FSE","TAC2","wisp",131,0.0268018245697021,431.519038438797,28.7881174087524,1.92720103263855
1.17592611470162,0,"FSE","VIP","wisp",131,0.0292632579803467,428.10148024559,30.4223482608795,1.970871925354
0.906596739048791,0,"SVG","PVALB","ELLA",131,0.0282788276672363,405.253556966782,25.0135204792023,2.00466966629028
0.905954424886156,0,"SVG","SLC17A7","ELLA",131,0.0284509658813477,431.580227851868,27.9698166847229,1.89975738525391
2.20002979933742e-06,1,"SVG","TAC2","ELLA",131,0.0286874771118164,430.834863185883,27.7004799842834,1.89838004112244
0.888726266091555,0,"SVG","VIP","ELLA",131,0.0305662155151367,442.693529844284,26.6938269138336,1.96454334259033
-0.00459364924228841,0,"rate_effect","SLC17A7","DESeq2",131,0.02779221534729,451.127518415451,26.0369720458984,1.90947294235229
-0.000642660944643534,0.356517162173986,"rate_effect","PVALB","DESeq2",131,0.0288090705871582,419.77030134201,25.7107317447662,1.97353386878967
0.0305958898781791,0,"rate_effect","TAC2","DESeq2",131,0.0304677486419678,425.153422117233,24.997104883194,1.92307567596436
-0.00762352070855456,0,"rate_effect","VIP","DESeq2",131,0.0301992893218994,437.201149463654,31.2977366447449,1.96999192237854
0.499077250893668,0,"FSE","SLC17A7","DESeq2",131,0.0317413806915283,419.524928569794,21.2905933856964,1.96289253234863
0.602313307654373,1,"FSE","PVALB","DESeq2",131,0.0284855365753174,446.937193155289,28.4970102310181,1.91163372993469
0.0299863050156674,0,"FSE","TAC2","DESeq2",131,0.0274665355682373,444.712888479233,23.9891443252563,1.87488484382629
0.439715753719626,0,"FSE","VIP","DESeq2",131,0.0323386192321777,417.759402275085,25.2549314498901,1.89371967315674
0.101193281096266,0.0650221502874047,"rate_effect","PVALB","wisp",132,0.0282852649688721,416.854083061218,30.6044044494629,1.92660236358643
0.29089645347435,0,"rate_effect","SLC17A7","wisp",132,0.0322670936584473,421.5183634758,31.4342231750488,1.93913173675537
-0.00692611094586101,0,"rate_effect","TAC2","wisp",132,0.0289487838745117,448.733220338821,26.4758231639862,1.96097540855408
0.0628384650328072,0.331824889173731,"rate_effect","VIP","wisp",132,0.0280981063842773,427.417523622513,30.1986346244812,1.98125243186951
0.380226819455517,0.464366915635765,"random_effect","replicate1","wisp",132,0.0323467254638672,453.860027313232,30.1176075935364,1.94006776809692
-0.378922934200753,-0.301907875109464,"random_effect","replicate2","wisp",132,0.0279364585876465,419.111906051636,30.3025121688843,1.82835912704468
0.162011348004893,0.0899365143850446,"random_effect","replicate3","wisp",132,0.0278191566467285,422.150298118591,25.0138621330261,1.9052460193634
-0.28740635076346,-0.215740037849173,"random_effect","replicate4","wisp",132,0.975653648376465,431.828337192535,27.9934065341949,1.96088552474976
0.244833333333333,1,"FSE","PVALB","wisp",132,0.0273873805999756,417.86593914032,26.1573016643524,1.92815375328064
0.1285625,0,"FSE","SLC17A7","wisp",132,0.0301876068115234,421.714729070663,36.1966271400452,1.85416579246521
0.730638888888889,0,"FSE","TAC2","wisp",132,0.966925382614136,423.18149805069,28.2153370380402,1.94660639762878
0.09425,1,"FSE","VIP","wisp",132,0.959918260574341,411.49706864357,21.0312209129333,1.96745443344116
0.918201452336274,1,"SVG","PVALB","ELLA",132,0.0286843776702881,424.162430047989,28.4714119434357,1.95679402351379
0.914277775345496,1,"SVG","SLC17A7","ELLA",132,0.0275018215179443,424.953616142273,28.753488779068,1.89107203483582
0.80678512256539,0,"SVG","TAC2","ELLA",132,0.0303053855895996,413.682648897171,32.5513451099396,1.86874127388
0.83981332422389,1,"SVG","VIP","ELLA",132,0.0296225547790527,418.972558736801,22.28346991539,1.91441702842712
-0.176678438598961,0.0650221502874047,"rate_effect","SLC17A7","DESeq2",132,0.0314235687255859,439.402960062027,22.7104434967041,2.06456971168518
0.162807885606161,0,"rate_effect","PVALB","DESeq2",132,0.0252742767333984,437.390397071838,23.8163566589355,1.89545559883118
-0.187956337382327,0,"rate_effect","TAC2","DESeq2",132,0.0300617218017578,435.108697414398,30.1848514080048,1.95747828483582
1.29700637149845,0.331824889173731,"rate_effect","VIP","DESeq2",132,0.0281143188476562,417.028471469879,30.4718544483185,1.9316611289978
6.82371213740579e-133,1,"FSE","SLC17A7","DESeq2",132,0.0322134494781494,428.645718336105,24.1389372348785,1.9397451877594
2.11476195791145e-52,0,"FSE","PVALB","DESeq2",132,0.0293436050415039,437.016592979431,28.5908098220825,2.00542783737183
8.96721198972635e-31,0,"FSE","TAC2","DESeq2",132,0.0281786918640137,436.223310709,33.0396196842194,1.87908291816711
0,1,"FSE","VIP","DESeq2",132,0.0291585922241211,432.003209590912,25.8684644699097,1.98139333724976
-0.000894104437287493,0,"rate_effect","PVALB","wisp",133,0.0310695171356201,421.0782122612,30.3165369033813,1.92700958251953
-0.0167743307361975,0,"rate_effect","SLC17A7","wisp",133,0.0277640819549561,416.96134018898,25.3891241550446,1.93578004837036
-0.00781208364909797,0,"rate_effect","TAC2","wisp",133,0.0296456813812256,423.063416242599,22.6420071125031,1.89431571960449
0.200612288714066,0,"rate_effect","VIP","wisp",133,0.0282070636749268,430.799074888229,28.9197087287903,2.02877569198608
0.306867024387729,0.179596050875261,"random_effect","replicate1","wisp",133,0.028740406036377,411.27406167984,27.1586208343506,1.95289063453674
0.381397581783259,0.38844381691888,"random_effect","replicate2","wisp",133,0.0296759605407715,424.28426527977,28.5306944847107,1.97954940795898
-0.426847135014045,-0.341133306734264,"random_effect","replicate3","wisp",133,0.0315585136413574,424.110975265503,25.9745590686798,1.83040857315063
-0.295052089946777,-0.240625155391172,"random_effect","replicate4","wisp",133,0.0303142070770264,426.358679771423,27.514014005661,1.85209774971008
1.08831168831169,0,"FSE","PVALB","wisp",133,0.0279641151428223,422.353990077972,28.4563901424408,1.88063788414001
2.03951603951604,0,"FSE","SLC17A7","wisp",133,0.029841423034668,455.733216524124,28.087949514389,1.87526679039001
1.07792207792208,0,"FSE","TAC2","wisp",133,0.0290489196777344,428.638993501663,24.4395961761475,1.97462296485901
0.844842657342657,0,"FSE","VIP","wisp",133,0.0295510292053223,423.189258098602,21.3554708957672,1.91519999504089
0.99724384412924,0,"SVG","PVALB","ELLA",133,0.0303323268890381,446.011021852493,29.9634885787964,1.95551204681396
0.937179178928214,1,"SVG","SLC17A7","ELLA",133,0.0277292728424072,425.692224502563,29.5691344738007,1.90439701080322
0.993980014303673,0,"SVG","TAC2","ELLA",133,0.935065746307373,409.268024206161,26.510181427002,1.97003269195557
7.3333588668234e-07,1,"SVG","VIP","ELLA",133,0.0277588367462158,420.036387681961,27.1086444854736,1.88512778282166
-3.27821894590952e-06,0,"rate_effect","SLC17A7","DESeq2",133,0.028433084487915,435.003904342651,22.8738830089569,1.87973070144653
0.000159199397721773,0,"rate_effect","PVALB","DESeq2",133,0.0291740894317627,422.846745491028,27.8921658992767,1.93611168861389
-0.000132985998471339,0,"rate_effect","TAC2","DESeq2",133,0.0325593948364258,422.382641553879,32.2758796215057,1.92639994621277
8.86722290486612e-05,0,"rate_effect","VIP","DESeq2",133,0.0299866199493408,450.483470439911,27.4053957462311,1.90693759918213
0.940246910804596,0,"FSE","SLC17A7","DESeq2",133,0.0297629833221436,434.546971559525,23.7330112457275,1.87679743766785
0.298782446079071,0,"FSE","PVALB","DESeq2",133,0.0338435173034668,436.816553592682,29.0492534637451,1.95362281799316
0.482898874637946,0,"FSE","TAC2","DESeq2",133,0.027367115020752,422.633439302444,21.7879257202148,2.01387763023376
0.298782446079071,0,"FSE","VIP","DESeq2",133,0.0304765701293945,341.904124975204,28.1543152332306,1.86765432357788
0.00482649245970825,0,"rate_effect","PVALB","wisp",134,0.0292367935180664,428.609116077423,25.2551717758179,1.91724061965942
0.0124264315225716,0,"rate_effect","SLC17A7","wisp",134,0.0310986042022705,444.368892192841,30.7688519954681,1.91700601577759
0.0138239780514382,0,"rate_effect","TAC2","wisp",134,0.0286846160888672,433.176414728165,25.6008260250092,2.11447739601135
0.179663510748661,0,"rate_effect","VIP","wisp",134,0.0247077941894531,429.265485286713,29.3011937141418,1.89909911155701
0.388269796778801,0.498481173301116,"random_effect","replicate1","wisp",134,0.0279552936553955,442.510897397995,34.6902959346771,1.89492797851562
-0.445595968488476,-0.327819974161685,"random_effect","replicate2","wisp",134,0.0318880081176758,434.701031208038,26.0515778064728,1.92224431037903
-0.0592508707623639,-0.0696936664171517,"random_effect","replicate3","wisp",134,0.0304415225982666,438.606535673141,24.8661851882935,1.91352796554565
0.117215563238972,-0.00422484474256635,"random_effect","replicate4","wisp",134,0.032750129699707,438.608156204224,26.6019434928894,1.87204194068909
1.47741666666667,0,"FSE","PVALB","wisp",134,0.0291445255279541,421.407907009125,22.5907454490662,1.87196683883667
0.96621875,0,"FSE","SLC17A7","wisp",134,0.961971044540405,427.296780824661,28.2648706436157,1.92194104194641
1.08612,0,"FSE","TAC2","wisp",134,0.0310268402099609,433.440595388412,28.0865998268127,1.92976903915405
0.695111111111111,0,"FSE","VIP","wisp",134,0.0276010036468506,448.544350624084,28.3334722518921,1.90699672698975
0.801929320687113,0,"SVG","PVALB","ELLA",134,0.033125638961792,437.187759637833,25.8857131004333,1.94445037841797
0.797078332099052,0,"SVG","SLC17A7","ELLA",134,0.0310487747192383,416.92185997963,34.7796940803528,1.96136689186096
0.908988244744441,0,"SVG","TAC2","ELLA",134,0.0298552513122559,429.006608963013,28.0748641490936,1.91984724998474
2.20002924494755e-06,1,"SVG","VIP","ELLA",134,0.027881383895874,427.94335269928,29.6661524772644,1.91626119613647
-0.00603727260351958,0,"rate_effect","SLC17A7","DESeq2",134,0.0307164192199707,431.815202474594,29.9965281486511,1.88038921356201
0.000326523195376983,0,"rate_effect","PVALB","DESeq2",134,0.031790018081665,415.090425491333,28.7477598190308,1.97158217430115
0.0115477693806208,0,"rate_effect","TAC2","DESeq2",134,0.961175680160522,446.45299243927,25.8177356719971,1.91986060142517
0.025845910191372,0,"rate_effect","VIP","DESeq2",134,0.0292866230010986,468.735806465149,25.6810131072998,1.88051891326904
0.155771704655057,0,"FSE","SLC17A7","DESeq2",134,0.0333788394927979,430.931964159012,27.3349032402039,1.9478747844696
0.862063640358886,0,"FSE","PVALB","DESeq2",134,0.0313360691070557,430.072258234024,32.5169382095337,1.92294645309448
0.862063640358886,0,"FSE","TAC2","DESeq2",134,0.0320706367492676,410.121573209763,23.7532002925873,1.94743466377258
0.0405927101179707,0,"FSE","VIP","DESeq2",134,0.0284214019775391,455.047101974487,29.9072344303131,1.901535987854
0.000552704945340135,0,"rate_effect","PVALB","wisp",135,0.0273256301879883,418.158571958542,29.1062133312225,1.88763666152954
0.00657923105030794,0,"rate_effect","SLC17A7","wisp",135,0.0296573638916016,428.122677564621,30.82168841362,1.92050409317017
0.0145743771565598,0,"rate_effect","TAC2","wisp",135,0.0289463996887207,427.728178977966,32.8114042282104,1.94097876548767
0.157747770172797,0,"rate_effect","VIP","wisp",135,0.0289764404296875,423.737015485764,28.5979809761047,1.92490077018738
0.387496924159162,0.498481173301116,"random_effect","replicate1","wisp",135,0.0297586917877197,456.613583087921,28.417432308197,1.88906669616699
-0.444414391558197,-0.327819974161685,"random_effect","replicate2","wisp",135,0.0328109264373779,420.884456634521,22.5742952823639,2.0883207321167
-0.0644342156517146,-0.0696936664171517,"random_effect","replicate3","wisp",135,0.0276672840118408,424.830772399902,28.9470098018646,1.93059301376343
0.120469571107475,-0.00422484474256635,"random_effect","replicate4","wisp",135,0.0286664962768555,437.511374950409,26.4271965026855,2.01169347763062
1.40306915306915,0,"FSE","PVALB","wisp",135,0.0293729305267334,464.370765447617,28.4331409931183,1.92028284072876
1.22145042457542,0,"FSE","SLC17A7","wisp",135,0.0321409702301025,403.638920783997,24.1360626220703,1.98838710784912
0.958841158841159,0,"FSE","TAC2","wisp",135,0.0281195640563965,414.873692512512,23.5046339035034,1.91408538818359
0.752580752580753,0,"FSE","VIP","wisp",135,0.963593482971191,429.04301905632,34.2810742855072,1.96899151802063
0.995660197724986,0,"SVG","PVALB","ELLA",135,1.88674259185791,417.523854017258,26.3215594291687,1.88364768028259
0.882651877917315,0,"SVG","SLC17A7","ELLA",135,0.0296945571899414,421.218112707138,27.146746635437,1.96816301345825
0.806095603189938,0,"SVG","TAC2","ELLA",135,0.0303440093994141,441.318182468414,32.5797770023346,1.93074917793274
2.2001090748125e-06,1,"SVG","VIP","ELLA",135,0.0316970348358154,431.787833929062,26.038455247879,1.94249320030212
-0.00603727260351958,0,"rate_effect","SLC17A7","DESeq2",135,0.0272305011749268,441.372266292572,32.3179461956024,1.85554122924805
0.000326523195376983,0,"rate_effect","PVALB","DESeq2",135,0.0315840244293213,424.107073545456,30.2552561759949,1.88771200180054
0.0115477693806208,0,"rate_effect","TAC2","DESeq2",135,0.0327708721160889,420.323094844818,23.4643216133118,1.9144229888916
0.025845910191372,0,"rate_effect","VIP","DESeq2",135,0.0276579856872559,448.618867874146,29.8870091438293,1.93364334106445
0.155771704655057,0,"FSE","SLC17A7","DESeq2",135,0.031425952911377,375.935034036636,27.1698169708252,1.93180441856384
0.862063640358886,0,"FSE","PVALB","DESeq2",135,0.0269701480865479,429.70928645134,31.0543217658997,2.00865888595581
0.862063640358886,0,"FSE","TAC2","DESeq2",135,0.0327162742614746,437.831256628036,29.3419151306152,1.91435265541077
0.0405927101179707,0,"FSE","VIP","DESeq2",135,0.0288233757019043,431.461276769638,29.5254518985748,1.95789742469788
-0.185498711034614,0,"rate_effect","PVALB","wisp",136,0.028160572052002,427.493983983994,24.4479246139526,1.92510008811951
-0.240783023890333,0,"rate_effect","SLC17A7","wisp",136,0.0265765190124512,465.420249700546,23.41534948349,1.87832069396973
0.00179904326101456,0,"rate_effect","TAC2","wisp",136,0.0311448574066162,435.724847555161,25.2409904003143,1.97131896018982
-0.000784082682248483,0.0375940471421927,"rate_effect","VIP","wisp",136,0.0287723541259766,426.489372253418,30.498678445816,1.91572141647339
0.258684586077369,0.0556765994988382,"random_effect","replicate1","wisp",136,0.028050422668457,433.407697439194,24.0474677085876,1.89630961418152
0.17308637288079,-0.0617374067660421,"random_effect","replicate2","wisp",136,0.0294380187988281,417.568301677704,26.5134179592133,1.9169909954071
-0.523338960897725,-0.418585060862824,"random_effect","replicate3","wisp",136,0.0276269912719727,419.191938638687,32.9697706699371,1.88022470474243
0.373359607421403,0.352256146492437,"random_effect","replicate4","wisp",136,0.0316841602325439,430.204669237137,25.8227248191833,1.93337726593018
0.63524,0,"FSE","PVALB","wisp",136,0.0281548500061035,423.383732318878,27.5879828929901,2.00009894371033
0.6880625,0,"FSE","SLC17A7","wisp",136,0.950234889984131,433.018593549728,25.3655872344971,1.8637535572052
1.18588,0,"FSE","TAC2","wisp",136,0.0335521697998047,425.685601949692,28.7269361019135,1.95883941650391
0.705638888888889,1,"FSE","VIP","wisp",136,0.0294747352600098,421.638487815857,30.5206129550934,1.83303546905518
0.779905356121647,1,"SVG","PVALB","ELLA",136,0.0276050567626953,403.932096004486,19.2276413440704,1.78714275360107
0.863710267359508,1,"SVG","SLC17A7","ELLA",136,0.0286576747894287,408.298879146576,22.2654452323914,1.84356260299683
5.50001063970296e-07,1,"SVG","TAC2","ELLA",136,0.0274727344512939,411.141361951828,25.3585731983185,1.77027249336243
2.2000300645697e-06,1,"SVG","VIP","ELLA",136,0.0304088592529297,414.141072034836,23.9539802074432,1.80440640449524
-0.0239972635390806,0,"rate_effect","SLC17A7","DESeq2",136,0.0287880897521973,408.969439744949,30.3737318515778,1.77948665618896
0.00184550507638256,0,"rate_effect","PVALB","DESeq2",136,0.028679370880127,409.549560070038,22.5197160243988,1.75816679000854
-0.00748636792224341,0,"rate_effect","TAC2","DESeq2",136,0.0275130271911621,403.635833740234,30.8150849342346,1.85015249252319
0.182630902497954,0.0375940471421927,"rate_effect","VIP","DESeq2",136,0.0293619632720947,433.035242795944,27.7534692287445,1.79997277259827
0.00153722970891194,0,"FSE","SLC17A7","DESeq2",136,0.0276510715484619,418.054634571075,30.3133184909821,1.76283740997314
0.861630599124079,0,"FSE","PVALB","DESeq2",136,0.0313279628753662,439.242620706558,24.6636564731598,1.80634546279907
0.861375945079427,0,"FSE","TAC2","DESeq2",136,0.0292425155639648,351.229082584381,27.6974363327026,1.83659362792969
3.68460903428036e-25,1,"FSE","VIP","DESeq2",136,0.0299062728881836,428.477724790573,27.0271451473236,1.79152250289917
-0.0458502198109813,0,"rate_effect","PVALB","wisp",137,0.028439998626709,400.481114149094,25.8864300251007,1.79541492462158
-0.0135467496797433,0,"rate_effect","SLC17A7","wisp",137,0.895889282226562,416.329598903656,25.5795469284058,1.76463961601257
-0.779215417880305,-0.225871416041628,"rate_effect","TAC2","wisp",137,0.0301418304443359,397.71418094635,28.2146577835083,1.78049683570862
0.183264249465197,0.0987625541165471,"rate_effect","VIP","wisp",137,0.0305290222167969,413.912841081619,30.5826287269592,1.81949877738953
0.385053543244363,0.222293533617631,"random_effect","replicate1","wisp",137,0.0295813083648682,405.915508031845,25.7490229606628,1.80578708648682
-0.580126564977679,-0.443989488529041,"random_effect","replicate2","wisp",137,0.0276761054992676,401.609362363815,23.6494569778442,1.81292271614075
0.28112785029129,0.0134948219638318,"random_effect","replicate3","wisp",137,0.0274889469146729,409.212975025177,25.6452651023865,1.82821798324585
0.264393695952986,-0.0524422717280686,"random_effect","replicate4","wisp",137,0.0307917594909668,414.806458950043,29.2246925830841,1.80796146392822
1.46601398601399,0,"FSE","PVALB","wisp",137,0.0279734134674072,423.394227981567,30.1006395816803,1.78223991394043
0.816933066933067,0,"FSE","SLC17A7","wisp",137,0.0319101810455322,426.406829357147,27.4714765548706,1.80058145523071
0.00910200910200905,1,"FSE","TAC2","wisp",137,0.029646635055542,402.189610004425,27.126549243927,1.84013605117798
0.453831882403311,1,"FSE","VIP","wisp",137,0.0317471027374268,435.770930051804,27.0759134292603,1.74023652076721
0.80413256308165,0,"SVG","PVALB","ELLA",137,0.028592586517334,408.307660102844,29.5158882141113,1.77786779403687
0.85042245663925,0,"SVG","SLC17A7","ELLA",137,0.0283982753753662,411.093592882156,27.4431064128876,1.73424339294434
0.887652764956156,1,"SVG","TAC2","ELLA",137,0.0274736881256104,406.61597943306,31.6404249668121,1.80775022506714
7.33335806468727e-07,1,"SVG","VIP","ELLA",137,0.0311400890350342,408.279498338699,23.8222887516022,1.86932563781738
0.00311230320438328,0,"rate_effect","SLC17A7","DESeq2",137,0.0311648845672607,409.458102464676,26.5550758838654,1.80131101608276
-0.00154281613775174,0,"rate_effect","PVALB","DESeq2",137,0.029813289642334,411.923641443253,23.8093945980072,1.76051712036133
-1.73450495514297,-0.225871416041628,"rate_effect","TAC2","DESeq2",137,0.0329639911651611,405.545966625214,31.5916204452515,1.78944897651672
0.501380756373089,0.0987625541165471,"rate_effect","VIP","DESeq2",137,0.0260028839111328,425.389599561691,24.1233968734741,1.78804445266724
0.515223217575334,0,"FSE","SLC17A7","DESeq2",137,0.0357918739318848,398.119257926941,28.8584458827972,1.83746886253357
0.873094560684563,0,"FSE","PVALB","DESeq2",137,0.0309436321258545,418.349713802338,35.2129671573639,1.8385636806488
0,1,"FSE","TAC2","DESeq2",137,0.0236492156982422,406.516528367996,25.677962064743,1.86991882324219
3.16578094688333e-118,1,"FSE","VIP","DESeq2",137,0.0269579887390137,425.068669080734,31.497305393219,1.86204314231873
0.0135165488386308,0,"rate_effect","PVALB","wisp",138,0.0278401374816895,422.368977308273,21.9365797042847,1.84537696838379
0.082627313560518,0,"rate_effect","SLC17A7","wisp",138,0.0262370109558105,430.461272001266,26.6901309490204,1.90605521202087
-1.07586515043381,-0.330138547578827,"rate_effect","TAC2","wisp",138,0.0279896259307861,412.056294202805,28.827924489975,2.02909517288208
-0.0255203845182235,0,"rate_effect","VIP","wisp",138,0.0239815711975098,437.154964923859,21.9802222251892,1.92869520187378
-0.195398284162949,-0.244205164723098,"random_effect","replicate1","wisp",138,0.0296258926391602,422.03987288475,33.1828806400299,1.90689778327942
-0.530664442833167,-0.422397798625752,"random_effect","replicate2","wisp",138,0.0269100666046143,453.455007553101,24.2923212051392,1.84552454948425
0.447761043941719,0.330332530662417,"random_effect","replicate3","wisp",138,0.0264310836791992,436.033627033234,27.4141705036163,1.84341669082642
0.341985760756618,0.0535786231048405,"random_effect","replicate4","wisp",138,0.030048131942749,416.873572587967,22.743204832077,1.89280819892883
1.12279387279387,0,"FSE","PVALB","wisp",138,0.026158332824707,418.94610118866,26.0069177150726,1.88708782196045
0.424263236763237,0,"FSE","SLC17A7","wisp",138,0.02978515625,411.92558836937,23.0960333347321,1.92023396492004
0,1,"FSE","TAC2","wisp",138,0.0285301208496094,440.837086200714,25.1775932312012,1.9048330783844
0.972083472083472,0,"FSE","VIP","wisp",138,0.0287730693817139,418.37282538414,26.0856287479401,2.60899710655212
0.912539746586094,0,"SVG","PVALB","ELLA",138,0.0306224822998047,420.641088485718,27.347541809082,1.87631368637085
0.893886516675191,1,"SVG","SLC17A7","ELLA",138,0.0251264572143555,428.662610292435,21.5447599887848,1.84871196746826
2.20002963358112e-06,1,"SVG","TAC2","ELLA",138,0.0291104316711426,427.803039550781,30.6923115253448,1.89639258384705
0.901386489254656,0,"SVG","VIP","ELLA",138,0.0312936305999756,424.708827018738,25.2575786113739,1.85999202728271
0.0140372179030491,0,"rate_effect","SLC17A7","DESeq2",138,0.0281896591186523,432.656529903412,24.8084371089935,1.89901542663574
0.0177343170961436,0,"rate_effect","PVALB","DESeq2",138,0.031583309173584,427.925946950912,26.4291985034943,1.92317056655884
-3.02015313042398,-0.330138547578827,"rate_effect","TAC2","DESeq2",138,0.0287032127380371,424.533989191055,32.605699300766,1.91907668113708
0.0112900443782937,0,"rate_effect","VIP","DESeq2",138,0.0302207469940186,439.701268434525,32.080885887146,1.9224226474762
0.210223799398107,0,"FSE","SLC17A7","DESeq2",138,0.0275440216064453,423.768881559372,22.7086806297302,1.91026425361633
0.244983734085746,0,"FSE","PVALB","DESeq2",138,0.0284562110900879,418.428074121475,25.0440411567688,1.86522579193115
0,1,"FSE","TAC2","DESeq2",138,0.0321822166442871,423.145944595337,28.5050308704376,1.88742089271545
0.495602236352256,0,"FSE","VIP","DESeq2",138,1.83389782905579,428.387951374054,27.2869317531586,1.97345232963562
0.427485939679742,0.148619709070772,"rate_effect","PVALB","wisp",139,0.029057502746582,342.884785890579,24.0696587562561,1.93395066261292
1.31280648569119,0.480561536736786,"rate_effect","SLC17A7","wisp",139,0.0272171497344971,438.251104593277,21.7468342781067,1.89160752296448
-0.0369331259354157,0,"rate_effect","TAC2","wisp",139,0.0269596576690674,421.046288967133,23.9341967105865,1.92022323608398
-0.0140189790252291,0,"rate_effect","VIP","wisp",139,0.0296871662139893,413.815036773682,29.3492894172668,1.99918484687805
-0.319320495000572,-0.378198680002242,"random_effect","replicate1","wisp",139,0.0308065414428711,436.233450174332,30.0629839897156,1.94655609130859
0.533547488066705,0.359467645874247,"random_effect","replicate2","wisp",139,0.0267951488494873,437.389758586884,29.0803780555725,1.91891193389893
-0.550376247543493,-0.451846925774589,"random_effect","replicate3","wisp",139,0.0312454700469971,421.801689386368,32.9749879837036,1.85251688957214
0.214140766345994,-0.203188701998442,"random_effect","replicate4","wisp",139,0.0282926559448242,412.800875425339,32.2108843326569,2.01232624053955
0,1,"FSE","PVALB","wisp",139,0.0285141468048096,415.758309602737,22.5008878707886,1.89890432357788
0,1,"FSE","SLC17A7","wisp",139,0.0309028625488281,448.807687759399,27.4583051204681,2.57047271728516
1.62132,0,"FSE","TAC2","wisp",139,0.0265467166900635,425.658793926239,26.1612327098846,1.99357652664185
0.77953125,0,"FSE","VIP","wisp",139,0.0303549766540527,419.892758131027,27.2944993972778,1.90579128265381
0.947363621492893,1,"SVG","PVALB","ELLA",139,0.0257844924926758,423.843417406082,27.4935083389282,1.95272493362427
0.931375276419948,1,"SVG","SLC17A7","ELLA",139,0.0316722393035889,419.851747989655,33.067813873291,1.91422843933105
0.940833237194548,0,"SVG","TAC2","ELLA",139,0.0286879539489746,432.175387382507,25.0857548713684,1.89460062980652
0.93712189038361,0,"SVG","VIP","ELLA",139,0.02815842628479,433.26940369606,29.9820668697357,1.89951992034912
1.54925748496789,0.148619709070772,"rate_effect","SLC17A7","DESeq2",139,0.0281815528869629,422.863761901855,31.7035093307495,1.87914896011353
0.352584255781826,0.480561536736786,"rate_effect","PVALB","DESeq2",139,0.0313327312469482,419.048016548157,28.450918674469,1.91853785514832
-0.379664445342741,0,"rate_effect","TAC2","DESeq2",139,0.0285539627075195,428.176956653595,28.7329323291779,1.9428985118866
-0.384043230636552,0,"rate_effect","VIP","DESeq2",139,0.0334653854370117,448.894484519958,26.7565746307373,1.9282500743866
0,1,"FSE","SLC17A7","DESeq2",139,0.0286557674407959,431.972440481186,31.2850565910339,1.88315010070801
3.25681963946321e-113,1,"FSE","PVALB","DESeq2",139,0.0300242900848389,424.963372707367,22.1425814628601,1.95683145523071
6.8817020193169e-63,0,"FSE","TAC2","DESeq2",139,0.0302369594573975,418.386739492416,27.6639943122864,1.88131093978882
1.63798948658502e-76,0,"FSE","VIP","DESeq2",139,0.0300443172454834,421.28426527977,26.8966805934906,1.87866401672363
1.17547485136988,0.407521744025871,"rate_effect","PVALB","wisp",140,0.0321400165557861,442.835676431656,31.8027515411377,1.93642425537109
0.612073985649514,0.208684898214415,"rate_effect","SLC17A7","wisp",140,0.0286946296691895,454.172886371613,20.994350194931,1.92745304107666
0.62399295790997,0.233649423578754,"rate_effect","TAC2","wisp",140,0.0270276069641113,426.286192655563,29.4402439594269,1.9688024520874
0.859023794311854,0.28755051875487,"rate_effect","VIP","wisp",140,0.028942346572876,426.630576610565,26.7875216007233,1.85739088058472
-0.493369899185809,-0.443991706706583,"random_effect","replicate1","wisp",140,0.0292212963104248,403.239965200424,18.2296206951141,1.95345449447632
0.426785064038568,0.281359188491479,"random_effect","replicate2","wisp",140,0.0291359424591064,437.543063640594,30.7751030921936,1.94943451881409
-0.359036299168175,-0.390527144307271,"random_effect","replicate3","wisp",140,0.0285475254058838,424.828949689865,29.1811516284943,1.91415333747864
0.371195627992742,0.293138217879459,"random_effect","replicate4","wisp",140,0.0288188457489014,410.777765274048,29.7327396869659,1.89316058158875
0,1,"FSE","PVALB","wisp",140,0.032414436340332,419.698316812515,29.1467514038086,1.89908075332642
0.0093656343656344,1,"FSE","SLC17A7","wisp",140,0.0276556015014648,420.921313047409,29.8099269866943,1.88652443885803
0.0320616883116883,1,"FSE","TAC2","wisp",140,0.0273778438568115,421.405151367188,26.7447578907013,1.91813373565674
0.000777000777000751,1,"FSE","VIP","wisp",140,0.031156063079834,429.191378355026,28.5962595939636,1.9064519405365
0.857550484301541,1,"SVG","PVALB","ELLA",140,0.0286152362823486,427.424861907959,26.4314243793488,1.93819808959961
0.871461096280985,1,"SVG","SLC17A7","ELLA",140,0.0281038284301758,418.824084997177,25.559473991394,2.10096716880798
2.20000100914497e-07,1,"SVG","TAC2","ELLA",140,0.0306472778320312,466.21201300621,29.5179445743561,1.95194005966187
0.783306108609976,1,"SVG","VIP","ELLA",140,0.0272939205169678,428.564567327499,28.1826069355011,1.93955206871033
-0.209805062322724,0.407521744025871,"rate_effect","SLC17A7","DESeq2",140,0.0268537998199463,428.62980222702,28.0788650512695,1.86716628074646
0.489435980935328,0.208684898214415,"rate_effect","PVALB","DESeq2",140,0.0316793918609619,433.665621757507,28.1941282749176,1.93836879730225
-0.135648002457319,0.233649423578754,"rate_effect","TAC2","DESeq2",140,0.03013014793396,428.914049386978,27.9392147064209,1.9660108089447
0.133038915413738,0.28755051875487,"rate_effect","VIP","DESeq2",140,0.0287206172943115,433.117321252823,28.3073542118073,1.88844609260559
1.06755008890394e-39,1,"FSE","SLC17A7","DESeq2",140,0.0285968780517578,418.431674480438,33.0067012310028,1.91616630554199
1.81973445250439e-141,1,"FSE","PVALB","DESeq2",140,0.0298805236816406,434.249496936798,27.1291103363037,1.91533708572388
7.32066199724844e-10,1,"FSE","TAC2","DESeq2",140,0.0283896923065186,421.070561885834,30.8779003620148,1.90010547637939
7.40584113329818e-11,1,"FSE","VIP","DESeq2",140,0.029975414276123,428.989985227585,23.9281105995178,1.94244980812073
0.313967948620889,0.0821337692905217,"rate_effect","PVALB","wisp",141,0.0299692153930664,457.875961065292,31.8868365287781,1.89758825302124
-0.108037926972574,0,"rate_effect","SLC17A7","wisp",141,0.02939772605896,417.147555589676,23.9216980934143,1.87791299819946
-0.471079848452403,-0.101698540849611,"rate_effect","TAC2","wisp",141,0.0280909538269043,416.846960306168,27.8313653469086,1.94330286979675
-0.136043116599124,0,"rate_effect","VIP","wisp",141,0.0304865837097168,344.447868108749,27.1202914714813,1.91046500205994
0.093681204397351,-0.218415895476937,"random_effect","replicate1","wisp",141,0.029170036315918,439.159169435501,28.2010991573334,1.95590901374817
0.170180592440558,-0.193283355096355,"random_effect","replicate2","wisp",141,0.0297019481658936,437.935654640198,30.1933093070984,1.91210222244263
-0.546037853338455,-0.444165853550658,"random_effect","replicate3","wisp",141,0.027332067489624,424.346310138702,25.7669529914856,1.95130276679993
0.458859270174809,0.178055742988363,"random_effect","replicate4","wisp",141,0.0291640758514404,437.639401674271,30.6169512271881,1.97665858268738
0.296515984015984,1,"FSE","PVALB","wisp",141,0.0300407409667969,426.175881147385,30.7624077796936,1.87547874450684
0.696303696303696,0,"FSE","SLC17A7","wisp",141,0.0379784107208252,431.229801654816,21.6975998878479,1.9074375629425
0.052027972027972,1,"FSE","TAC2","wisp",141,0.0266921520233154,428.557741880417,22.2550806999207,1.90938234329224
0.207779874446541,0,"FSE","VIP","wisp",141,0.0271389484405518,437.074442386627,26.5238418579102,1.91658329963684
0.957673096270632,1,"SVG","PVALB","ELLA",141,0.0304219722747803,437.910945653915,22.326967716217,1.87165641784668
0.97220628255322,1,"SVG","SLC17A7","ELLA",141,0.0298922061920166,438.342940330505,27.465437412262,1.94656467437744
0.916643728852119,1,"SVG","TAC2","ELLA",141,0.0309114456176758,435.115567207336,31.1347949504852,1.98431396484375
0.95813459364739,1,"SVG","VIP","ELLA",141,0.0306754112243652,438.493384361267,28.8851320743561,1.9389660358429
0.0385456790436481,0.0821337692905217,"rate_effect","SLC17A7","DESeq2",141,0.0304248332977295,448.30394411087,32.6194403171539,1.90953707695007
0.473705933853842,0,"rate_effect","PVALB","DESeq2",141,0.0324821472167969,415.358382225037,32.2989933490753,1.89722228050232
-0.671671690744275,-0.101698540849611,"rate_effect","TAC2","DESeq2",141,0.0308408737182617,436.328069925308,27.416788816452,1.91525959968567
-0.0419904707177317,0,"rate_effect","VIP","DESeq2",141,0.0313224792480469,427.341772556305,28.5475046634674,1.95126700401306
0.00915609435740817,1,"FSE","SLC17A7","DESeq2",141,0.0268018245697021,431.519038438797,28.7881174087524,1.92720103263855
6.07354739152148e-132,0,"FSE","PVALB","DESeq2",141,0.0292632579803467,428.10148024559,30.4223482608795,1.970871925354
2.78716255021881e-93,1,"FSE","TAC2","DESeq2",141,0.0282788276672363,405.253556966782,25.0135204792023,2.00466966629028
0.0606296790341424,0,"FSE","VIP","DESeq2",141,0.0284509658813477,431.580227851868,27.9698166847229,1.89975738525391
-0.103692337624366,0,"rate_effect","PVALB","wisp",142,0.0286874771118164,430.834863185883,27.7004799842834,1.89838004112244
-0.000263459144636788,0,"rate_effect","SLC17A7","wisp",142,0.0305662155151367,442.693529844284,26.6938269138336,1.96454334259033
0.0468716281323201,0,"rate_effect","TAC2","wisp",142,0.02779221534729,451.127518415451,26.0369720458984,1.90947294235229
0.181236877762603,0.045184624614194,"rate_effect","VIP","wisp",142,0.0288090705871582,419.77030134201,25.7107317447662,1.97353386878967
0.341527393631997,0.0965666032861918,"random_effect","replicate1","wisp",142,0.0304677486419678,425.153422117233,24.997104883194,1.92307567596436
0.403945105500435,0.267996917013079,"random_effect","replicate2","wisp",142,0.0301992893218994,437.201149463654,31.2977366447449,1.96999192237854
-0.686471518781288,-0.462788141332567,"random_effect","replicate3","wisp",142,0.0317413806915283,419.524928569794,21.2905933856964,1.96289253234863
0.367816401039688,0.176938251126558,"random_effect","replicate4","wisp",142,0.0284855365753174,446.937193155289,28.4970102310181,1.91163372993469
0.8054375,0,"FSE","PVALB","wisp",142,0.0274665355682373,444.712888479233,23.9891443252563,1.87488484382629
0.83704,0,"FSE","SLC17A7","wisp",142,0.0323386192321777,417.759402275085,25.2549314498901,1.89371967315674
1.40264,0,"FSE","TAC2","wisp",142,0.0282852649688721,416.854083061218,30.6044044494629,1.92660236358643
0.6664375,1,"FSE","VIP","wisp",142,0.0322670936584473,421.5183634758,31.4342231750488,1.93913173675537
0.937683280816584,1,"SVG","PVALB","ELLA",142,0.0289487838745117,448.733220338821,26.4758231639862,1.96097540855408
0.987261699620467,0,"SVG","SLC17A7","ELLA",142,0.0280981063842773,427.417523622513,30.1986346244812,1.98125243186951
0.854818028430075,0,"SVG","TAC2","ELLA",142,0.0323467254638672,453.860027313232,30.1176075935364,1.94006776809692
1.1000087930535e-06,1,"SVG","VIP","ELLA",142,0.0279364585876465,419.111906051636,30.3025121688843,1.82835912704468
-0.0300888969405781,0,"rate_effect","SLC17A7","DESeq2",142,0.0278191566467285,422.150298118591,25.0138621330261,1.9052460193634
-0.0198843599026093,0,"rate_effect","PVALB","DESeq2",142,0.975653648376465,431.828337192535,27.9934065341949,1.96088552474976
-0.00818432721005957,0,"rate_effect","TAC2","DESeq2",142,0.0273873805999756,417.86593914032,26.1573016643524,1.92815375328064
0.269781392182464,0.045184624614194,"rate_effect","VIP","DESeq2",142,0.0301876068115234,421.714729070663,36.1966271400452,1.85416579246521
0.0956518905294548,0,"FSE","SLC17A7","DESeq2",142,0.966925382614136,423.18149805069,28.2153370380402,1.94660639762878
0.349488322178013,0,"FSE","PVALB","DESeq2",142,0.959918260574341,411.49706864357,21.0312209129333,1.96745443344116
0.708098632646271,0,"FSE","TAC2","DESeq2",142,0.0286843776702881,424.162430047989,28.4714119434357,1.95679402351379
2.52934127454875e-33,1,"FSE","VIP","DESeq2",142,0.0275018215179443,424.953616142273,28.753488779068,1.89107203483582
-0.199225910366068,-0.0126602827595518,"rate_effect","PVALB","wisp",143,0.0303053855895996,413.682648897171,32.5513451099396,1.86874127388
0.00808845625891341,0,"rate_effect","SLC17A7","wisp",143,0.0296225547790527,418.972558736801,22.28346991539,1.91441702842712
-0.0182192609744371,0,"rate_effect","TAC2","wisp",143,0.0314235687255859,439.402960062027,22.7104434967041,2.06456971168518
-0.0248646761677175,0,"rate_effect","VIP","wisp",143,0.0252742767333984,437.390397071838,23.8163566589355,1.89545559883118
-0.397425196750074,-0.389148707734421,"random_effect","replicate1","wisp",143,0.0300617218017578,435.108697414398,30.1848514080048,1.95747828483582
0.460851726266722,0.131936375284567,"random_effect","replicate2","wisp",143,0.0281143188476562,417.028471469879,30.4718544483185,1.9316611289978
0.414479809660976,0.0565480627119541,"random_effect","replicate3","wisp",143,0.0322134494781494,428.645718336105,24.1389372348785,1.9397451877594
-0.545598376070518,-0.437890233006328,"random_effect","replicate4","wisp",143,0.0293436050415039,437.016592979431,28.5908098220825,2.00542783737183
0.678654678654679,1,"FSE","PVALB","wisp",143,0.0281786918640137,436.223310709,33.0396196842194,1.87908291816711
1.21975983200473,0,"FSE","SLC17A7","wisp",143,0.0291585922241211,432.003209590912,25.8684644699097,1.98139333724976
1.05627705627706,0,"FSE","TAC2","wisp",143,0.0310695171356201,421.0782122612,30.3165369033813,1.92700958251953
1.36260961260961,0,"FSE","VIP","wisp",143,0.0277640819549561,416.96134018898,25.3891241550446,1.93578004837036
0.87846743403506,1,"SVG","PVALB","ELLA",143,0.0296456813812256,423.063416242599,22.6420071125031,1.89431571960449
0.873053508608664,0,"SVG","SLC17A7","ELLA",143,0.0282070636749268,430.799074888229,28.9197087287903,2.02877569198608
0.863555297104711,0,"SVG","TAC2","ELLA",143,0.028740406036377,411.27406167984,27.1586208343506,1.95289063453674
0.789385049387873,0,"SVG","VIP","ELLA",143,0.0296759605407715,424.28426527977,28.5306944847107,1.97954940795898
0.0147350563132737,-0.0126602827595518,"rate_effect","SLC17A7","DESeq2",143,0.0315585136413574,424.110975265503,25.9745590686798,1.83040857315063
-0.0584204175598013,0,"rate_effect","PVALB","DESeq2",143,0.0303142070770264,426.358679771423,27.514014005661,1.85209774971008
0.0133275927396108,0,"rate_effect","TAC2","DESeq2",143,0.0279641151428223,422.353990077972,28.4563901424408,1.88063788414001
0.0100262507062233,0,"rate_effect","VIP","DESeq2",143,0.029841423034668,455.733216524124,28.087949514389,1.87526679039001
0.250666243828531,1,"FSE","SLC17A7","DESeq2",143,0.0290489196777344,428.638993501663,24.4395961761475,1.97462296485901
0.00062723706042634,0,"FSE","PVALB","DESeq2",143,0.0295510292053223,423.189258098602,21.3554708957672,1.91519999504089
0.371561317188691,0,"FSE","TAC2","DESeq2",143,0.0303323268890381,446.011021852493,29.9634885787964,1.95551204681396
0.693103034907979,0,"FSE","VIP","DESeq2",143,0.0277292728424072,425.692224502563,29.5691344738007,1.90439701080322
0.235150770550443,0.093655644915998,"rate_effect","PVALB","wisp",144,0.935065746307373,409.268024206161,26.510181427002,1.97003269195557
0.43256915051742,0.183992838254198,"rate_effect","SLC17A7","wisp",144,0.0277588367462158,420.036387681961,27.1086444854736,1.88512778282166
0.894119218405956,0.439332587178797,"rate_effect","TAC2","wisp",144,0.028433084487915,435.003904342651,22.8738830089569,1.87973070144653
0.571500409173809,0.0804769154638052,"rate_effect","VIP","wisp",144,0.0291740894317627,422.846745491028,27.8921658992767,1.93611168861389
-0.348482289463579,-0.327650947961956,"random_effect","replicate1","wisp",144,0.0325593948364258,422.382641553879,32.2758796215057,1.92639994621277
-0.292893425791386,-0.281274973414838,"random_effect","replicate2","wisp",144,0.0299866199493408,450.483470439911,27.4053957462311,1.90693759918213
0.27038096385182,0.138068734668195,"random_effect","replicate3","wisp",144,0.0297629833221436,434.546971559525,23.7330112457275,1.87679743766785
0.321927013441586,0.171601684298366,"random_effect","replicate4","wisp",144,0.0338435173034668,436.816553592682,29.0492534637451,1.95362281799316
0.0329045954045955,1,"FSE","PVALB","wisp",144,0.027367115020752,422.633439302444,21.7879257202148,2.01387763023376
0.275613275613276,1,"FSE","SLC17A7","wisp",144,0.0304765701293945,341.904124975204,28.1543152332306,1.86765432357788
0.0953046953046953,1,"FSE","TAC2","wisp",144,0.0292367935180664,428.609116077423,25.2551717758179,1.91724061965942
0.251810689310689,1,"FSE","VIP","wisp",144,0.0310986042022705,444.368892192841,30.7688519954681,1.91700601577759
0.974583808036498,1,"SVG","PVALB","ELLA",144,0.0286846160888672,433.176414728165,25.6008260250092,2.11447739601135
0.838978768039511,1,"SVG","SLC17A7","ELLA",144,0.0247077941894531,429.265485286713,29.3011937141418,1.89909911155701
4.40000807788721e-07,1,"SVG","TAC2","ELLA",144,0.0279552936553955,442.510897397995,34.6902959346771,1.89492797851562
2.75000253069368e-07,1,"SVG","VIP","ELLA",144,0.0318880081176758,434.701031208038,26.0515778064728,1.92224431037903
0.198217071671564,0.093655644915998,"rate_effect","SLC17A7","DESeq2",144,0.0304415225982666,438.606535673141,24.8661851882935,1.91352796554565
-0.198774402906919,0.183992838254198,"rate_effect","PVALB","DESeq2",144,0.032750129699707,438.608156204224,26.6019434928894,1.87204194068909
1.09415459397623,0.439332587178797,"rate_effect","TAC2","DESeq2",144,0.0291445255279541,421.407907009125,22.5907454490662,1.87196683883667
-0.274741622800911,0.0804769154638052,"rate_effect","VIP","DESeq2",144,0.961971044540405,427.296780824661,28.2648706436157,1.92194104194641
4.84026231917752e-319,1,"FSE","SLC17A7","DESeq2",144,0.0310268402099609,433.440595388412,28.0865998268127,1.92976903915405
4.22645937760959e-87,1,"FSE","PVALB","DESeq2",144,0.0276010036468506,448.544350624084,28.3334722518921,1.90699672698975
0,1,"FSE","TAC2","DESeq2",144,0.033125638961792,437.187759637833,25.8857131004333,1.94445037841797
2.15717332706121e-87,1,"FSE","VIP","DESeq2",144,0.0310487747192383,416.92185997963,34.7796940803528,1.96136689186096
-0.0179710608578374,0,"rate_effect","PVALB","wisp",145,0.0298552513122559,429.006608963013,28.0748641490936,1.91984724998474
0.0045508985013269,0,"rate_effect","SLC17A7","wisp",145,0.027881383895874,427.94335269928,29.6661524772644,1.91626119613647
-0.494121527075151,-0.129468013066798,"rate_effect","TAC2","wisp",145,0.0307164192199707,431.815202474594,29.9965281486511,1.88038921356201
0.0187141978891484,0,"rate_effect","VIP","wisp",145,0.031790018081665,415.090425491333,28.7477598190308,1.97158217430115
-0.0867542477229069,0.0231512689497322,"random_effect","replicate1","wisp",145,0.961175680160522,446.45299243927,25.8177356719971,1.91986060142517
-0.355649342999189,-0.225788887823001,"random_effect","replicate2","wisp",145,0.0292866230010986,468.735806465149,25.6810131072998,1.88051891326904
0.0487632531964302,0.03813356324099,"random_effect","replicate3","wisp",145,0.0333788394927979,430.931964159012,27.3349032402039,1.9478747844696
0.321460089061953,0.396890145959333,"random_effect","replicate4","wisp",145,0.0313360691070557,430.072258234024,32.5169382095337,1.92294645309448
1.04095904095904,0,"FSE","PVALB","wisp",145,0.0320706367492676,410.121573209763,23.7532002925873,1.94743466377258
1.53882117882118,0,"FSE","SLC17A7","wisp",145,0.0284214019775391,455.047101974487,29.9072344303131,1.901535987854
0.354589854589855,1,"FSE","TAC2","wisp",145,0.0273256301879883,418.158571958542,29.1062133312225,1.88763666152954
1.9045954045954,0,"FSE","VIP","wisp",145,0.0296573638916016,428.122677564621,30.82168841362,1.92050409317017
0.993890609736692,0,"SVG","PVALB","ELLA",145,0.0289463996887207,427.728178977966,32.8114042282104,1.94097876548767
0.856637388481701,0,"SVG","SLC17A7","ELLA",145,0.0289764404296875,423.737015485764,28.5979809761047,1.92490077018738
2.20005200829432e-06,1,"SVG","TAC2","ELLA",145,0.0297586917877197,456.613583087921,28.417432308197,1.88906669616699
0.941226410047839,0,"SVG","VIP","ELLA",145,0.0328109264373779,420.884456634521,22.5742952823639,2.0883207321167
0.00872972576384147,0,"rate_effect","SLC17A7","DESeq2",145,0.0276672840118408,424.830772399902,28.9470098018646,1.93059301376343
0.00322291780302796,0,"rate_effect","PVALB","DESeq2",145,0.0286664962768555,437.511374950409,26.4271965026855,2.01169347763062
-0.890411171454453,-0.129468013066798,"rate_effect","TAC2","DESeq2",145,0.0293729305267334,464.370765447617,28.4331409931183,1.92028284072876
0.0177158038083756,0,"rate_effect","VIP","DESeq2",145,0.0321409702301025,403.638920783997,24.1360626220703,1.98838710784912
0.257773888335573,0,"FSE","SLC17A7","DESeq2",145,0.0281195640563965,414.873692512512,23.5046339035034,1.91408538818359
0.75262829706601,0,"FSE","PVALB","DESeq2",145,0.963593482971191,429.04301905632,34.2810742855072,1.96899151802063
0,1,"FSE","TAC2","DESeq2",145,1.88674259185791,417.523854017258,26.3215594291687,1.88364768028259
0.257773888335573,0,"FSE","VIP","DESeq2",145,0.0296945571899414,421.218112707138,27.146746635437,1.96816301345825
-0.0749678704427713,0,"rate_effect","PVALB","wisp",146,0.0303440093994141,441.318182468414,32.5797770023346,1.93074917793274
0.0332662529536269,0,"rate_effect","SLC17A7","wisp",146,0.0316970348358154,431.787833929062,26.038455247879,1.94249320030212
-0.00183730791348497,0,"rate_effect","TAC2","wisp",146,0.0272305011749268,441.372266292572,32.3179461956024,1.85554122924805
1.18795360765049,0.456374604720622,"rate_effect","VIP","wisp",146,0.0315840244293213,424.107073545456,30.2552561759949,1.88771200180054
0.119582060047211,0.212721430696547,"random_effect","replicate1","wisp",146,0.0327708721160889,420.323094844818,23.4643216133118,1.9144229888916
-0.253528375217518,-0.073193377815187,"random_effect","replicate2","wisp",146,0.0276579856872559,448.618867874146,29.8870091438293,1.93364334106445
0.216623650944012,0.325903128134087,"random_effect","replicate3","wisp",146,0.031425952911377,375.935034036636,27.1698169708252,1.93180441856384
-0.111327875368876,0.086004433920607,"random_effect","replicate4","wisp",146,0.0269701480865479,429.70928645134,31.0543217658997,2.00865888595581
0.424325674325674,0,"FSE","PVALB","wisp",146,0.0327162742614746,437.831256628036,29.3419151306152,1.91435265541077
0.577811077811078,0,"FSE","SLC17A7","wisp",146,0.0288233757019043,431.461276769638,29.5254518985748,1.95789742469788
1.49250749250749,0,"FSE","TAC2","wisp",146,0.028160572052002,427.493983983994,24.4479246139526,1.92510008811951
0.00371057513914654,1,"FSE","VIP","wisp",146,0.0265765190124512,465.420249700546,23.41534948349,1.87832069396973
0.761894606139435,1,"SVG","PVALB","ELLA",146,0.0311448574066162,435.724847555161,25.2409904003143,1.97131896018982
0.892747045601026,1,"SVG","SLC17A7","ELLA",146,0.0287723541259766,426.489372253418,30.498678445816,1.91572141647339
0.937796156111693,0,"SVG","TAC2","ELLA",146,0.028050422668457,433.407697439194,24.0474677085876,1.89630961418152
7.33362442828511e-07,1,"SVG","VIP","ELLA",146,0.0294380187988281,417.568301677704,26.5134179592133,1.9169909954071
-0.0128683722357757,0,"rate_effect","SLC17A7","DESeq2",146,0.0276269912719727,419.191938638687,32.9697706699371,1.88022470474243
-0.00130013476005191,0,"rate_effect","PVALB","DESeq2",146,0.0316841602325439,430.204669237137,25.8227248191833,1.93337726593018
-0.0183107770106192,0,"rate_effect","TAC2","DESeq2",146,0.0281548500061035,423.383732318878,27.5879828929901,2.00009894371033
1.84825762765598,0.456374604720622,"rate_effect","VIP","DESeq2",146,0.950234889984131,433.018593549728,25.3655872344971,1.8637535572052
1.07713821617746e-05,0,"FSE","SLC17A7","DESeq2",146,0.0335521697998047,425.685601949692,28.7269361019135,1.95883941650391
0.87219056942452,0,"FSE","PVALB","DESeq2",146,0.0294747352600098,421.638487815857,30.5206129550934,1.83303546905518
0.21638554053369,0,"FSE","TAC2","DESeq2",146,0.0276050567626953,403.932096004486,19.2276413440704,1.78714275360107
0,1,"FSE","VIP","DESeq2",146,0.0286576747894287,408.298879146576,22.2654452323914,1.84356260299683
-0.00347598713492817,0,"rate_effect","PVALB","wisp",147,0.0274727344512939,411.141361951828,25.3585731983185,1.77027249336243
-0.729627596060087,-0.127054941374809,"rate_effect","SLC17A7","wisp",147,0.0304088592529297,414.141072034836,23.9539802074432,1.80440640449524
-0.0219704055997352,0,"rate_effect","TAC2","wisp",147,0.0287880897521973,408.969439744949,30.3737318515778,1.77948665618896
-0.109728163411383,-0.0126602827595518,"rate_effect","VIP","wisp",147,0.028679370880127,409.549560070038,22.5197160243988,1.75816679000854
-0.42250170240837,-0.33433564985171,"random_effect","replicate1","wisp",147,0.0275130271911621,403.635833740234,30.8150849342346,1.85015249252319
0.37033677983156,0.24112391890958,"random_effect","replicate2","wisp",147,0.0293619632720947,433.035242795944,27.7534692287445,1.79997277259827
-0.404152821436287,-0.332209770567715,"random_effect","replicate3","wisp",147,0.0276510715484619,418.054634571075,30.3133184909821,1.76283740997314
0.39916026823336,0.355778879951686,"random_effect","replicate4","wisp",147,0.0313279628753662,439.242620706558,24.6636564731598,1.80634546279907
0.948627131394183,0,"FSE","PVALB","wisp",147,0.0292425155639648,351.229082584381,27.6974363327026,1.83659362792969
0.100990471414243,1,"FSE","SLC17A7","wisp",147,0.0299062728881836,428.477724790573,27.0271451473236,1.79152250289917
1.45235707121364,0,"FSE","TAC2","wisp",147,0.028439998626709,400.481114149094,25.8864300251007,1.79541492462158
1.11420372227795,1,"FSE","VIP","wisp",147,0.895889282226562,416.329598903656,25.5795469284058,1.76463961601257
0.87559348546733,0,"SVG","PVALB","ELLA",147,0.0301418304443359,397.71418094635,28.2146577835083,1.78049683570862
0.948823093032146,1,"SVG","SLC17A7","ELLA",147,0.0305290222167969,413.912841081619,30.5826287269592,1.81949877738953
2.16579478612422e-06,0,"SVG","TAC2","ELLA",147,0.0295813083648682,405.915508031845,25.7490229606628,1.80578708648682
0.93184166512482,1,"SVG","VIP","ELLA",147,0.0276761054992676,401.609362363815,23.6494569778442,1.81292271614075
-0.789226592748903,0,"rate_effect","SLC17A7","DESeq2",147,0.0274889469146729,409.212975025177,25.6452651023865,1.82821798324585
0.0470791107058833,-0.127054941374809,"rate_effect","PVALB","DESeq2",147,0.0307917594909668,414.806458950043,29.2246925830841,1.80796146392822
0.0633791583062051,0,"rate_effect","TAC2","DESeq2",147,0.0279734134674072,423.394227981567,30.1006395816803,1.78223991394043
-0.034479540854901,-0.0126602827595518,"rate_effect","VIP","DESeq2",147,0.0319101810455322,426.406829357147,27.4714765548706,1.80058145523071
0,0,"FSE","SLC17A7","DESeq2",147,0.029646635055542,402.189610004425,27.126549243927,1.84013605117798
3.04915051117033e-06,1,"FSE","PVALB","DESeq2",147,0.0317471027374268,435.770930051804,27.0759134292603,1.74023652076721
5.24708861356408e-05,0,"FSE","TAC2","DESeq2",147,0.028592586517334,408.307660102844,29.5158882141113,1.77786779403687
0.0112795683303069,1,"FSE","VIP","DESeq2",147,0.0283982753753662,411.093592882156,27.4431064128876,1.73424339294434
-0.00556600618648996,0,"rate_effect","PVALB","wisp",148,0.0274736881256104,406.61597943306,31.6404249668121,1.80775022506714
-0.01311539581161,0,"rate_effect","SLC17A7","wisp",148,0.0311400890350342,408.279498338699,23.8222887516022,1.86932563781738
0.050803721674907,0,"rate_effect","TAC2","wisp",148,0.0311648845672607,409.458102464676,26.5550758838654,1.80131101608276
0.0159767592055412,0,"rate_effect","VIP","wisp",148,0.029813289642334,411.923641443253,23.8093945980072,1.76051712036133
0.298757635942946,0.37371574761346,"random_effect","replicate1","wisp",148,0.0329639911651611,405.545966625214,31.5916204452515,1.78944897651672
0.0523994660756798,0.0424538692459464,"random_effect","replicate2","wisp",148,0.0260028839111328,425.389599561691,24.1233968734741,1.78804445266724
-0.247636203829946,-0.119414810091257,"random_effect","replicate3","wisp",148,0.0357918739318848,398.119257926941,28.8584458827972,1.83746886253357
-0.230972183611498,-0.122822124278173,"random_effect","replicate4","wisp",148,0.0309436321258545,418.349713802338,35.2129671573639,1.8385636806488
1.20082695082695,0,"FSE","PVALB","wisp",148,0.0236492156982422,406.516528367996,25.677962064743,1.86991882324219
2.01310689310689,0,"FSE","SLC17A7","wisp",148,0.0269579887390137,425.068669080734,31.497305393219,1.86204314231873
1.08638583638584,0,"FSE","TAC2","wisp",148,0.0278401374816895,422.368977308273,21.9365797042847,1.84537696838379
1.91712287712288,0,"FSE","VIP","wisp",148,0.0262370109558105,430.461272001266,26.6901309490204,1.90605521202087
0.941489072214703,0,"SVG","PVALB","ELLA",148,0.0279896259307861,412.056294202805,28.827924489975,2.02909517288208
0.904826824119887,0,"SVG","SLC17A7","ELLA",148,0.0239815711975098,437.154964923859,21.9802222251892,1.92869520187378
2.44440756969055e-07,1,"SVG","TAC2","ELLA",148,0.0296258926391602,422.03987288475,33.1828806400299,1.90689778327942
0.924008715007667,0,"SVG","VIP","ELLA",148,0.0269100666046143,453.455007553101,24.2923212051392,1.84552454948425
-1.51645067110375e-05,0,"rate_effect","SLC17A7","DESeq2",148,0.0264310836791992,436.033627033234,27.4141705036163,1.84341669082642
-0.000140431065380669,0,"rate_effect","PVALB","DESeq2",148,0.030048131942749,416.873572587967,22.743204832077,1.89280819892883
-5.91205470614282e-06,0,"rate_effect","TAC2","DESeq2",148,0.026158332824707,418.94610118866,26.0069177150726,1.88708782196045
-1.48672400647435e-05,0,"rate_effect","VIP","DESeq2",148,0.02978515625,411.92558836937,23.0960333347321,1.92023396492004
0.930959110866081,0,"FSE","SLC17A7","DESeq2",148,0.0285301208496094,440.837086200714,25.1775932312012,1.9048330783844
0.930959110866081,0,"FSE","PVALB","DESeq2",148,0.0287730693817139,418.37282538414,26.0856287479401,2.60899710655212
0.930959110866081,0,"FSE","TAC2","DESeq2",148,0.0306224822998047,420.641088485718,27.347541809082,1.87631368637085
0.930959110866081,0,"FSE","VIP","DESeq2",148,0.0251264572143555,428.662610292435,21.5447599887848,1.84871196746826
-0.0562009768999915,0,"rate_effect","PVALB","wisp",149,0.0291104316711426,427.803039550781,30.6923115253448,1.89639258384705
-0.114314351725626,0,"rate_effect","SLC17A7","wisp",149,0.0312936305999756,424.708827018738,25.2575786113739,1.85999202728271
-0.0805335435397411,0,"rate_effect","TAC2","wisp",149,0.0281896591186523,432.656529903412,24.8084371089935,1.89901542663574
0.413462845356288,0.119756753789261,"rate_effect","VIP","wisp",149,0.031583309173584,427.925946950912,26.4291985034943,1.92317056655884
0.135790438368258,0.235799235058948,"random_effect","replicate1","wisp",149,0.0287032127380371,424.533989191055,32.605699300766,1.91907668113708
-0.443144988894305,-0.306143353227526,"random_effect","replicate2","wisp",149,0.0302207469940186,439.701268434525,32.080885887146,1.9224226474762
0.156544941296579,0.220997126307338,"random_effect","replicate3","wisp",149,0.0275440216064453,423.768881559372,22.7086806297302,1.91026425361633
0.252017306301846,0.432392559712753,"random_effect","replicate4","wisp",149,0.0284562110900879,418.428074121475,25.0440411567688,1.86522579193115
1.13177710843373,0,"FSE","PVALB","wisp",149,0.0321822166442871,423.145944595337,28.5050308704376,1.88742089271545
0.618473895582329,0,"FSE","SLC17A7","wisp",149,1.83389782905579,428.387951374054,27.2869317531586,1.97345232963562
0.429698385378248,0,"FSE","TAC2","wisp",149,0.029057502746582,342.884785890579,24.0696587562561,1.93395066261292
0.176157756024096,1,"FSE","VIP","wisp",149,0.0272171497344971,438.251104593277,21.7468342781067,1.89160752296448
0.792391216173458,1,"SVG","PVALB","ELLA",149,0.0269596576690674,421.046288967133,23.9341967105865,1.92022323608398
0.970262754647753,1,"SVG","SLC17A7","ELLA",149,0.0296871662139893,413.815036773682,29.3492894172668,1.99918484687805
3.66667314455338e-07,1,"SVG","TAC2","ELLA",149,0.0308065414428711,436.233450174332,30.0629839897156,1.94655609130859
7.33336892377867e-07,1,"SVG","VIP","ELLA",149,0.0267951488494873,437.389758586884,29.0803780555725,1.91891193389893
-0.00202672568640737,0,"rate_effect","SLC17A7","DESeq2",149,0.0312454700469971,421.801689386368,32.9749879837036,1.85251688957214
-0.000140667580657449,0,"rate_effect","PVALB","DESeq2",149,0.0282926559448242,412.800875425339,32.2108843326569,2.01232624053955
-0.0921027878181726,0,"rate_effect","TAC2","DESeq2",149,0.0285141468048096,415.758309602737,22.5008878707886,1.89890432357788
0.627284360109757,0.119756753789261,"rate_effect","VIP","DESeq2",149,0.0309028625488281,448.807687759399,27.4583051204681,2.57047271728516
0.946498824087555,0,"FSE","SLC17A7","DESeq2",149,0.0265467166900635,425.658793926239,26.1612327098846,1.99357652664185
0.979077595416208,0,"FSE","PVALB","DESeq2",149,0.0303549766540527,419.892758131027,27.2944993972778,1.90579128265381
8.16217856989902e-10,0,"FSE","TAC2","DESeq2",149,0.0257844924926758,423.843417406082,27.4935083389282,1.95272493362427
0,1,"FSE","VIP","DESeq2",149,0.0316722393035889,419.851747989655,33.067813873291,1.91422843933105
0.0576156447534664,0,"rate_effect","PVALB","wisp",150,0.0286879539489746,432.175387382507,25.0857548713684,1.89460062980652
-0.842234708803483,-0.198847589315847,"rate_effect","SLC17A7","wisp",150,0.02815842628479,433.26940369606,29.9820668697357,1.89951992034912
-0.00505618400979365,0,"rate_effect","TAC2","wisp",150,0.0281815528869629,422.863761901855,31.7035093307495,1.87914896011353
-0.0137612339158451,0,"rate_effect","VIP","wisp",150,0.0313327312469482,419.048016548157,28.450918674469,1.91853785514832
-0.197325008730943,0.413370807189494,"random_effect","replicate1","wisp",150,0.0285539627075195,428.176956653595,28.7329323291779,1.9428985118866
-0.118903165056933,0.139888525009155,"random_effect","replicate2","wisp",150,0.0334653854370117,448.894484519958,26.7565746307373,1.9282500743866
0.15189588531606,0.2792211859487,"random_effect","replicate3","wisp",150,0.0286557674407959,431.972440481186,31.2850565910339,1.88315010070801
0.10762745881161,0.249404213856906,"random_effect","replicate4","wisp",150,0.0300242900848389,424.963372707367,22.1425814628601,1.95683145523071
0.923482767232767,0,"FSE","PVALB","wisp",150,0.0302369594573975,418.386739492416,27.6639943122864,1.88131093978882
0.626560939060939,1,"FSE","SLC17A7","wisp",150,0.0300443172454834,421.28426527977,26.8966805934906,1.87866401672363
1.36313686313686,0,"FSE","TAC2","wisp",150,0.0321400165557861,442.835676431656,31.8027515411377,1.93642425537109
0.759537337662338,0,"FSE","VIP","wisp",150,0.0286946296691895,454.172886371613,20.994350194931,1.92745304107666
0.85234239744821,0,"SVG","PVALB","ELLA",150,0.0270276069641113,426.286192655563,29.4402439594269,1.9688024520874
0.825123722094909,1,"SVG","SLC17A7","ELLA",150,0.028942346572876,426.630576610565,26.7875216007233,1.85739088058472
0.89558553105685,0,"SVG","TAC2","ELLA",150,0.0292212963104248,403.239965200424,18.2296206951141,1.95345449447632
0.826300733579668,0,"SVG","VIP","ELLA",150,0.0291359424591064,437.543063640594,30.7751030921936,1.94943451881409
-1.45525844713867,0,"rate_effect","SLC17A7","DESeq2",150,0.0285475254058838,424.828949689865,29.1811516284943,1.91415333747864
0.0175612707212031,-0.198847589315847,"rate_effect","PVALB","DESeq2",150,0.0288188457489014,410.777765274048,29.7327396869659,1.89316058158875
0.00493131043038448,0,"rate_effect","TAC2","DESeq2",150,0.032414436340332,419.698316812515,29.1467514038086,1.89908075332642
0.0177849558733546,0,"rate_effect","VIP","DESeq2",150,0.0276556015014648,420.921313047409,29.8099269866943,1.88652443885803
0,0,"FSE","SLC17A7","DESeq2",150,0.0273778438568115,421.405151367188,26.7447578907013,1.91813373565674
0.0922187721307808,1,"FSE","PVALB","DESeq2",150,0.031156063079834,429.191378355026,28.5962595939636,1.9064519405365
0.700830912480339,0,"FSE","TAC2","DESeq2",150,0.0286152362823486,427.424861907959,26.4314243793488,1.93819808959961
0.157951181516173,0,"FSE","VIP","DESeq2",150,0.0281038284301758,418.824084997177,25.559473991394,2.10096716880798
-0.0570176358045479,0,"rate_effect","PVALB","wisp",151,0.0306472778320312,466.21201300621,29.5179445743561,1.95194005966187
-0.00423574916046433,0,"rate_effect","SLC17A7","wisp",151,0.0272939205169678,428.564567327499,28.1826069355011,1.93955206871033
-0.0513247681104689,0,"rate_effect","TAC2","wisp",151,0.0268537998199463,428.62980222702,28.0788650512695,1.86716628074646
-0.0982756530053488,0,"rate_effect","VIP","wisp",151,0.0316793918609619,433.665621757507,28.1941282749176,1.93836879730225
-0.188073489538898,-0.327787716174498,"random_effect","replicate1","wisp",151,0.03013014793396,428.914049386978,27.9392147064209,1.9660108089447
0.499270258228245,0.293539997888729,"random_effect","replicate2","wisp",151,0.0287206172943115,433.117321252823,28.3073542118073,1.88844609260559
0.364015402689995,-0.050097452942282,"random_effect","replicate3","wisp",151,0.0285968780517578,418.431674480438,33.0067012310028,1.91616630554199
-0.616275890466783,-0.473997829249129,"random_effect","replicate4","wisp",151,0.0298805236816406,434.249496936798,27.1291103363037,1.91533708572388
1.51507507507507,0,"FSE","PVALB","wisp",151,0.0283896923065186,421.070561885834,30.8779003620148,1.90010547637939
1.35647647647648,0,"FSE","SLC17A7","wisp",151,0.029975414276123,428.989985227585,23.9281105995178,1.94244980812073
0.497177177177177,0,"FSE","TAC2","wisp",151,0.0299692153930664,457.875961065292,31.8868365287781,1.89758825302124
0.499562062062062,0,"FSE","VIP","wisp",151,0.02939772605896,417.147555589676,23.9216980934143,1.87791299819946
0.793116118289728,1,"SVG","PVALB","ELLA",151,0.0280909538269043,416.846960306168,27.8313653469086,1.94330286979675
0.869982297133662,0,"SVG","SLC17A7","ELLA",151,0.0304865837097168,344.447868108749,27.1202914714813,1.91046500205994
5.38291012042169e-07,1,"SVG","TAC2","ELLA",151,0.029170036315918,439.159169435501,28.2010991573334,1.95590901374817
2.20004346312974e-06,1,"SVG","VIP","ELLA",151,0.0297019481658936,437.935654640198,30.1933093070984,1.91210222244263
0.0115754379021689,0,"rate_effect","SLC17A7","DESeq2",151,0.027332067489624,424.346310138702,25.7669529914856,1.95130276679993
-0.000104503681100779,0,"rate_effect","PVALB","DESeq2",151,0.0291640758514404,437.639401674271,30.6169512271881,1.97665858268738
0.0229917518534222,0,"rate_effect","TAC2","DESeq2",151,0.0300407409667969,426.175881147385,30.7624077796936,1.87547874450684
-0.0750609892289383,0,"rate_effect","VIP","DESeq2",151,0.0379784107208252,431.229801654816,21.6975998878479,1.9074375629425
0.384135816747332,0,"FSE","SLC17A7","DESeq2",151,0.0266921520233154,428.557741880417,22.2550806999207,1.90938234329224
0.992859933994956,0,"FSE","PVALB","DESeq2",151,0.0271389484405518,437.074442386627,26.5238418579102,1.91658329963684
0.247388450040945,0,"FSE","TAC2","DESeq2",151,0.0304219722747803,437.910945653915,22.326967716217,1.87165641784668
0.00112613622186094,0,"FSE","VIP","DESeq2",151,0.0298922061920166,438.342940330505,27.465437412262,1.94656467437744
-1.95916448724176,-0.388467541430146,"rate_effect","PVALB","wisp",152,0.0309114456176758,435.115567207336,31.1347949504852,1.98431396484375
0.040073425310829,0,"rate_effect","SLC17A7","wisp",152,0.0306754112243652,438.493384361267,28.8851320743561,1.9389660358429
0.718654170789724,0.271319922758266,"rate_effect","TAC2","wisp",152,0.0304248332977295,448.30394411087,32.6194403171539,1.90953707695007
0.15542094833975,0.0253103221766651,"rate_effect","VIP","wisp",152,0.0324821472167969,415.358382225037,32.2989933490753,1.89722228050232
-0.757014169957047,-0.486325407633558,"random_effect","replicate1","wisp",152,0.0308408737182617,436.328069925308,27.416788816452,1.91525959968567
0.403605296992511,0.258657401660457,"random_effect","replicate2","wisp",152,0.0313224792480469,427.341772556305,28.5475046634674,1.95126700401306
0.375712509953955,0.166714353254065,"random_effect","replicate3","wisp",152,0.0268018245697021,431.519038438797,28.7881174087524,1.92720103263855
0.394117602804959,0.220275132218376,"random_effect","replicate4","wisp",152,0.0292632579803467,428.10148024559,30.4223482608795,1.970871925354
0,1,"FSE","PVALB","wisp",152,0.0282788276672363,405.253556966782,25.0135204792023,2.00466966629028
0.586128157556729,0,"FSE","SLC17A7","wisp",152,0.0284509658813477,431.580227851868,27.9698166847229,1.89975738525391
0.0125874125874125,1,"FSE","TAC2","wisp",152,0.0286874771118164,430.834863185883,27.7004799842834,1.89838004112244
0.233627483627484,1,"FSE","VIP","wisp",152,0.0305662155151367,442.693529844284,26.6938269138336,1.96454334259033
0.921712960550807,1,"SVG","PVALB","ELLA",152,0.02779221534729,451.127518415451,26.0369720458984,1.90947294235229
0.985646133324932,0,"SVG","SLC17A7","ELLA",152,0.0288090705871582,419.77030134201,25.7107317447662,1.97353386878967
5.50010766431352e-07,1,"SVG","TAC2","ELLA",152,0.0304677486419678,425.153422117233,24.997104883194,1.92307567596436
2.20005400919376e-06,1,"SVG","VIP","ELLA",152,0.0301992893218994,437.201149463654,31.2977366447449,1.96999192237854
-0.102413879290519,-0.388467541430146,"rate_effect","SLC17A7","DESeq2",152,0.0317413806915283,419.524928569794,21.2905933856964,1.96289253234863
-4.39768154075735,0,"rate_effect","PVALB","DESeq2",152,0.0284855365753174,446.937193155289,28.4970102310181,1.91163372993469
1.17717330868315,0.271319922758266,"rate_effect","TAC2","DESeq2",152,0.0274665355682373,444.712888479233,23.9891443252563,1.87488484382629
0.0868064691896287,0.0253103221766651,"rate_effect","VIP","DESeq2",152,0.0323386192321777,417.759402275085,25.2549314498901,1.89371967315674
4.45170727979842e-08,1,"FSE","SLC17A7","DESeq2",152,0.0282852649688721,416.854083061218,30.6044044494629,1.92660236358643
0,0,"FSE","PVALB","DESeq2",152,0.0322670936584473,421.5183634758,31.4342231750488,1.93913173675537
0,1,"FSE","TAC2","DESeq2",152,0.0289487838745117,448.733220338821,26.4758231639862,1.96097540855408
1.45168903722078e-05,1,"FSE","VIP","DESeq2",152,0.0280981063842773,427.417523622513,30.1986346244812,1.98125243186951
-0.0256553232991979,-0.0146860061213374,"rate_effect","PVALB","wisp",153,0.0323467254638672,453.860027313232,30.1176075935364,1.94006776809692
-0.0123034386926896,0,"rate_effect","SLC17A7","wisp",153,0.0279364585876465,419.111906051636,30.3025121688843,1.82835912704468
0.0329537974616201,0,"rate_effect","TAC2","wisp",153,0.0278191566467285,422.150298118591,25.0138621330261,1.9052460193634
0.701490689326965,0.235417413525283,"rate_effect","VIP","wisp",153,0.975653648376465,431.828337192535,27.9934065341949,1.96088552474976
0.429139653773588,0.320373754715547,"random_effect","replicate1","wisp",153,0.0273873805999756,417.86593914032,26.1573016643524,1.92815375328064
-0.290584656140911,-0.291666823206469,"random_effect","replicate2","wisp",153,0.0301876068115234,421.714729070663,36.1966271400452,1.85416579246521
-0.420071298129796,-0.366726058535278,"random_effect","replicate3","wisp",153,0.966925382614136,423.18149805069,28.2153370380402,1.94660639762878
0.228667481079044,-0.0926981610246003,"random_effect","replicate4","wisp",153,0.959918260574341,411.49706864357,21.0312209129333,1.96745443344116
0.594833333333333,1,"FSE","PVALB","wisp",153,0.0286843776702881,424.162430047989,28.4714119434357,1.95679402351379
1.0078125,0,"FSE","SLC17A7","wisp",153,0.0275018215179443,424.953616142273,28.753488779068,1.89107203483582
0.93130612244898,0,"FSE","TAC2","wisp",153,0.0303053855895996,413.682648897171,32.5513451099396,1.86874127388
0.137555555555556,1,"FSE","VIP","wisp",153,0.0296225547790527,418.972558736801,22.28346991539,1.91441702842712
0.883644941830151,1,"SVG","PVALB","ELLA",153,0.0314235687255859,439.402960062027,22.7104434967041,2.06456971168518
0.915994941667438,0,"SVG","SLC17A7","ELLA",153,0.0252742767333984,437.390397071838,23.8163566589355,1.89545559883118
0.00249659702446237,0,"SVG","TAC2","ELLA",153,0.0300617218017578,435.108697414398,30.1848514080048,1.95747828483582
2.2000914003395e-06,1,"SVG","VIP","ELLA",153,0.0281143188476562,417.028471469879,30.4718544483185,1.9316611289978
-0.000516636055007755,-0.0146860061213374,"rate_effect","SLC17A7","DESeq2",153,0.0322134494781494,428.645718336105,24.1389372348785,1.9397451877594
-0.129191261992233,0,"rate_effect","PVALB","DESeq2",153,0.0293436050415039,437.016592979431,28.5908098220825,2.00542783737183
0.00420392159217174,0,"rate_effect","TAC2","DESeq2",153,0.0281786918640137,436.223310709,33.0396196842194,1.87908291816711
1.08852871786292,0.235417413525283,"rate_effect","VIP","DESeq2",153,0.0291585922241211,432.003209590912,25.8684644699097,1.98139333724976
0.936415745870926,1,"FSE","SLC17A7","DESeq2",153,0.0310695171356201,421.0782122612,30.3165369033813,1.92700958251953
5.39065355284536e-24,0,"FSE","PVALB","DESeq2",153,0.0277640819549561,416.96134018898,25.3891241550446,1.93578004837036
0.936415745870926,0,"FSE","TAC2","DESeq2",153,0.0296456813812256,423.063416242599,22.6420071125031,1.89431571960449
0,1,"FSE","VIP","DESeq2",153,0.0282070636749268,430.799074888229,28.9197087287903,2.02877569198608
0.81314518105967,0.271825750591233,"rate_effect","PVALB","wisp",154,0.028740406036377,411.27406167984,27.1586208343506,1.95289063453674
-0.00162436346270166,0,"rate_effect","SLC17A7","wisp",154,0.0296759605407715,424.28426527977,28.5306944847107,1.97954940795898
0.0030710821239796,0,"rate_effect","TAC2","wisp",154,0.0315585136413574,424.110975265503,25.9745590686798,1.83040857315063
-0.220818238172048,-0.0527929051313549,"rate_effect","VIP","wisp",154,0.0303142070770264,426.358679771423,27.514014005661,1.85209774971008
0.142018674024228,0.41457495931536,"random_effect","replicate1","wisp",154,0.0279641151428223,422.353990077972,28.4563901424408,1.88063788414001
-0.11043951666708,0.23833620082587,"random_effect","replicate2","wisp",154,0.029841423034668,455.733216524124,28.087949514389,1.87526679039001
-0.148311583110513,0.180404047714546,"random_effect","replicate3","wisp",154,0.0290489196777344,428.638993501663,24.4395961761475,1.97462296485901
-0.0003578467198662,0.412696631392464,"random_effect","replicate4","wisp",154,0.0295510292053223,423.189258098602,21.3554708957672,1.91519999504089
0,1,"FSE","PVALB","wisp",154,0.0303323268890381,446.011021852493,29.9634885787964,1.95551204681396
1.21604925686558,0,"FSE","SLC17A7","wisp",154,0.0277292728424072,425.692224502563,29.5691344738007,1.90439701080322
1.52480172888336,0,"FSE","TAC2","wisp",154,0.935065746307373,409.268024206161,26.510181427002,1.97003269195557
0.236201298701299,1,"FSE","VIP","wisp",154,0.0277588367462158,420.036387681961,27.1086444854736,1.88512778282166
0.954064962256201,1,"SVG","PVALB","ELLA",154,0.028433084487915,435.003904342651,22.8738830089569,1.87973070144653
0.969820248722844,0,"SVG","SLC17A7","ELLA",154,0.0291740894317627,422.846745491028,27.8921658992767,1.93611168861389
0.86306063911842,0,"SVG","TAC2","ELLA",154,0.0325593948364258,422.382641553879,32.2758796215057,1.92639994621277
0.917193345343244,1,"SVG","VIP","ELLA",154,0.0299866199493408,450.483470439911,27.4053957462311,1.90693759918213
0.000871089867230643,0.271825750591233,"rate_effect","SLC17A7","DESeq2",154,0.0297629833221436,434.546971559525,23.7330112457275,1.87679743766785
1.27737292927176,0,"rate_effect","PVALB","DESeq2",154,0.0338435173034668,436.816553592682,29.0492534637451,1.95362281799316
-0.000842306102581411,0,"rate_effect","TAC2","DESeq2",154,0.027367115020752,422.633439302444,21.7879257202148,2.01387763023376
-0.326398696345037,-0.0527929051313549,"rate_effect","VIP","DESeq2",154,0.0304765701293945,341.904124975204,28.1543152332306,1.86765432357788
0.927752569968137,1,"FSE","SLC17A7","DESeq2",154,0.0292367935180664,428.609116077423,25.2551717758179,1.91724061965942
0,0,"FSE","PVALB","DESeq2",154,0.0310986042022705,444.368892192841,30.7688519954681,1.91700601577759
0.927752569968137,0,"FSE","TAC2","DESeq2",154,0.0286846160888672,433.176414728165,25.6008260250092,2.11447739601135
1.51135328986623e-166,1,"FSE","VIP","DESeq2",154,0.0247077941894531,429.265485286713,29.3011937141418,1.89909911155701
1.59827057010437,0.426568279275671,"rate_effect","PVALB","wisp",155,0.0279552936553955,442.510897397995,34.6902959346771,1.89492797851562
1.0152760840855,0.351324219955131,"rate_effect","SLC17A7","wisp",155,0.0318880081176758,434.701031208038,26.0515778064728,1.92224431037903
0.0515032383619451,0,"rate_effect","TAC2","wisp",155,0.0304415225982666,438.606535673141,24.8661851882935,1.91352796554565
0.0358472700443716,0,"rate_effect","VIP","wisp",155,0.032750129699707,438.608156204224,26.6019434928894,1.87204194068909
0.107248670397615,0.0624186142813414,"random_effect","replicate1","wisp",155,0.0291445255279541,421.407907009125,22.5907454490662,1.87196683883667
0.0879188758993631,0.0544167985208333,"random_effect","replicate2","wisp",155,0.961971044540405,427.296780824661,28.2648706436157,1.92194104194641
-0.361721892102658,-0.261878479504958,"random_effect","replicate3","wisp",155,0.0310268402099609,433.440595388412,28.0865998268127,1.92976903915405
0.300094604980381,0.386993151390925,"random_effect","replicate4","wisp",155,0.0276010036468506,448.544350624084,28.3334722518921,1.90699672698975
0,1,"FSE","PVALB","wisp",155,0.033125638961792,437.187759637833,25.8857131004333,1.94445037841797
0.106213786213786,1,"FSE","SLC17A7","wisp",155,0.0310487747192383,416.92185997963,34.7796940803528,1.96136689186096
0.335224775224775,0,"FSE","TAC2","wisp",155,0.0298552513122559,429.006608963013,28.0748641490936,1.91984724998474
0.597964535464535,0,"FSE","VIP","wisp",155,0.027881383895874,427.94335269928,29.6661524772644,1.91626119613647
0.916528806327856,1,"SVG","PVALB","ELLA",155,0.0307164192199707,431.815202474594,29.9965281486511,1.88038921356201
0.770749768921534,1,"SVG","SLC17A7","ELLA",155,0.031790018081665,415.090425491333,28.7477598190308,1.97158217430115
1.09996891534125e-06,1,"SVG","TAC2","ELLA",155,0.961175680160522,446.45299243927,25.8177356719971,1.91986060142517
3.14285942992765e-07,1,"SVG","VIP","ELLA",155,0.0292866230010986,468.735806465149,25.6810131072998,1.88051891326904
0.746098980164968,0.426568279275671,"rate_effect","SLC17A7","DESeq2",155,0.0333788394927979,430.931964159012,27.3349032402039,1.9478747844696
0.986273566918531,0.351324219955131,"rate_effect","PVALB","DESeq2",155,0.0313360691070557,430.072258234024,32.5169382095337,1.92294645309448
-0.746234931814724,0,"rate_effect","TAC2","DESeq2",155,0.0320706367492676,410.121573209763,23.7532002925873,1.94743466377258
-0.789161146995945,0,"rate_effect","VIP","DESeq2",155,0.0284214019775391,455.047101974487,29.9072344303131,1.901535987854
0,1,"FSE","SLC17A7","DESeq2",155,0.0273256301879883,418.158571958542,29.1062133312225,1.88763666152954
0,1,"FSE","PVALB","DESeq2",155,0.0296573638916016,428.122677564621,30.82168841362,1.92050409317017
0,0,"FSE","TAC2","DESeq2",155,0.0289463996887207,427.728178977966,32.8114042282104,1.94097876548767
0,0,"FSE","VIP","DESeq2",155,0.0289764404296875,423.737015485764,28.5979809761047,1.92490077018738
-0.0544446819096585,0,"rate_effect","PVALB","wisp",156,0.0297586917877197,456.613583087921,28.417432308197,1.88906669616699
-0.00659150218926201,0,"rate_effect","SLC17A7","wisp",156,0.0328109264373779,420.884456634521,22.5742952823639,2.0883207321167
0.00840247252862672,0,"rate_effect","TAC2","wisp",156,0.0276672840118408,424.830772399902,28.9470098018646,1.93059301376343
-0.17285596242596,0,"rate_effect","VIP","wisp",156,0.0286664962768555,437.511374950409,26.4271965026855,2.01169347763062
0.546638976802758,0.0290863707195967,"random_effect","replicate1","wisp",156,0.0293729305267334,464.370765447617,28.4331409931183,1.92028284072876
-0.267588971297889,-0.390162099385634,"random_effect","replicate2","wisp",156,0.0321409702301025,403.638920783997,24.1360626220703,1.98838710784912
-0.671448649159898,-0.484609833918512,"random_effect","replicate3","wisp",156,0.0281195640563965,414.873692512512,23.5046339035034,1.91408538818359
0.384437873762327,-0.222653408301994,"random_effect","replicate4","wisp",156,0.963593482971191,429.04301905632,34.2810742855072,1.96899151802063
0.613906093906094,0,"FSE","PVALB","wisp",156,1.88674259185791,417.523854017258,26.3215594291687,1.88364768028259
0.933004495504496,0,"FSE","SLC17A7","wisp",156,0.0296945571899414,421.218112707138,27.146746635437,1.96816301345825
0.828891108891109,0,"FSE","TAC2","wisp",156,0.0303440093994141,441.318182468414,32.5797770023346,1.93074917793274
0.452991452991453,0,"FSE","VIP","wisp",156,0.0316970348358154,431.787833929062,26.038455247879,1.94249320030212
0.806164420973874,1,"SVG","PVALB","ELLA",156,0.0272305011749268,441.372266292572,32.3179461956024,1.85554122924805
0.748433946947252,1,"SVG","SLC17A7","ELLA",156,0.0315840244293213,424.107073545456,30.2552561759949,1.88771200180054
0.950637395387026,0,"SVG","TAC2","ELLA",156,0.0327708721160889,420.323094844818,23.4643216133118,1.9144229888916
0.875635119743231,0,"SVG","VIP","ELLA",156,0.0276579856872559,448.618867874146,29.8870091438293,1.93364334106445
1.90737035997177e-05,0,"rate_effect","SLC17A7","DESeq2",156,0.031425952911377,375.935034036636,27.1698169708252,1.93180441856384
2.37381797355747e-05,0,"rate_effect","PVALB","DESeq2",156,0.0269701480865479,429.70928645134,31.0543217658997,2.00865888595581
3.09465549237107e-05,0,"rate_effect","TAC2","DESeq2",156,0.0327162742614746,437.831256628036,29.3419151306152,1.91435265541077
-7.34920827090949e-05,0,"rate_effect","VIP","DESeq2",156,0.0288233757019043,431.461276769638,29.5254518985748,1.95789742469788
0.653306236140941,0,"FSE","SLC17A7","DESeq2",156,0.028160572052002,427.493983983994,24.4479246139526,1.92510008811951
0.786263427519551,0,"FSE","PVALB","DESeq2",156,0.0265765190124512,465.420249700546,23.41534948349,1.87832069396973
0.653306236140941,0,"FSE","TAC2","DESeq2",156,0.0311448574066162,435.724847555161,25.2409904003143,1.97131896018982
0.653306236140941,0,"FSE","VIP","DESeq2",156,0.0287723541259766,426.489372253418,30.498678445816,1.91572141647339
-0.00948215642445512,0,"rate_effect","PVALB","wisp",157,0.028050422668457,433.407697439194,24.0474677085876,1.89630961418152
0.102190893608403,0,"rate_effect","SLC17A7","wisp",157,0.0294380187988281,417.568301677704,26.5134179592133,1.9169909954071
0.0361566753545469,0,"rate_effect","TAC2","wisp",157,0.0276269912719727,419.191938638687,32.9697706699371,1.88022470474243
-0.00798044051331081,0,"rate_effect","VIP","wisp",157,0.0316841602325439,430.204669237137,25.8227248191833,1.93337726593018
0.418137278051485,0.230107495095581,"random_effect","replicate1","wisp",157,0.0281548500061035,423.383732318878,27.5879828929901,2.00009894371033
0.282307521023448,-0.0315422515850514,"random_effect","replicate2","wisp",157,0.950234889984131,433.018593549728,25.3655872344971,1.8637535572052
0.398661875062416,0.18075975170359,"random_effect","replicate3","wisp",157,0.0335521697998047,425.685601949692,28.7269361019135,1.95883941650391
-0.724484855941088,-0.463433177443221,"random_effect","replicate4","wisp",157,0.0294747352600098,421.638487815857,30.5206129550934,1.83303546905518
1.52979020979021,0,"FSE","PVALB","wisp",157,0.0276050567626953,403.932096004486,19.2276413440704,1.78714275360107
0.402332042957043,0,"FSE","SLC17A7","wisp",157,0.0286576747894287,408.298879146576,22.2654452323914,1.84356260299683
1.23328671328671,0,"FSE","TAC2","wisp",157,0.0274727344512939,411.141361951828,25.3585731983185,1.77027249336243
1.33036408036408,0,"FSE","VIP","wisp",157,0.0304088592529297,414.141072034836,23.9539802074432,1.80440640449524
0.890272684950272,0,"SVG","PVALB","ELLA",157,0.0287880897521973,408.969439744949,30.3737318515778,1.77948665618896
0.851629206666223,1,"SVG","SLC17A7","ELLA",157,0.028679370880127,409.549560070038,22.5197160243988,1.75816679000854
0.848731916994844,0,"SVG","TAC2","ELLA",157,0.0275130271911621,403.635833740234,30.8150849342346,1.85015249252319
0.832081464975121,0,"SVG","VIP","ELLA",157,0.0293619632720947,433.035242795944,27.7534692287445,1.79997277259827
0.00046404259037513,0,"rate_effect","SLC17A7","DESeq2",157,0.0276510715484619,418.054634571075,30.3133184909821,1.76283740997314
3.08206534192737e-06,0,"rate_effect","PVALB","DESeq2",157,0.0313279628753662,439.242620706558,24.6636564731598,1.80634546279907
0.000102481877136744,0,"rate_effect","TAC2","DESeq2",157,0.0292425155639648,351.229082584381,27.6974363327026,1.83659362792969
1.49479162598134e-05,0,"rate_effect","VIP","DESeq2",157,0.0299062728881836,428.477724790573,27.0271451473236,1.79152250289917
0.972726088440263,0,"FSE","SLC17A7","DESeq2",157,0.028439998626709,400.481114149094,25.8864300251007,1.79541492462158
0.972726088440263,0,"FSE","PVALB","DESeq2",157,0.895889282226562,416.329598903656,25.5795469284058,1.76463961601257
0.972726088440263,0,"FSE","TAC2","DESeq2",157,0.0301418304443359,397.71418094635,28.2146577835083,1.78049683570862
0.972726088440263,0,"FSE","VIP","DESeq2",157,0.0305290222167969,413.912841081619,30.5826287269592,1.81949877738953
0.00272688009691787,0,"rate_effect","PVALB","wisp",158,0.0295813083648682,405.915508031845,25.7490229606628,1.80578708648682
-0.0986271499354062,0,"rate_effect","SLC17A7","wisp",158,0.0276761054992676,401.609362363815,23.6494569778442,1.81292271614075
0.0163049234739884,0,"rate_effect","TAC2","wisp",158,0.0274889469146729,409.212975025177,25.6452651023865,1.82821798324585
-0.0129934119279728,0,"rate_effect","VIP","wisp",158,0.0307917594909668,414.806458950043,29.2246925830841,1.80796146392822
-0.348923028394733,-0.153169370954856,"random_effect","replicate1","wisp",158,0.0279734134674072,423.394227981567,30.1006395816803,1.78223991394043
0.256101676784023,0.373110204935074,"random_effect","replicate2","wisp",158,0.0319101810455322,426.406829357147,27.4714765548706,1.80058145523071
0.249186174920374,0.398153035435826,"random_effect","replicate3","wisp",158,0.029646635055542,402.189610004425,27.126549243927,1.84013605117798
-0.145475742620542,0.0812567144166678,"random_effect","replicate4","wisp",158,0.0317471027374268,435.770930051804,27.0759134292603,1.74023652076721
2.63124875124875,0,"FSE","PVALB","wisp",158,0.028592586517334,408.307660102844,29.5158882141113,1.77786779403687
1.57922077922078,0,"FSE","SLC17A7","wisp",158,0.0283982753753662,411.093592882156,27.4431064128876,1.73424339294434
1.26489836693918,0,"FSE","TAC2","wisp",158,0.0274736881256104,406.61597943306,31.6404249668121,1.80775022506714
1.50673326673327,0,"FSE","VIP","wisp",158,0.0311400890350342,408.279498338699,23.8222887516022,1.86932563781738
0.879464852185252,0,"SVG","PVALB","ELLA",158,0.0311648845672607,409.458102464676,26.5550758838654,1.80131101608276
0.855269899609971,1,"SVG","SLC17A7","ELLA",158,0.029813289642334,411.923641443253,23.8093945980072,1.76051712036133
0.954122766457575,0,"SVG","TAC2","ELLA",158,0.0329639911651611,405.545966625214,31.5916204452515,1.78944897651672
0.896156933722448,0,"SVG","VIP","ELLA",158,0.0260028839111328,425.389599561691,24.1233968734741,1.78804445266724
-0.000859948286854074,0,"rate_effect","SLC17A7","DESeq2",158,0.0357918739318848,398.119257926941,28.8584458827972,1.83746886253357
-0.000191965500310442,0,"rate_effect","PVALB","DESeq2",158,0.0309436321258545,418.349713802338,35.2129671573639,1.8385636806488
-5.61709071499301e-05,0,"rate_effect","TAC2","DESeq2",158,0.0236492156982422,406.516528367996,25.677962064743,1.86991882324219
0.000120624044291598,0,"rate_effect","VIP","DESeq2",158,0.0269579887390137,425.068669080734,31.497305393219,1.86204314231873
0.347031154925869,0,"FSE","SLC17A7","DESeq2",158,0.0278401374816895,422.368977308273,21.9365797042847,1.84537696838379
0.866478996931005,0,"FSE","PVALB","DESeq2",158,0.0262370109558105,430.461272001266,26.6901309490204,1.90605521202087
0.866478996931005,0,"FSE","TAC2","DESeq2",158,0.0279896259307861,412.056294202805,28.827924489975,2.02909517288208
0.866478996931005,0,"FSE","VIP","DESeq2",158,0.0239815711975098,437.154964923859,21.9802222251892,1.92869520187378
-0.0150445108428546,0,"rate_effect","PVALB","wisp",159,0.0296258926391602,422.03987288475,33.1828806400299,1.90689778327942
-0.504696141849948,-0.149622354889289,"rate_effect","SLC17A7","wisp",159,0.0269100666046143,453.455007553101,24.2923212051392,1.84552454948425
-0.117734701850887,0.01234753829798,"rate_effect","TAC2","wisp",159,0.0264310836791992,436.033627033234,27.4141705036163,1.84341669082642
0.0161627251930159,0,"rate_effect","VIP","wisp",159,0.030048131942749,416.873572587967,22.743204832077,1.89280819892883
0.19848926329706,0.193700611125678,"random_effect","replicate1","wisp",159,0.026158332824707,418.94610118866,26.0069177150726,1.88708782196045
-0.37109313853643,-0.210953384172171,"random_effect","replicate2","wisp",159,0.02978515625,411.92558836937,23.0960333347321,1.92023396492004
0.308711209371602,0.466414191294461,"random_effect","replicate3","wisp",159,0.0285301208496094,440.837086200714,25.1775932312012,1.9048330783844
-0.0860135478556286,0.0298457271419466,"random_effect","replicate4","wisp",159,0.0287730693817139,418.37282538414,26.0856287479401,2.60899710655212
1.03045933658179,0,"FSE","PVALB","wisp",159,0.0306224822998047,420.641088485718,27.347541809082,1.87631368637085
0.557692307692308,1,"FSE","SLC17A7","wisp",159,0.0251264572143555,428.662610292435,21.5447599887848,1.84871196746826
1.01882117882118,1,"FSE","TAC2","wisp",159,0.0291104316711426,427.803039550781,30.6923115253448,1.89639258384705
1.07896103896104,0,"FSE","VIP","wisp",159,0.0312936305999756,424.708827018738,25.2575786113739,1.85999202728271
0.849979941329836,0,"SVG","PVALB","ELLA",159,0.0281896591186523,432.656529903412,24.8084371089935,1.89901542663574
0.895819455521245,1,"SVG","SLC17A7","ELLA",159,0.031583309173584,427.925946950912,26.4291985034943,1.92317056655884
7.33334347413628e-07,1,"SVG","TAC2","ELLA",159,0.0287032127380371,424.533989191055,32.605699300766,1.91907668113708
0.910548994263198,0,"SVG","VIP","ELLA",159,0.0302207469940186,439.701268434525,32.080885887146,1.9224226474762
-1.02105209399884,0,"rate_effect","SLC17A7","DESeq2",159,0.0275440216064453,423.768881559372,22.7086806297302,1.91026425361633
0.00319117583506442,-0.149622354889289,"rate_effect","PVALB","DESeq2",159,0.0284562110900879,418.428074121475,25.0440411567688,1.86522579193115
0.0435635651620547,0.01234753829798,"rate_effect","TAC2","DESeq2",159,0.0321822166442871,423.145944595337,28.5050308704376,1.88742089271545
-0.000215626866754845,0,"rate_effect","VIP","DESeq2",159,1.83389782905579,428.387951374054,27.2869317531586,1.97345232963562
0,0,"FSE","SLC17A7","DESeq2",159,0.029057502746582,342.884785890579,24.0696587562561,1.93395066261292
0.93971693047814,1,"FSE","PVALB","DESeq2",159,0.0272171497344971,438.251104593277,21.7468342781067,1.89160752296448
0.00170601177538092,1,"FSE","TAC2","DESeq2",159,0.0269596576690674,421.046288967133,23.9341967105865,1.92022323608398
0.983917631549691,0,"FSE","VIP","DESeq2",159,0.0296871662139893,413.815036773682,29.3492894172668,1.99918484687805
0.00467467041188255,0,"rate_effect","PVALB","wisp",160,0.0308065414428711,436.233450174332,30.0629839897156,1.94655609130859
-0.0164867613718332,0,"rate_effect","SLC17A7","wisp",160,0.0267951488494873,437.389758586884,29.0803780555725,1.91891193389893
0.0819302934849031,0,"rate_effect","TAC2","wisp",160,0.0312454700469971,421.801689386368,32.9749879837036,1.85251688957214
-0.0111258503978424,0,"rate_effect","VIP","wisp",160,0.0282926559448242,412.800875425339,32.2108843326569,2.01232624053955
-0.17636490553901,-0.31459023617208,"random_effect","replicate1","wisp",160,0.0285141468048096,415.758309602737,22.5008878707886,1.89890432357788
0.382173328466216,-0.115380090428516,"random_effect","replicate2","wisp",160,0.0309028625488281,448.807687759399,27.4583051204681,2.57047271728516
0.159727436482742,-0.269490822451189,"random_effect","replicate3","wisp",160,0.0265467166900635,425.658793926239,26.1612327098846,1.99357652664185
-0.421296737596424,-0.39479848719202,"random_effect","replicate4","wisp",160,0.0303549766540527,419.892758131027,27.2944993972778,1.90579128265381
0.890546953046953,0,"FSE","PVALB","wisp",160,0.0257844924926758,423.843417406082,27.4935083389282,1.95272493362427
0.724275724275724,0,"FSE","SLC17A7","wisp",160,0.0316722393035889,419.851747989655,33.067813873291,1.91422843933105
0.768951048951049,0,"FSE","TAC2","wisp",160,0.0286879539489746,432.175387382507,25.0857548713684,1.89460062980652
1.33362637362637,0,"FSE","VIP","wisp",160,0.02815842628479,433.26940369606,29.9820668697357,1.89951992034912
0.840047683871392,0,"SVG","PVALB","ELLA",160,0.0281815528869629,422.863761901855,31.7035093307495,1.87914896011353
0.929636360090379,1,"SVG","SLC17A7","ELLA",160,0.0313327312469482,419.048016548157,28.450918674469,1.91853785514832
0.860716501130776,0,"SVG","TAC2","ELLA",160,0.0285539627075195,428.176956653595,28.7329323291779,1.9428985118866
0.901387201781283,0,"SVG","VIP","ELLA",160,0.0334653854370117,448.894484519958,26.7565746307373,1.9282500743866
-0.000113044308836604,0,"rate_effect","SLC17A7","DESeq2",160,0.0286557674407959,431.972440481186,31.2850565910339,1.88315010070801
-7.52502033279581e-05,0,"rate_effect","PVALB","DESeq2",160,0.0300242900848389,424.963372707367,22.1425814628601,1.95683145523071
-5.40302866589449e-05,0,"rate_effect","TAC2","DESeq2",160,0.0302369594573975,418.386739492416,27.6639943122864,1.88131093978882
-0.000123450319792875,0,"rate_effect","VIP","DESeq2",160,0.0300443172454834,421.28426527977,26.8966805934906,1.87866401672363
0.762712485407801,0,"FSE","SLC17A7","DESeq2",160,0.0321400165557861,442.835676431656,31.8027515411377,1.93642425537109
0.762712485407801,0,"FSE","PVALB","DESeq2",160,0.0286946296691895,454.172886371613,20.994350194931,1.92745304107666
0.762712485407801,0,"FSE","TAC2","DESeq2",160,0.0270276069641113,426.286192655563,29.4402439594269,1.9688024520874
0.762712485407801,0,"FSE","VIP","DESeq2",160,0.028942346572876,426.630576610565,26.7875216007233,1.85739088058472
0.202450153452663,0,"rate_effect","PVALB","wisp",161,0.0292212963104248,403.239965200424,18.2296206951141,1.95345449447632
-0.00933491091651709,0,"rate_effect","SLC17A7","wisp",161,0.0291359424591064,437.543063640594,30.7751030921936,1.94943451881409
0.0883881005320536,0,"rate_effect","TAC2","wisp",161,0.0285475254058838,424.828949689865,29.1811516284943,1.91415333747864
0.128499014847252,0,"rate_effect","VIP","wisp",161,0.0288188457489014,410.777765274048,29.7327396869659,1.89316058158875
0.193967486818572,-0.204206319525838,"random_effect","replicate1","wisp",161,0.032414436340332,419.698316812515,29.1467514038086,1.89908075332642
-0.469903280919812,-0.418164907721803,"random_effect","replicate2","wisp",161,0.0276556015014648,420.921313047409,29.8099269866943,1.88652443885803
0.138973361751378,-0.224484590580687,"random_effect","replicate3","wisp",161,0.0273778438568115,421.405151367188,26.7447578907013,1.91813373565674
0.365225800447283,0.00860163918696344,"random_effect","replicate4","wisp",161,0.031156063079834,429.191378355026,28.5962595939636,1.9064519405365
0.37289241370874,0,"FSE","PVALB","wisp",161,0.0286152362823486,427.424861907959,26.4314243793488,1.93819808959961
0.880679320679321,0,"FSE","SLC17A7","wisp",161,0.0281038284301758,418.824084997177,25.559473991394,2.10096716880798
0.457875457875458,0,"FSE","TAC2","wisp",161,0.0306472778320312,466.21201300621,29.5179445743561,1.95194005966187
0.526501276501276,0,"FSE","VIP","wisp",161,0.0272939205169678,428.564567327499,28.1826069355011,1.93955206871033
0.827170234376736,1,"SVG","PVALB","ELLA",161,0.0268537998199463,428.62980222702,28.0788650512695,1.86716628074646
0.915509525279713,1,"SVG","SLC17A7","ELLA",161,0.0316793918609619,433.665621757507,28.1941282749176,1.93836879730225
2.19517645067002e-06,1,"SVG","TAC2","ELLA",161,0.03013014793396,428.914049386978,27.9392147064209,1.9660108089447
7.3333980493695e-07,1,"SVG","VIP","ELLA",161,0.0287206172943115,433.117321252823,28.3073542118073,1.88844609260559
0.00397546807288336,0,"rate_effect","SLC17A7","DESeq2",161,0.0285968780517578,418.431674480438,33.0067012310028,1.91616630554199
0.0280386649469436,0,"rate_effect","PVALB","DESeq2",161,0.0298805236816406,434.249496936798,27.1291103363037,1.91533708572388
-0.00794466281253253,0,"rate_effect","TAC2","DESeq2",161,0.0283896923065186,421.070561885834,30.8779003620148,1.90010547637939
-0.0355559688979294,0,"rate_effect","VIP","DESeq2",161,0.029975414276123,428.989985227585,23.9281105995178,1.94244980812073
0.48265934716726,0,"FSE","SLC17A7","DESeq2",161,0.0299692153930664,457.875961065292,31.8868365287781,1.89758825302124
0.0227508649687872,0,"FSE","PVALB","DESeq2",161,0.02939772605896,417.147555589676,23.9216980934143,1.87791299819946
0.48265934716726,0,"FSE","TAC2","DESeq2",161,0.0280909538269043,416.846960306168,27.8313653469086,1.94330286979675
0.0227508649687872,0,"FSE","VIP","DESeq2",161,0.0304865837097168,344.447868108749,27.1202914714813,1.91046500205994
0.082221045298105,0,"rate_effect","PVALB","wisp",162,0.029170036315918,439.159169435501,28.2010991573334,1.95590901374817
0.00234986338461278,0,"rate_effect","SLC17A7","wisp",162,0.0297019481658936,437.935654640198,30.1933093070984,1.91210222244263
0.0935163944760184,0,"rate_effect","TAC2","wisp",162,0.027332067489624,424.346310138702,25.7669529914856,1.95130276679993
1.10287600669381,0.419277829583734,"rate_effect","VIP","wisp",162,0.0291640758514404,437.639401674271,30.6169512271881,1.97665858268738
0.304969793231932,-0.114715134259313,"random_effect","replicate1","wisp",162,0.0300407409667969,426.175881147385,30.7624077796936,1.87547874450684
0.363076123438571,-0.0152308561373502,"random_effect","replicate2","wisp",162,0.0379784107208252,431.229801654816,21.6975998878479,1.9074375629425
0.25807514570081,-0.147397705120966,"random_effect","replicate3","wisp",162,0.0266921520233154,428.557741880417,22.2550806999207,1.90938234329224
-0.598677542296603,-0.460383204976097,"random_effect","replicate4","wisp",162,0.0271389484405518,437.074442386627,26.5238418579102,1.91658329963684
1.07217782217782,0,"FSE","PVALB","wisp",162,0.0304219722747803,437.910945653915,22.326967716217,1.87165641784668
0.993534243534243,0,"FSE","SLC17A7","wisp",162,0.0298922061920166,438.342940330505,27.465437412262,1.94656467437744
0.582362082362082,0,"FSE","TAC2","wisp",162,0.0309114456176758,435.115567207336,31.1347949504852,1.98431396484375
0,1,"FSE","VIP","wisp",162,0.0306754112243652,438.493384361267,28.8851320743561,1.9389660358429
0.980509540774253,1,"SVG","PVALB","ELLA",162,0.0304248332977295,448.30394411087,32.6194403171539,1.90953707695007
0.993734491340957,0,"SVG","SLC17A7","ELLA",162,0.0324821472167969,415.358382225037,32.2989933490753,1.89722228050232
5.50002724142296e-07,1,"SVG","TAC2","ELLA",162,0.0308408737182617,436.328069925308,27.416788816452,1.91525959968567
2.20218279695095e-06,1,"SVG","VIP","ELLA",162,0.0313224792480469,427.341772556305,28.5475046634674,1.95126700401306
-0.0247989403022076,0,"rate_effect","SLC17A7","DESeq2",162,0.0268018245697021,431.519038438797,28.7881174087524,1.92720103263855
-0.0141818623668981,0,"rate_effect","PVALB","DESeq2",162,0.0292632579803467,428.10148024559,30.4223482608795,1.970871925354
0.00226425815758667,0,"rate_effect","TAC2","DESeq2",162,0.0282788276672363,405.253556966782,25.0135204792023,2.00466966629028
1.74308098044311,0.419277829583734,"rate_effect","VIP","DESeq2",162,0.0284509658813477,431.580227851868,27.9698166847229,1.89975738525391
0.133132321738572,0,"FSE","SLC17A7","DESeq2",162,0.0286874771118164,430.834863185883,27.7004799842834,1.89838004112244
0.562046032022461,0,"FSE","PVALB","DESeq2",162,0.0305662155151367,442.693529844284,26.6938269138336,1.96454334259033
0.920578621585447,0,"FSE","TAC2","DESeq2",162,0.02779221534729,451.127518415451,26.0369720458984,1.90947294235229
0,1,"FSE","VIP","DESeq2",162,0.0288090705871582,419.77030134201,25.7107317447662,1.97353386878967
-0.000224145209157716,0,"rate_effect","PVALB","wisp",163,0.0304677486419678,425.153422117233,24.997104883194,1.92307567596436
-1.8757769606062,-0.291284336708486,"rate_effect","SLC17A7","wisp",163,0.0301992893218994,437.201149463654,31.2977366447449,1.96999192237854
-0.0141860869800251,0,"rate_effect","TAC2","wisp",163,0.0317413806915283,419.524928569794,21.2905933856964,1.96289253234863
0.249890909058158,0.220372244250029,"rate_effect","VIP","wisp",163,0.0284855365753174,446.937193155289,28.4970102310181,1.91163372993469
-0.350845597648152,-0.181741420645267,"random_effect","replicate1","wisp",163,0.0274665355682373,444.712888479233,23.9891443252563,1.87488484382629
0.141522990283382,0.160784265724942,"random_effect","replicate2","wisp",163,0.0323386192321777,417.759402275085,25.2549314498901,1.89371967315674
0.194046974386311,0.216905061388388,"random_effect","replicate3","wisp",163,0.0282852649688721,416.854083061218,30.6044044494629,1.92660236358643
0.216762545471472,0.259494812926278,"random_effect","replicate4","wisp",163,0.0322670936584473,421.5183634758,31.4342231750488,1.93913173675537
0.41931505994006,0,"FSE","PVALB","wisp",163,0.0289487838745117,448.733220338821,26.4758231639862,1.96097540855408
0,1,"FSE","SLC17A7","wisp",163,0.0280981063842773,427.417523622513,30.1986346244812,1.98125243186951
0.432910839160839,0,"FSE","TAC2","wisp",163,0.0323467254638672,453.860027313232,30.1176075935364,1.94006776809692
0.0198201798201798,1,"FSE","VIP","wisp",163,0.0279364585876465,419.111906051636,30.3025121688843,1.82835912704468
0.955506202003285,0,"SVG","PVALB","ELLA",163,0.0278191566467285,422.150298118591,25.0138621330261,1.9052460193634
0.923283643421231,1,"SVG","SLC17A7","ELLA",163,0.975653648376465,431.828337192535,27.9934065341949,1.96088552474976
0.891155251127021,0,"SVG","TAC2","ELLA",163,0.0273873805999756,417.86593914032,26.1573016643524,1.92815375328064
0.983011512799262,1,"SVG","VIP","ELLA",163,0.0301876068115234,421.714729070663,36.1966271400452,1.85416579246521
-2.53109510381061,0,"rate_effect","SLC17A7","DESeq2",163,0.966925382614136,423.18149805069,28.2153370380402,1.94660639762878
0.00279971431810618,-0.291284336708486,"rate_effect","PVALB","DESeq2",163,0.959918260574341,411.49706864357,21.0312209129333,1.96745443344116
-0.00295833591686288,0,"rate_effect","TAC2","DESeq2",163,0.0286843776702881,424.162430047989,28.4714119434357,1.95679402351379
1.00709823936991,0.220372244250029,"rate_effect","VIP","DESeq2",163,0.0275018215179443,424.953616142273,28.753488779068,1.89107203483582
0,0,"FSE","SLC17A7","DESeq2",163,0.0303053855895996,413.682648897171,32.5513451099396,1.86874127388
0.845748504502419,1,"FSE","PVALB","DESeq2",163,0.0296225547790527,418.972558736801,22.28346991539,1.91441702842712
0.845748504502419,0,"FSE","TAC2","DESeq2",163,0.0314235687255859,439.402960062027,22.7104434967041,2.06456971168518
0,1,"FSE","VIP","DESeq2",163,0.0252742767333984,437.390397071838,23.8163566589355,1.89545559883118
-0.00203405484022658,0,"rate_effect","PVALB","wisp",164,0.0300617218017578,435.108697414398,30.1848514080048,1.95747828483582
-0.0148952947187271,0,"rate_effect","SLC17A7","wisp",164,0.0281143188476562,417.028471469879,30.4718544483185,1.9316611289978
-0.0472237089680461,0,"rate_effect","TAC2","wisp",164,0.0322134494781494,428.645718336105,24.1389372348785,1.9397451877594
-0.00079528938964771,0,"rate_effect","VIP","wisp",164,0.0293436050415039,437.016592979431,28.5908098220825,2.00542783737183
0.22479225722136,0.345352767268196,"random_effect","replicate1","wisp",164,0.0281786918640137,436.223310709,33.0396196842194,1.87908291816711
-0.365171231740397,-0.186820070724934,"random_effect","replicate2","wisp",164,0.0291585922241211,432.003209590912,25.8684644699097,1.98139333724976
0.175103893659338,0.23301535914652,"random_effect","replicate3","wisp",164,0.0310695171356201,421.0782122612,30.3165369033813,1.92700958251953
0.164166529336609,0.213220802368596,"random_effect","replicate4","wisp",164,0.0277640819549561,416.96134018898,25.3891241550446,1.93578004837036
1.01233460417134,0,"FSE","PVALB","wisp",164,0.0296456813812256,423.063416242599,22.6420071125031,1.89431571960449
1.17014985014985,0,"FSE","SLC17A7","wisp",164,0.0282070636749268,430.799074888229,28.9197087287903,2.02877569198608
1.93808968808969,0,"FSE","TAC2","wisp",164,0.028740406036377,411.27406167984,27.1586208343506,1.95289063453674
0.98026973026973,0,"FSE","VIP","wisp",164,0.0296759605407715,424.28426527977,28.5306944847107,1.97954940795898
0.971968015914139,0,"SVG","PVALB","ELLA",164,0.0315585136413574,424.110975265503,25.9745590686798,1.83040857315063
0.88887948294118,0,"SVG","SLC17A7","ELLA",164,0.0303142070770264,426.358679771423,27.514014005661,1.85209774971008
0.858246144462508,0,"SVG","TAC2","ELLA",164,0.0279641151428223,422.353990077972,28.4563901424408,1.88063788414001
4.40000613943781e-07,1,"SVG","VIP","ELLA",164,0.029841423034668,455.733216524124,28.087949514389,1.87526679039001
-2.89307906873746e-05,0,"rate_effect","SLC17A7","DESeq2",164,0.0290489196777344,428.638993501663,24.4395961761475,1.97462296485901
4.27664197858021e-05,0,"rate_effect","PVALB","DESeq2",164,0.0295510292053223,423.189258098602,21.3554708957672,1.91519999504089
-0.000135127375758363,0,"rate_effect","TAC2","DESeq2",164,0.0303323268890381,446.011021852493,29.9634885787964,1.95551204681396
0.000127296811627845,0,"rate_effect","VIP","DESeq2",164,0.0277292728424072,425.692224502563,29.5691344738007,1.90439701080322
0.775201001238668,0,"FSE","SLC17A7","DESeq2",164,0.935065746307373,409.268024206161,26.510181427002,1.97003269195557
0.775201001238668,0,"FSE","PVALB","DESeq2",164,0.0277588367462158,420.036387681961,27.1086444854736,1.88512778282166
0.333235209995528,0,"FSE","TAC2","DESeq2",164,0.028433084487915,435.003904342651,22.8738830089569,1.87973070144653
0.333235209995528,0,"FSE","VIP","DESeq2",164,0.0291740894317627,422.846745491028,27.8921658992767,1.93611168861389
-1.0242180439875,-0.251197970705107,"rate_effect","PVALB","wisp",165,0.0325593948364258,422.382641553879,32.2758796215057,1.92639994621277
0.0944688247907545,0,"rate_effect","SLC17A7","wisp",165,0.0299866199493408,450.483470439911,27.4053957462311,1.90693759918213
-1.10353282096871,-0.34510648669675,"rate_effect","TAC2","wisp",165,0.0297629833221436,434.546971559525,23.7330112457275,1.87679743766785
-0.465015342520676,-0.0803836900740862,"rate_effect","VIP","wisp",165,0.0338435173034668,436.816553592682,29.0492534637451,1.95362281799316
0.367503667216347,0.291764435125515,"random_effect","replicate1","wisp",165,0.027367115020752,422.633439302444,21.7879257202148,2.01387763023376
-0.0789804985915398,-0.106760155176744,"random_effect","replicate2","wisp",165,0.0304765701293945,341.904124975204,28.1543152332306,1.86765432357788
-0.44591016620544,-0.388793531805277,"random_effect","replicate3","wisp",165,0.0292367935180664,428.609116077423,25.2551717758179,1.91724061965942
0.303833606666532,0.137548509053886,"random_effect","replicate4","wisp",165,0.0310986042022705,444.368892192841,30.7688519954681,1.91700601577759
0.0366300366300366,1,"FSE","PVALB","wisp",165,0.0286846160888672,433.176414728165,25.6008260250092,2.11447739601135
0.781418581418581,0,"FSE","SLC17A7","wisp",165,0.0247077941894531,429.265485286713,29.3011937141418,1.89909911155701
0.013986013986014,1,"FSE","TAC2","wisp",165,0.0279552936553955,442.510897397995,34.6902959346771,1.89492797851562
0.142137862137862,1,"FSE","VIP","wisp",165,0.0318880081176758,434.701031208038,26.0515778064728,1.92224431037903
0.874994436227853,1,"SVG","PVALB","ELLA",165,0.0304415225982666,438.606535673141,24.8661851882935,1.91352796554565
0.887823382717812,1,"SVG","SLC17A7","ELLA",165,0.032750129699707,438.608156204224,26.6019434928894,1.87204194068909
1.10001393793802e-06,1,"SVG","TAC2","ELLA",165,0.0291445255279541,421.407907009125,22.5907454490662,1.87196683883667
0.780143272667946,1,"SVG","VIP","ELLA",165,0.961971044540405,427.296780824661,28.2648706436157,1.92194104194641
1.25163447787691,-0.251197970705107,"rate_effect","SLC17A7","DESeq2",165,0.0310268402099609,433.440595388412,28.0865998268127,1.92976903915405
-0.711477568672064,0,"rate_effect","PVALB","DESeq2",165,0.0276010036468506,448.544350624084,28.3334722518921,1.90699672698975
-2.10183583960598,-0.34510648669675,"rate_effect","TAC2","DESeq2",165,0.033125638961792,437.187759637833,25.8857131004333,1.94445037841797
0.714362495114632,-0.0803836900740862,"rate_effect","VIP","DESeq2",165,0.0310487747192383,416.92185997963,34.7796940803528,1.96136689186096
0,1,"FSE","SLC17A7","DESeq2",165,0.0298552513122559,429.006608963013,28.0748641490936,1.91984724998474
5.41422085804309e-169,0,"FSE","PVALB","DESeq2",165,0.027881383895874,427.94335269928,29.6661524772644,1.91626119613647
0,1,"FSE","TAC2","DESeq2",165,0.0307164192199707,431.815202474594,29.9965281486511,1.88038921356201
5.41422085804309e-169,1,"FSE","VIP","DESeq2",165,0.031790018081665,415.090425491333,28.7477598190308,1.97158217430115
-0.008271133364087,0,"rate_effect","PVALB","wisp",166,0.961175680160522,446.45299243927,25.8177356719971,1.91986060142517
0.613571264354836,0.214206523960456,"rate_effect","SLC17A7","wisp",166,0.0292866230010986,468.735806465149,25.6810131072998,1.88051891326904
0.000243352309276524,0,"rate_effect","TAC2","wisp",166,0.0333788394927979,430.931964159012,27.3349032402039,1.9478747844696
-0.0703894063004524,0,"rate_effect","VIP","wisp",166,0.0313360691070557,430.072258234024,32.5169382095337,1.92294645309448
-0.100929693205182,0.0569100435823202,"random_effect","replicate1","wisp",166,0.0320706367492676,410.121573209763,23.7532002925873,1.94743466377258
-0.148245748113605,0.011990821454674,"random_effect","replicate2","wisp",166,0.0284214019775391,455.047101974487,29.9072344303131,1.901535987854
-0.162493981923787,0.0119062995072454,"random_effect","replicate3","wisp",166,0.0273256301879883,418.158571958542,29.1062133312225,1.88763666152954
0.242434665896953,0.303647371008992,"random_effect","replicate4","wisp",166,0.0296573638916016,428.122677564621,30.82168841362,1.92050409317017
1.40857645875252,0,"FSE","PVALB","wisp",166,0.0289463996887207,427.728178977966,32.8114042282104,1.94097876548767
0.0967806841046277,1,"FSE","SLC17A7","wisp",166,0.0289764404296875,423.737015485764,28.5979809761047,1.92490077018738
0.946779442084606,0,"FSE","TAC2","wisp",166,0.0297586917877197,456.613583087921,28.417432308197,1.88906669616699
0.877487145092779,0,"FSE","VIP","wisp",166,0.0328109264373779,420.884456634521,22.5742952823639,2.0883207321167
0.893731298810789,1,"SVG","PVALB","ELLA",166,0.0276672840118408,424.830772399902,28.9470098018646,1.93059301376343
0.975586870727159,1,"SVG","SLC17A7","ELLA",166,0.0286664962768555,437.511374950409,26.4271965026855,2.01169347763062
0.87473715733301,0,"SVG","TAC2","ELLA",166,0.0293729305267334,464.370765447617,28.4331409931183,1.92028284072876
1.10001018077677e-06,1,"SVG","VIP","ELLA",166,0.0321409702301025,403.638920783997,24.1360626220703,1.98838710784912
1.01945198579885,0,"rate_effect","SLC17A7","DESeq2",166,0.0281195640563965,414.873692512512,23.5046339035034,1.91408538818359
-0.0160664361824847,0.214206523960456,"rate_effect","PVALB","DESeq2",166,0.963593482971191,429.04301905632,34.2810742855072,1.96899151802063
-0.00859814651949086,0,"rate_effect","TAC2","DESeq2",166,1.88674259185791,417.523854017258,26.3215594291687,1.88364768028259
-0.00923373301328927,0,"rate_effect","VIP","DESeq2",166,0.0296945571899414,421.218112707138,27.146746635437,1.96816301345825
0,0,"FSE","SLC17A7","DESeq2",166,0.0303440093994141,441.318182468414,32.5797770023346,1.93074917793274
0.174780410659892,1,"FSE","PVALB","DESeq2",166,0.0316970348358154,431.787833929062,26.038455247879,1.94249320030212
0.536455689819239,0,"FSE","TAC2","DESeq2",166,0.0272305011749268,441.372266292572,32.3179461956024,1.85554122924805
0.536455689819239,0,"FSE","VIP","DESeq2",166,0.0315840244293213,424.107073545456,30.2552561759949,1.88771200180054
-0.00381460502102616,0,"rate_effect","PVALB","wisp",167,0.0327708721160889,420.323094844818,23.4643216133118,1.9144229888916
-0.00208779743584449,0,"rate_effect","SLC17A7","wisp",167,0.0276579856872559,448.618867874146,29.8870091438293,1.93364334106445
0.0246531535685237,0,"rate_effect","TAC2","wisp",167,0.031425952911377,375.935034036636,27.1698169708252,1.93180441856384
-0.139184473778323,0,"rate_effect","VIP","wisp",167,0.0269701480865479,429.70928645134,31.0543217658997,2.00865888595581
0.420615481602122,0.49149052775465,"random_effect","replicate1","wisp",167,0.0327162742614746,437.831256628036,29.3419151306152,1.91435265541077
-0.735825357627712,-0.46621329896152,"random_effect","replicate2","wisp",167,0.0288233757019043,431.461276769638,29.5254518985748,1.95789742469788
0.299814345467489,0.122820393880829,"random_effect","replicate3","wisp",167,0.028160572052002,427.493983983994,24.4479246139526,1.92510008811951
0.38443360033895,0.377380528254434,"random_effect","replicate4","wisp",167,0.0265765190124512,465.420249700546,23.41534948349,1.87832069396973
1.30324363136863,0,"FSE","PVALB","wisp",167,0.0311448574066162,435.724847555161,25.2409904003143,1.97131896018982
0.773818773818774,0,"FSE","SLC17A7","wisp",167,0.0287723541259766,426.489372253418,30.498678445816,1.91572141647339
1.72527472527473,0,"FSE","TAC2","wisp",167,0.028050422668457,433.407697439194,24.0474677085876,1.89630961418152
0.251776001776002,0,"FSE","VIP","wisp",167,0.0294380187988281,417.568301677704,26.5134179592133,1.9169909954071
0.828675549353507,0,"SVG","PVALB","ELLA",167,0.0276269912719727,419.191938638687,32.9697706699371,1.88022470474243
0.92548784591694,0,"SVG","SLC17A7","ELLA",167,0.0316841602325439,430.204669237137,25.8227248191833,1.93337726593018
0.912719314979788,0,"SVG","TAC2","ELLA",167,0.0281548500061035,423.383732318878,27.5879828929901,2.00009894371033
0.84700993879686,1,"SVG","VIP","ELLA",167,0.950234889984131,433.018593549728,25.3655872344971,1.8637535572052
-0.0029978172273821,0,"rate_effect","SLC17A7","DESeq2",167,0.0335521697998047,425.685601949692,28.7269361019135,1.95883941650391
-0.00053718659132819,0,"rate_effect","PVALB","DESeq2",167,0.0294747352600098,421.638487815857,30.5206129550934,1.83303546905518
0.010755871427277,0,"rate_effect","TAC2","DESeq2",167,0.0276050567626953,403.932096004486,19.2276413440704,1.78714275360107
-0.0272426098671359,0,"rate_effect","VIP","DESeq2",167,0.0286576747894287,408.298879146576,22.2654452323914,1.84356260299683
0.683682287054648,0,"FSE","SLC17A7","DESeq2",167,0.0274727344512939,411.141361951828,25.3585731983185,1.77027249336243
0.883440124389582,0,"FSE","PVALB","DESeq2",167,0.0304088592529297,414.141072034836,23.9539802074432,1.80440640449524
0.318065788167888,0,"FSE","TAC2","DESeq2",167,0.0287880897521973,408.969439744949,30.3737318515778,1.77948665618896
0.0268975029877342,0,"FSE","VIP","DESeq2",167,0.028679370880127,409.549560070038,22.5197160243988,1.75816679000854
-0.0048022308216818,0,"rate_effect","PVALB","wisp",168,0.0275130271911621,403.635833740234,30.8150849342346,1.85015249252319
-0.0310484235286303,0,"rate_effect","SLC17A7","wisp",168,0.0293619632720947,433.035242795944,27.7534692287445,1.79997277259827
0.226183879529067,0,"rate_effect","TAC2","wisp",168,0.0276510715484619,418.054634571075,30.3133184909821,1.76283740997314
-0.92971298253465,-0.181242673425004,"rate_effect","VIP","wisp",168,0.0313279628753662,439.242620706558,24.6636564731598,1.80634546279907
-0.477927712230857,-0.40113075892441,"random_effect","replicate1","wisp",168,0.0292425155639648,351.229082584381,27.6974363327026,1.83659362792969
0.407872100983307,0.375052215065807,"random_effect","replicate2","wisp",168,0.0299062728881836,428.477724790573,27.0271451473236,1.79152250289917
-0.189970344955107,-0.230990040348843,"random_effect","replicate3","wisp",168,0.028439998626709,400.481114149094,25.8864300251007,1.79541492462158
0.279936325000676,0.0531505194958299,"random_effect","replicate4","wisp",168,0.895889282226562,416.329598903656,25.5795469284058,1.76463961601257
0.314796314796315,0,"FSE","PVALB","wisp",168,0.0301418304443359,397.71418094635,28.2146577835083,1.78049683570862
0.562187812187812,0,"FSE","SLC17A7","wisp",168,0.0305290222167969,413.912841081619,30.5826287269592,1.81949877738953
1.43145743145743,0,"FSE","TAC2","wisp",168,0.0295813083648682,405.915508031845,25.7490229606628,1.80578708648682
0.257742257742258,1,"FSE","VIP","wisp",168,0.0276761054992676,401.609362363815,23.6494569778442,1.81292271614075
0.901370845231826,1,"SVG","PVALB","ELLA",168,0.0274889469146729,409.212975025177,25.6452651023865,1.82821798324585
0.908194929179546,0,"SVG","SLC17A7","ELLA",168,0.0307917594909668,414.806458950043,29.2246925830841,1.80796146392822
7.33334647617934e-07,1,"SVG","TAC2","ELLA",168,0.0279734134674072,423.394227981567,30.1006395816803,1.78223991394043
5.50000417154362e-07,1,"SVG","VIP","ELLA",168,0.0319101810455322,426.406829357147,27.4714765548706,1.80058145523071
0.0183050466166447,0,"rate_effect","SLC17A7","DESeq2",168,0.029646635055542,402.189610004425,27.126549243927,1.84013605117798
0.0138384446085482,0,"rate_effect","PVALB","DESeq2",168,0.0317471027374268,435.770930051804,27.0759134292603,1.74023652076721
0.00781925006393175,0,"rate_effect","TAC2","DESeq2",168,0.028592586517334,408.307660102844,29.5158882141113,1.77786779403687
-1.28086310298912,-0.181242673425004,"rate_effect","VIP","DESeq2",168,0.0283982753753662,411.093592882156,27.4431064128876,1.73424339294434
0.300606567663144,0,"FSE","SLC17A7","DESeq2",168,0.0274736881256104,406.61597943306,31.6404249668121,1.80775022506714
0.569348173441652,0,"FSE","PVALB","DESeq2",168,0.0311400890350342,408.279498338699,23.8222887516022,1.86932563781738
0.674304426343205,0,"FSE","TAC2","DESeq2",168,0.0311648845672607,409.458102464676,26.5550758838654,1.80131101608276
0,1,"FSE","VIP","DESeq2",168,0.029813289642334,411.923641443253,23.8093945980072,1.76051712036133
-0.282057186909177,-0.0857254785951227,"rate_effect","PVALB","wisp",169,0.0329639911651611,405.545966625214,31.5916204452515,1.78944897651672
0.99767822835282,0.367176248691976,"rate_effect","SLC17A7","wisp",169,0.0260028839111328,425.389599561691,24.1233968734741,1.78804445266724
-0.0365202667658934,0,"rate_effect","TAC2","wisp",169,0.0357918739318848,398.119257926941,28.8584458827972,1.83746886253357
0.574321112292937,0.172556403791532,"rate_effect","VIP","wisp",169,0.0309436321258545,418.349713802338,35.2129671573639,1.8385636806488
-0.425777251530938,-0.30164402956143,"random_effect","replicate1","wisp",169,0.0236492156982422,406.516528367996,25.677962064743,1.86991882324219
0.291346858908426,0.363902667304501,"random_effect","replicate2","wisp",169,0.0269579887390137,425.068669080734,31.497305393219,1.86204314231873
0.202242096703945,0.180794092360884,"random_effect","replicate3","wisp",169,0.0278401374816895,422.368977308273,21.9365797042847,1.84537696838379
0.0877293844266519,0.040105622028932,"random_effect","replicate4","wisp",169,0.0262370109558105,430.461272001266,26.6901309490204,1.90605521202087
0.527472527472527,1,"FSE","PVALB","wisp",169,0.0279896259307861,412.056294202805,28.827924489975,2.02909517288208
0.294705294705295,1,"FSE","SLC17A7","wisp",169,0.0239815711975098,437.154964923859,21.9802222251892,1.92869520187378
0.647305819180819,0,"FSE","TAC2","wisp",169,0.0296258926391602,422.03987288475,33.1828806400299,1.90689778327942
0.141796978531672,1,"FSE","VIP","wisp",169,0.0269100666046143,453.455007553101,24.2923212051392,1.84552454948425
0.877495034786827,1,"SVG","PVALB","ELLA",169,0.0264310836791992,436.033627033234,27.4141705036163,1.84341669082642
0.848856175680049,1,"SVG","SLC17A7","ELLA",169,0.030048131942749,416.873572587967,22.743204832077,1.89280819892883
0.836118369993766,0,"SVG","TAC2","ELLA",169,0.026158332824707,418.94610118866,26.0069177150726,1.88708782196045
0.945459147104022,1,"SVG","VIP","ELLA",169,0.02978515625,411.92558836937,23.0960333347321,1.92023396492004
1.14871510355346,-0.0857254785951227,"rate_effect","SLC17A7","DESeq2",169,0.0285301208496094,440.837086200714,25.1775932312012,1.9048330783844
-1.01471954685217,0.367176248691976,"rate_effect","PVALB","DESeq2",169,0.0287730693817139,418.37282538414,26.0856287479401,2.60899710655212
-0.454325784596677,0,"rate_effect","TAC2","DESeq2",169,0.0306224822998047,420.641088485718,27.347541809082,1.87631368637085
0.453578837351469,0.172556403791532,"rate_effect","VIP","DESeq2",169,0.0251264572143555,428.662610292435,21.5447599887848,1.84871196746826
0,1,"FSE","SLC17A7","DESeq2",169,0.0291104316711426,427.803039550781,30.6923115253448,1.89639258384705
0,1,"FSE","PVALB","DESeq2",169,0.0312936305999756,424.708827018738,25.2575786113739,1.85999202728271
5.58271965310016e-152,0,"FSE","TAC2","DESeq2",169,0.0281896591186523,432.656529903412,24.8084371089935,1.89901542663574
4.5289416030173e-200,1,"FSE","VIP","DESeq2",169,0.031583309173584,427.925946950912,26.4291985034943,1.92317056655884
0.00239030322062742,0,"rate_effect","PVALB","wisp",170,0.0287032127380371,424.533989191055,32.605699300766,1.91907668113708
0.0113817242679362,-0.0989834263455123,"rate_effect","SLC17A7","wisp",170,0.0302207469940186,439.701268434525,32.080885887146,1.9224226474762
-0.160413361335545,0,"rate_effect","TAC2","wisp",170,0.0275440216064453,423.768881559372,22.7086806297302,1.91026425361633
-0.0332503310691221,0,"rate_effect","VIP","wisp",170,0.0284562110900879,418.428074121475,25.0440411567688,1.86522579193115
0.280812113245615,0.205077196937054,"random_effect","replicate1","wisp",170,0.0321822166442871,423.145944595337,28.5050308704376,1.88742089271545
-0.315460984258292,-0.217180523555726,"random_effect","replicate2","wisp",170,1.83389782905579,428.387951374054,27.2869317531586,1.97345232963562
-0.184648586318155,-0.120536004891619,"random_effect","replicate3","wisp",170,0.029057502746582,342.884785890579,24.0696587562561,1.93395066261292
0.185087512682113,0.0356148425489664,"random_effect","replicate4","wisp",170,0.0272171497344971,438.251104593277,21.7468342781067,1.89160752296448
1.3046953046953,0,"FSE","PVALB","wisp",170,0.0269596576690674,421.046288967133,23.9341967105865,1.92022323608398
1.52106227106227,1,"FSE","SLC17A7","wisp",170,0.0296871662139893,413.815036773682,29.3492894172668,1.99918484687805
2.54556554556555,0,"FSE","TAC2","wisp",170,0.0308065414428711,436.233450174332,30.0629839897156,1.94655609130859
1.30625624375624,0,"FSE","VIP","wisp",170,0.0267951488494873,437.389758586884,29.0803780555725,1.91891193389893
0.832412264757669,0,"SVG","PVALB","ELLA",170,0.0312454700469971,421.801689386368,32.9749879837036,1.85251688957214
0.751392594952847,0,"SVG","SLC17A7","ELLA",170,0.0282926559448242,412.800875425339,32.2108843326569,2.01232624053955
1.10000886366368e-06,1,"SVG","TAC2","ELLA",170,0.0285141468048096,415.758309602737,22.5008878707886,1.89890432357788
0.834797549639818,0,"SVG","VIP","ELLA",170,0.0309028625488281,448.807687759399,27.4583051204681,2.57047271728516
3.37130142512619e-05,0,"rate_effect","SLC17A7","DESeq2",170,0.0265467166900635,425.658793926239,26.1612327098846,1.99357652664185
0.000487568966705611,-0.0989834263455123,"rate_effect","PVALB","DESeq2",170,0.0303549766540527,419.892758131027,27.2944993972778,1.90579128265381
-0.000108515484716458,0,"rate_effect","TAC2","DESeq2",170,0.0257844924926758,423.843417406082,27.4935083389282,1.95272493362427
-8.51183192262616e-06,0,"rate_effect","VIP","DESeq2",170,0.0316722393035889,419.851747989655,33.067813873291,1.91422843933105
0.848548398683259,0,"FSE","SLC17A7","DESeq2",170,0.0286879539489746,432.175387382507,25.0857548713684,1.89460062980652
0.848548398683259,1,"FSE","PVALB","DESeq2",170,0.02815842628479,433.26940369606,29.9820668697357,1.89951992034912
0.297578105187689,0,"FSE","TAC2","DESeq2",170,0.0281815528869629,422.863761901855,31.7035093307495,1.87914896011353
0.848548398683259,0,"FSE","VIP","DESeq2",170,0.0313327312469482,419.048016548157,28.450918674469,1.91853785514832
-0.0423676496062347,0,"rate_effect","PVALB","wisp",171,0.0285539627075195,428.176956653595,28.7329323291779,1.9428985118866
-3.76634072730676e-05,0,"rate_effect","SLC17A7","wisp",171,0.0334653854370117,448.894484519958,26.7565746307373,1.9282500743866
-0.00609203384050153,0,"rate_effect","TAC2","wisp",171,0.0286557674407959,431.972440481186,31.2850565910339,1.88315010070801
-0.126708638587752,0,"rate_effect","VIP","wisp",171,0.0300242900848389,424.963372707367,22.1425814628601,1.95683145523071
-0.470528347001049,-0.44782028067857,"random_effect","replicate1","wisp",171,0.0302369594573975,418.386739492416,27.6639943122864,1.88131093978882
0.532809615757094,0.0587855100166053,"random_effect","replicate2","wisp",171,0.0300443172454834,421.28426527977,26.8966805934906,1.87866401672363
0.162105733738523,-0.32774065900594,"random_effect","replicate3","wisp",171,0.0321400165557861,442.835676431656,31.8027515411377,1.93642425537109
-0.324484372310749,-0.40066914120689,"random_effect","replicate4","wisp",171,0.0286946296691895,454.172886371613,20.994350194931,1.92745304107666
1.65190809190809,0,"FSE","PVALB","wisp",171,0.0270276069641113,426.286192655563,29.4402439594269,1.9688024520874
1.00218149197741,0,"FSE","SLC17A7","wisp",171,0.028942346572876,426.630576610565,26.7875216007233,1.85739088058472
1.62241758241758,0,"FSE","TAC2","wisp",171,0.0292212963104248,403.239965200424,18.2296206951141,1.95345449447632
1.53265484515485,0,"FSE","VIP","wisp",171,0.0291359424591064,437.543063640594,30.7751030921936,1.94943451881409
0.915792990685779,1,"SVG","PVALB","ELLA",171,0.0285475254058838,424.828949689865,29.1811516284943,1.91415333747864
0.924705985840837,0,"SVG","SLC17A7","ELLA",171,0.0288188457489014,410.777765274048,29.7327396869659,1.89316058158875
0.931480774538869,0,"SVG","TAC2","ELLA",171,0.032414436340332,419.698316812515,29.1467514038086,1.89908075332642
0.75926113750811,1,"SVG","VIP","ELLA",171,0.0276556015014648,420.921313047409,29.8099269866943,1.88652443885803
6.60430053893585e-05,0,"rate_effect","SLC17A7","DESeq2",171,0.0273778438568115,421.405151367188,26.7447578907013,1.91813373565674
8.40122678886162e-05,0,"rate_effect","PVALB","DESeq2",171,0.031156063079834,429.191378355026,28.5962595939636,1.9064519405365
2.62741989680307e-05,0,"rate_effect","TAC2","DESeq2",171,0.0286152362823486,427.424861907959,26.4314243793488,1.93819808959961
-6.77884000102776e-05,0,"rate_effect","VIP","DESeq2",171,0.0281038284301758,418.824084997177,25.559473991394,2.10096716880798
0.934587618680834,0,"FSE","SLC17A7","DESeq2",171,0.0306472778320312,466.21201300621,29.5179445743561,1.95194005966187
0.289923055546487,0,"FSE","PVALB","DESeq2",171,0.0272939205169678,428.564567327499,28.1826069355011,1.93955206871033
0.934587618680834,0,"FSE","TAC2","DESeq2",171,0.0268537998199463,428.62980222702,28.0788650512695,1.86716628074646
0.289923055546487,0,"FSE","VIP","DESeq2",171,0.0316793918609619,433.665621757507,28.1941282749176,1.93836879730225
-0.187153510206364,0,"rate_effect","PVALB","wisp",172,0.03013014793396,428.914049386978,27.9392147064209,1.9660108089447
0.00220423429103947,0,"rate_effect","SLC17A7","wisp",172,0.0287206172943115,433.117321252823,28.3073542118073,1.88844609260559
-0.190350453926332,0,"rate_effect","TAC2","wisp",172,0.0285968780517578,418.431674480438,33.0067012310028,1.91616630554199
-1.32161769790284,-0.340832156594843,"rate_effect","VIP","wisp",172,0.0298805236816406,434.249496936798,27.1291103363037,1.91533708572388
0.303510206017138,0.405648935353383,"random_effect","replicate1","wisp",172,0.0283896923065186,421.070561885834,30.8779003620148,1.90010547637939
0.271094796331689,0.341679980745539,"random_effect","replicate2","wisp",172,0.029975414276123,428.989985227585,23.9281105995178,1.94244980812073
-0.194761683147546,-0.113599806791171,"random_effect","replicate3","wisp",172,0.0299692153930664,457.875961065292,31.8868365287781,1.89758825302124
-0.338830927434754,-0.235897118225694,"random_effect","replicate4","wisp",172,0.02939772605896,417.147555589676,23.9216980934143,1.87791299819946
0.6675,0,"FSE","PVALB","wisp",172,0.0280909538269043,416.846960306168,27.8313653469086,1.94330286979675
1.12363888888889,0,"FSE","SLC17A7","wisp",172,0.0304865837097168,344.447868108749,27.1202914714813,1.91046500205994
0.482833333333333,0,"FSE","TAC2","wisp",172,0.029170036315918,439.159169435501,28.2010991573334,1.95590901374817
0,1,"FSE","VIP","wisp",172,0.0297019481658936,437.935654640198,30.1933093070984,1.91210222244263
0.80017393694876,1,"SVG","PVALB","ELLA",172,0.027332067489624,424.346310138702,25.7669529914856,1.95130276679993
0.962987804696206,0,"SVG","SLC17A7","ELLA",172,0.0291640758514404,437.639401674271,30.6169512271881,1.97665858268738
1.10000732483906e-06,1,"SVG","TAC2","ELLA",172,0.0300407409667969,426.175881147385,30.7624077796936,1.87547874450684
1.10000589353954e-06,1,"SVG","VIP","ELLA",172,0.0379784107208252,431.229801654816,21.6975998878479,1.9074375629425
0.00712531506318963,0,"rate_effect","SLC17A7","DESeq2",172,0.0266921520233154,428.557741880417,22.2550806999207,1.90938234329224
0.01828636159954,0,"rate_effect","PVALB","DESeq2",172,0.0271389484405518,437.074442386627,26.5238418579102,1.91658329963684
0.0252568047953566,0,"rate_effect","TAC2","DESeq2",172,0.0304219722747803,437.910945653915,22.326967716217,1.87165641784668
-3.26182614487323,-0.340832156594843,"rate_effect","VIP","DESeq2",172,0.0298922061920166,438.342940330505,27.465437412262,1.94656467437744
0.151834255605397,0,"FSE","SLC17A7","DESeq2",172,0.0309114456176758,435.115567207336,31.1347949504852,1.98431396484375
0.151834255605397,0,"FSE","PVALB","DESeq2",172,0.0306754112243652,438.493384361267,28.8851320743561,1.9389660358429
0.151834255605397,0,"FSE","TAC2","DESeq2",172,0.0304248332977295,448.30394411087,32.6194403171539,1.90953707695007
0,1,"FSE","VIP","DESeq2",172,0.0324821472167969,415.358382225037,32.2989933490753,1.89722228050232
0.0317148625447671,0,"rate_effect","PVALB","wisp",173,0.0308408737182617,436.328069925308,27.416788816452,1.91525959968567
0.00528901775256311,0,"rate_effect","SLC17A7","wisp",173,0.0313224792480469,427.341772556305,28.5475046634674,1.95126700401306
-0.126854787892355,0,"rate_effect","TAC2","wisp",173,0.0268018245697021,431.519038438797,28.7881174087524,1.92720103263855
0.859043789432372,0.339534499449655,"rate_effect","VIP","wisp",173,0.0292632579803467,428.10148024559,30.4223482608795,1.970871925354
-0.438550847192628,-0.368655321188271,"random_effect","replicate1","wisp",173,0.0282788276672363,405.253556966782,25.0135204792023,2.00466966629028
0.409185692276235,0.31314572552219,"random_effect","replicate2","wisp",173,0.0284509658813477,431.580227851868,27.9698166847229,1.89975738525391
-0.283102802682567,-0.263625398278236,"random_effect","replicate3","wisp",173,0.0286874771118164,430.834863185883,27.7004799842834,1.89838004112244
0.282802107891048,0.0407658210024238,"random_effect","replicate4","wisp",173,0.0305662155151367,442.693529844284,26.6938269138336,1.96454334259033
0.656200941915228,0,"FSE","PVALB","wisp",173,0.02779221534729,451.127518415451,26.0369720458984,1.90947294235229
0.712695467797509,0,"FSE","SLC17A7","wisp",173,0.0288090705871582,419.77030134201,25.7107317447662,1.97353386878967
0.446303696303696,0,"FSE","TAC2","wisp",173,0.0304677486419678,425.153422117233,24.997104883194,1.92307567596436
0.062937062937063,1,"FSE","VIP","wisp",173,0.0301992893218994,437.201149463654,31.2977366447449,1.96999192237854
0.871033605035686,0,"SVG","PVALB","ELLA",173,0.0317413806915283,419.524928569794,21.2905933856964,1.96289253234863
0.889994566314247,0,"SVG","SLC17A7","ELLA",173,0.0284855365753174,446.937193155289,28.4970102310181,1.91163372993469
1.10001482750421e-06,1,"SVG","TAC2","ELLA",173,0.0274665355682373,444.712888479233,23.9891443252563,1.87488484382629
0.814736114290622,1,"SVG","VIP","ELLA",173,0.0323386192321777,417.759402275085,25.2549314498901,1.89371967315674
-0.0198073487117852,0,"rate_effect","SLC17A7","DESeq2",173,0.0282852649688721,416.854083061218,30.6044044494629,1.92660236358643
-0.0205027120712053,0,"rate_effect","PVALB","DESeq2",173,0.0322670936584473,421.5183634758,31.4342231750488,1.93913173675537
-0.00877168480237678,0,"rate_effect","TAC2","DESeq2",173,0.0289487838745117,448.733220338821,26.4758231639862,1.96097540855408
1.45200795547159,0.339534499449655,"rate_effect","VIP","DESeq2",173,0.0280981063842773,427.417523622513,30.1986346244812,1.98125243186951
0.0464501300364168,0,"FSE","SLC17A7","DESeq2",173,0.0323467254638672,453.860027313232,30.1176075935364,1.94006776809692
0.233888721695809,0,"FSE","PVALB","DESeq2",173,0.0279364585876465,419.111906051636,30.3025121688843,1.82835912704468
0.635073821737731,0,"FSE","TAC2","DESeq2",173,0.0278191566467285,422.150298118591,25.0138621330261,1.9052460193634
0,1,"FSE","VIP","DESeq2",173,0.975653648376465,431.828337192535,27.9934065341949,1.96088552474976
0.00613508471660714,0,"rate_effect","PVALB","wisp",174,0.0273873805999756,417.86593914032,26.1573016643524,1.92815375328064
-1.46380114336345,-0.255796917015687,"rate_effect","SLC17A7","wisp",174,0.0301876068115234,421.714729070663,36.1966271400452,1.85416579246521
-0.00881666708077333,0,"rate_effect","TAC2","wisp",174,0.966925382614136,423.18149805069,28.2153370380402,1.94660639762878
0.0230599487573216,0,"rate_effect","VIP","wisp",174,0.959918260574341,411.49706864357,21.0312209129333,1.96745443344116
0.339886077060964,0.473872557748109,"random_effect","replicate1","wisp",174,0.0286843776702881,424.162430047989,28.4714119434357,1.95679402351379
-0.567502066057757,-0.3836984555237,"random_effect","replicate2","wisp",174,0.0275018215179443,424.953616142273,28.753488779068,1.89107203483582
0.320290804529394,0.389271581778303,"random_effect","replicate3","wisp",174,0.0303053855895996,413.682648897171,32.5513451099396,1.86874127388
0.195137062530471,0.163341460516676,"random_effect","replicate4","wisp",174,0.0296225547790527,418.972558736801,22.28346991539,1.91441702842712
1.19061494061494,0,"FSE","PVALB","wisp",174,0.0314235687255859,439.402960062027,22.7104434967041,2.06456971168518
0,1,"FSE","SLC17A7","wisp",174,0.0252742767333984,437.390397071838,23.8163566589355,1.89545559883118
1.99776223776224,0,"FSE","TAC2","wisp",174,0.0300617218017578,435.108697414398,30.1848514080048,1.95747828483582
1.43927501070358,0,"FSE","VIP","wisp",174,0.0281143188476562,417.028471469879,30.4718544483185,1.9316611289978
0.958725042289316,0,"SVG","PVALB","ELLA",174,0.0322134494781494,428.645718336105,24.1389372348785,1.9397451877594
0.953352347177609,1,"SVG","SLC17A7","ELLA",174,0.0293436050415039,437.016592979431,28.5908098220825,2.00542783737183
0.0204966700887804,0,"SVG","TAC2","ELLA",174,0.0281786918640137,436.223310709,33.0396196842194,1.87908291816711
0.845450453674368,0,"SVG","VIP","ELLA",174,0.0291585922241211,432.003209590912,25.8684644699097,1.98139333724976
-2.0709623317009,0,"rate_effect","SLC17A7","DESeq2",174,0.0310695171356201,421.0782122612,30.3165369033813,1.92700958251953
0.00610200204905193,-0.255796917015687,"rate_effect","PVALB","DESeq2",174,0.0277640819549561,416.96134018898,25.3891241550446,1.93578004837036
0.00290042115105574,0,"rate_effect","TAC2","DESeq2",174,0.0296456813812256,423.063416242599,22.6420071125031,1.89431571960449
0.0303182888331502,0,"rate_effect","VIP","DESeq2",174,0.0282070636749268,430.799074888229,28.9197087287903,2.02877569198608
0,0,"FSE","SLC17A7","DESeq2",174,0.028740406036377,411.27406167984,27.1586208343506,1.95289063453674
0.856606440659949,1,"FSE","PVALB","DESeq2",174,0.0296759605407715,424.28426527977,28.5306944847107,1.97954940795898
0.867169560714495,0,"FSE","TAC2","DESeq2",174,0.0315585136413574,424.110975265503,25.9745590686798,1.83040857315063
0.148069099721821,0,"FSE","VIP","DESeq2",174,0.0303142070770264,426.358679771423,27.514014005661,1.85209774971008
-0.0803327110648661,0,"rate_effect","PVALB","wisp",175,0.0279641151428223,422.353990077972,28.4563901424408,1.88063788414001
0.103401032795885,0,"rate_effect","SLC17A7","wisp",175,0.029841423034668,455.733216524124,28.087949514389,1.87526679039001
0.0796369557279429,0,"rate_effect","TAC2","wisp",175,0.0290489196777344,428.638993501663,24.4395961761475,1.97462296485901
-0.0672682639038715,0,"rate_effect","VIP","wisp",175,0.0295510292053223,423.189258098602,21.3554708957672,1.91519999504089
0.469838955577908,0.456486613722518,"random_effect","replicate1","wisp",175,0.0303323268890381,446.011021852493,29.9634885787964,1.95551204681396
0.196491078640295,-0.113730292068794,"random_effect","replicate2","wisp",175,0.0277292728424072,425.692224502563,29.5691344738007,1.90439701080322
-0.424436951619454,-0.396712129469961,"random_effect","replicate3","wisp",175,0.935065746307373,409.268024206161,26.510181427002,1.97003269195557
-0.340716517469729,-0.356896281940863,"random_effect","replicate4","wisp",175,0.0277588367462158,420.036387681961,27.1086444854736,1.88512778282166
1.74566666666667,0,"FSE","PVALB","wisp",175,0.028433084487915,435.003904342651,22.8738830089569,1.87973070144653
1.79955555555556,0,"FSE","SLC17A7","wisp",175,0.0291740894317627,422.846745491028,27.8921658992767,1.93611168861389
0.84756,0,"FSE","TAC2","wisp",175,0.0325593948364258,422.382641553879,32.2758796215057,1.92639994621277
0.421555555555556,0,"FSE","VIP","wisp",175,0.0299866199493408,450.483470439911,27.4053957462311,1.90693759918213
0.976923489097864,1,"SVG","PVALB","ELLA",175,0.0297629833221436,434.546971559525,23.7330112457275,1.87679743766785
0.890200187779636,1,"SVG","SLC17A7","ELLA",175,0.0338435173034668,436.816553592682,29.0492534637451,1.95362281799316
0.885098592715354,1,"SVG","TAC2","ELLA",175,0.027367115020752,422.633439302444,21.7879257202148,2.01387763023376
2.20002897011184e-06,1,"SVG","VIP","ELLA",175,0.0304765701293945,341.904124975204,28.1543152332306,1.86765432357788
-3.92904010575685e-05,0,"rate_effect","SLC17A7","DESeq2",175,0.0292367935180664,428.609116077423,25.2551717758179,1.91724061965942
-0.00016327949113957,0,"rate_effect","PVALB","DESeq2",175,0.0310986042022705,444.368892192841,30.7688519954681,1.91700601577759
-9.08316293743199e-06,0,"rate_effect","TAC2","DESeq2",175,0.0286846160888672,433.176414728165,25.6008260250092,2.11447739601135
-1.83736331393159e-05,0,"rate_effect","VIP","DESeq2",175,0.0247077941894531,429.265485286713,29.3011937141418,1.89909911155701
0.711014874498702,0,"FSE","SLC17A7","DESeq2",175,0.0279552936553955,442.510897397995,34.6902959346771,1.89492797851562
0.742704482832739,0,"FSE","PVALB","DESeq2",175,0.0318880081176758,434.701031208038,26.0515778064728,1.92224431037903
0.711014874498702,0,"FSE","TAC2","DESeq2",175,0.0304415225982666,438.606535673141,24.8661851882935,1.91352796554565
0.742704482832739,0,"FSE","VIP","DESeq2",175,0.032750129699707,438.608156204224,26.6019434928894,1.87204194068909
-0.00854279429452168,0,"rate_effect","PVALB","wisp",176,0.0291445255279541,421.407907009125,22.5907454490662,1.87196683883667
-0.00010770983841213,0,"rate_effect","SLC17A7","wisp",176,0.961971044540405,427.296780824661,28.2648706436157,1.92194104194641
0.929687244068387,0.417555858381093,"rate_effect","TAC2","wisp",176,0.0310268402099609,433.440595388412,28.0865998268127,1.92976903915405
0.590185862711199,0.251432290999219,"rate_effect","VIP","wisp",176,0.0276010036468506,448.544350624084,28.3334722518921,1.90699672698975
-0.44764512369665,-0.386325123021379,"random_effect","replicate1","wisp",176,0.033125638961792,437.187759637833,25.8857131004333,1.94445037841797
-0.11117396914116,-0.212634353898466,"random_effect","replicate2","wisp",176,0.0310487747192383,416.92185997963,34.7796940803528,1.96136689186096
-0.232765076849891,-0.268232982140034,"random_effect","replicate3","wisp",176,0.0298552513122559,429.006608963013,28.0748641490936,1.91984724998474
0.463463729841926,0.498165747849271,"random_effect","replicate4","wisp",176,0.027881383895874,427.94335269928,29.6661524772644,1.91626119613647
1.32467906517446,0,"FSE","PVALB","wisp",176,0.0307164192199707,431.815202474594,29.9965281486511,1.88038921356201
1.17002688172043,0,"FSE","SLC17A7","wisp",176,0.031790018081665,415.090425491333,28.7477598190308,1.97158217430115
0,1,"FSE","TAC2","wisp",176,0.961175680160522,446.45299243927,25.8177356719971,1.91986060142517
0.0500112007168459,1,"FSE","VIP","wisp",176,0.0292866230010986,468.735806465149,25.6810131072998,1.88051891326904
0.918419526732455,0,"SVG","PVALB","ELLA",176,0.0333788394927979,430.931964159012,27.3349032402039,1.9478747844696
0.896528191213983,0,"SVG","SLC17A7","ELLA",176,0.0313360691070557,430.072258234024,32.5169382095337,1.92294645309448
0.873090911760121,1,"SVG","TAC2","ELLA",176,0.0320706367492676,410.121573209763,23.7532002925873,1.94743466377258
1.10001005754201e-06,1,"SVG","VIP","ELLA",176,0.0284214019775391,455.047101974487,29.9072344303131,1.901535987854
-0.567221343657205,0,"rate_effect","SLC17A7","DESeq2",176,0.0273256301879883,418.158571958542,29.1062133312225,1.88763666152954
-0.586694695165504,0,"rate_effect","PVALB","DESeq2",176,0.0296573638916016,428.122677564621,30.82168841362,1.92050409317017
1.16249832763637,0.417555858381093,"rate_effect","TAC2","DESeq2",176,0.0289463996887207,427.728178977966,32.8114042282104,1.94097876548767
0.569750856320634,0.251432290999219,"rate_effect","VIP","DESeq2",176,0.0289764404296875,423.737015485764,28.5979809761047,1.92490077018738
0,0,"FSE","SLC17A7","DESeq2",176,0.0297586917877197,456.613583087921,28.417432308197,1.88906669616699
0,0,"FSE","PVALB","DESeq2",176,0.0328109264373779,420.884456634521,22.5742952823639,2.0883207321167
0,1,"FSE","TAC2","DESeq2",176,0.0276672840118408,424.830772399902,28.9470098018646,1.93059301376343
0,1,"FSE","VIP","DESeq2",176,0.0286664962768555,437.511374950409,26.4271965026855,2.01169347763062
0.01268853962288,0,"rate_effect","PVALB","wisp",177,0.0293729305267334,464.370765447617,28.4331409931183,1.92028284072876
-0.0110282339744537,0,"rate_effect","SLC17A7","wisp",177,0.0321409702301025,403.638920783997,24.1360626220703,1.98838710784912
0.18799391240172,0,"rate_effect","TAC2","wisp",177,0.0281195640563965,414.873692512512,23.5046339035034,1.91408538818359
0.626819426220473,0.281766683794558,"rate_effect","VIP","wisp",177,0.963593482971191,429.04301905632,34.2810742855072,1.96899151802063
0.345821592511274,0.335290431510657,"random_effect","replicate1","wisp",177,1.88674259185791,417.523854017258,26.3215594291687,1.88364768028259
-0.435982912482048,-0.328575901454315,"random_effect","replicate2","wisp",177,0.0296945571899414,421.218112707138,27.146746635437,1.96816301345825
-0.338713751874922,-0.26017087418586,"random_effect","replicate3","wisp",177,0.0303440093994141,441.318182468414,32.5797770023346,1.93074917793274
0.368120365296198,0.458312712609768,"random_effect","replicate4","wisp",177,0.0316970348358154,431.787833929062,26.038455247879,1.94249320030212
1.15212565212565,0,"FSE","PVALB","wisp",177,0.0272305011749268,441.372266292572,32.3179461956024,1.85554122924805
1.18643856143856,0,"FSE","SLC17A7","wisp",177,0.0315840244293213,424.107073545456,30.2552561759949,1.88771200180054
0.577089577089577,0,"FSE","TAC2","wisp",177,0.0327708721160889,420.323094844818,23.4643216133118,1.9144229888916
0.18646659462986,1,"FSE","VIP","wisp",177,0.0276579856872559,448.618867874146,29.8870091438293,1.93364334106445
0.868273808582657,0,"SVG","PVALB","ELLA",177,0.031425952911377,375.935034036636,27.1698169708252,1.93180441856384
0.85761814221425,0,"SVG","SLC17A7","ELLA",177,0.0269701480865479,429.70928645134,31.0543217658997,2.00865888595581
0.916943322080768,1,"SVG","TAC2","ELLA",177,0.0327162742614746,437.831256628036,29.3419151306152,1.91435265541077
7.3333954359045e-07,1,"SVG","VIP","ELLA",177,0.0288233757019043,431.461276769638,29.5254518985748,1.95789742469788
-0.0158564222059659,0,"rate_effect","SLC17A7","DESeq2",177,0.028160572052002,427.493983983994,24.4479246139526,1.92510008811951
-0.00442205937509236,0,"rate_effect","PVALB","DESeq2",177,0.0265765190124512,465.420249700546,23.41534948349,1.87832069396973
-0.0263086058945874,0,"rate_effect","TAC2","DESeq2",177,0.0311448574066162,435.724847555161,25.2409904003143,1.97131896018982
1.31823547104095,0.281766683794558,"rate_effect","VIP","DESeq2",177,0.0287723541259766,426.489372253418,30.498678445816,1.91572141647339
0.184007518430418,0,"FSE","SLC17A7","DESeq2",177,0.028050422668457,433.407697439194,24.0474677085876,1.89630961418152
0.672185546975642,0,"FSE","PVALB","DESeq2",177,0.0294380187988281,417.568301677704,26.5134179592133,1.9169909954071
0.184007518430418,0,"FSE","TAC2","DESeq2",177,0.0276269912719727,419.191938638687,32.9697706699371,1.88022470474243
0,1,"FSE","VIP","DESeq2",177,0.0316841602325439,430.204669237137,25.8227248191833,1.93337726593018
1.15429522470638,0.439317799871787,"rate_effect","PVALB","wisp",178,0.0281548500061035,423.383732318878,27.5879828929901,2.00009894371033
-1.68560701450082,-0.310818683123216,"rate_effect","SLC17A7","wisp",178,0.950234889984131,433.018593549728,25.3655872344971,1.8637535572052
1.1421845546474,0.410009522689506,"rate_effect","TAC2","wisp",178,0.0335521697998047,425.685601949692,28.7269361019135,1.95883941650391
1.21006712508279,0.478510104585439,"rate_effect","VIP","wisp",178,0.0294747352600098,421.638487815857,30.5206129550934,1.83303546905518
-0.226951993239099,0.0129364093299955,"random_effect","replicate1","wisp",178,0.0276050567626953,403.932096004486,19.2276413440704,1.78714275360107
0.135689437103437,0.281639585038647,"random_effect","replicate2","wisp",178,0.0286576747894287,408.298879146576,22.2654452323914,1.84356260299683
0.111393573250086,0.272935717366636,"random_effect","replicate3","wisp",178,0.0274727344512939,411.141361951828,25.3585731983185,1.77027249336243
-0.026659617956203,0.223977892892435,"random_effect","replicate4","wisp",178,0.0304088592529297,414.141072034836,23.9539802074432,1.80440640449524
0,1,"FSE","PVALB","wisp",178,0.0287880897521973,408.969439744949,30.3737318515778,1.77948665618896
0,1,"FSE","SLC17A7","wisp",178,0.028679370880127,409.549560070038,22.5197160243988,1.75816679000854
0.00662333899076871,1,"FSE","TAC2","wisp",178,0.0275130271911621,403.635833740234,30.8150849342346,1.85015249252319
0.0757796653144016,1,"FSE","VIP","wisp",178,0.0293619632720947,433.035242795944,27.7534692287445,1.79997277259827
0.89698492710063,1,"SVG","PVALB","ELLA",178,0.0276510715484619,418.054634571075,30.3133184909821,1.76283740997314
0.755832708371749,1,"SVG","SLC17A7","ELLA",178,0.0313279628753662,439.242620706558,24.6636564731598,1.80634546279907
0.958270296323382,1,"SVG","TAC2","ELLA",178,0.0292425155639648,351.229082584381,27.6974363327026,1.83659362792969
1.10000735037419e-06,1,"SVG","VIP","ELLA",178,0.0299062728881836,428.477724790573,27.0271451473236,1.79152250289917
-4.56349522421913,0.439317799871787,"rate_effect","SLC17A7","DESeq2",178,0.028439998626709,400.481114149094,25.8864300251007,1.79541492462158
0.0757344247333385,-0.310818683123216,"rate_effect","PVALB","DESeq2",178,0.895889282226562,416.329598903656,25.5795469284058,1.76463961601257
-0.0752005865976186,0.410009522689506,"rate_effect","TAC2","DESeq2",178,0.0301418304443359,397.71418094635,28.2146577835083,1.78049683570862
0.174080274468209,0.478510104585439,"rate_effect","VIP","DESeq2",178,0.0305290222167969,413.912841081619,30.5826287269592,1.81949877738953
0,1,"FSE","SLC17A7","DESeq2",178,0.0295813083648682,405.915508031845,25.7490229606628,1.80578708648682
1.88734611516373e-21,1,"FSE","PVALB","DESeq2",178,0.0276761054992676,401.609362363815,23.6494569778442,1.81292271614075
3.54028806639302e-11,1,"FSE","TAC2","DESeq2",178,0.0274889469146729,409.212975025177,25.6452651023865,1.82821798324585
1.11432931257699e-33,1,"FSE","VIP","DESeq2",178,0.0307917594909668,414.806458950043,29.2246925830841,1.80796146392822
-0.011436487585299,0,"rate_effect","PVALB","wisp",179,0.0279734134674072,423.394227981567,30.1006395816803,1.78223991394043
0.182192398298556,0,"rate_effect","SLC17A7","wisp",179,0.0319101810455322,426.406829357147,27.4714765548706,1.80058145523071
-0.041493002560746,0,"rate_effect","TAC2","wisp",179,0.029646635055542,402.189610004425,27.126549243927,1.84013605117798
0.0158725728005351,0,"rate_effect","VIP","wisp",179,0.0317471027374268,435.770930051804,27.0759134292603,1.74023652076721
-0.441201309738528,-0.414640815695748,"random_effect","replicate1","wisp",179,0.028592586517334,408.307660102844,29.5158882141113,1.77786779403687
0.266441719834844,-0.191737561486661,"random_effect","replicate2","wisp",179,0.0283982753753662,411.093592882156,27.4431064128876,1.73424339294434
0.456774447220302,0.117128889542073,"random_effect","replicate3","wisp",179,0.0274736881256104,406.61597943306,31.6404249668121,1.80775022506714
-0.319799016698702,-0.358676251024008,"random_effect","replicate4","wisp",179,0.0311400890350342,408.279498338699,23.8222887516022,1.86932563781738
1.50485514485514,0,"FSE","PVALB","wisp",179,0.0311648845672607,409.458102464676,26.5550758838654,1.80131101608276
0.594956064343819,0,"FSE","SLC17A7","wisp",179,0.029813289642334,411.923641443253,23.8093945980072,1.76051712036133
1.45443445443445,0,"FSE","TAC2","wisp",179,0.0329639911651611,405.545966625214,31.5916204452515,1.78944897651672
1.46822621822622,0,"FSE","VIP","wisp",179,0.0260028839111328,425.389599561691,24.1233968734741,1.78804445266724
0.941988258855835,0,"SVG","PVALB","ELLA",179,0.0357918739318848,398.119257926941,28.8584458827972,1.83746886253357
0.914335249299551,1,"SVG","SLC17A7","ELLA",179,0.0309436321258545,418.349713802338,35.2129671573639,1.8385636806488
2.20004761142256e-06,1,"SVG","TAC2","ELLA",179,0.0236492156982422,406.516528367996,25.677962064743,1.86991882324219
0.894817487735791,0,"SVG","VIP","ELLA",179,0.0269579887390137,425.068669080734,31.497305393219,1.86204314231873
5.12269772162337e-05,0,"rate_effect","SLC17A7","DESeq2",179,0.0278401374816895,422.368977308273,21.9365797042847,1.84537696838379
-2.15777292422997e-05,0,"rate_effect","PVALB","DESeq2",179,0.0262370109558105,430.461272001266,26.6901309490204,1.90605521202087
-8.49164322433662e-05,0,"rate_effect","TAC2","DESeq2",179,0.0279896259307861,412.056294202805,28.827924489975,2.02909517288208
0.000152033789892744,0,"rate_effect","VIP","DESeq2",179,0.0239815711975098,437.154964923859,21.9802222251892,1.92869520187378
0.908415309467919,0,"FSE","SLC17A7","DESeq2",179,0.0296258926391602,422.03987288475,33.1828806400299,1.90689778327942
0.908415309467919,0,"FSE","PVALB","DESeq2",179,0.0269100666046143,453.455007553101,24.2923212051392,1.84552454948425
0.731030556068751,0,"FSE","TAC2","DESeq2",179,0.0264310836791992,436.033627033234,27.4141705036163,1.84341669082642
0.908415309467919,0,"FSE","VIP","DESeq2",179,0.030048131942749,416.873572587967,22.743204832077,1.89280819892883
-0.924307379349316,-0.280943674966693,"rate_effect","PVALB","wisp",180,0.026158332824707,418.94610118866,26.0069177150726,1.88708782196045
0.00554953807366103,0,"rate_effect","SLC17A7","wisp",180,0.02978515625,411.92558836937,23.0960333347321,1.92023396492004
-0.0300604978785418,0,"rate_effect","TAC2","wisp",180,0.0285301208496094,440.837086200714,25.1775932312012,1.9048330783844
0.160635424904389,0,"rate_effect","VIP","wisp",180,0.0287730693817139,418.37282538414,26.0856287479401,2.60899710655212
-0.370065741013706,-0.45957915042527,"random_effect","replicate1","wisp",180,0.0306224822998047,420.641088485718,27.347541809082,1.87631368637085
-0.451789898311063,-0.474131589522585,"random_effect","replicate2","wisp",180,0.0251264572143555,428.662610292435,21.5447599887848,1.84871196746826
-0.103191267449846,-0.412948844023049,"random_effect","replicate3","wisp",180,0.0291104316711426,427.803039550781,30.6923115253448,1.89639258384705
0.613261307901472,0.209090561140329,"random_effect","replicate4","wisp",180,0.0312936305999756,424.708827018738,25.2575786113739,1.85999202728271
0,1,"FSE","PVALB","wisp",180,0.0281896591186523,432.656529903412,24.8084371089935,1.89901542663574
0.6185,0,"FSE","SLC17A7","wisp",180,0.031583309173584,427.925946950912,26.4291985034943,1.92317056655884
1.39233333333333,0,"FSE","TAC2","wisp",180,0.0287032127380371,424.533989191055,32.605699300766,1.91907668113708
0.81136,0,"FSE","VIP","wisp",180,0.0302207469940186,439.701268434525,32.080885887146,1.9224226474762
0.882384003287275,1,"SVG","PVALB","ELLA",180,0.0275440216064453,423.768881559372,22.7086806297302,1.91026425361633
0.955534244438488,0,"SVG","SLC17A7","ELLA",180,0.0284562110900879,418.428074121475,25.0440411567688,1.86522579193115
0.809290370855241,1,"SVG","TAC2","ELLA",180,0.0321822166442871,423.145944595337,28.5050308704376,1.88742089271545
0.916665553570795,1,"SVG","VIP","ELLA",180,1.83389782905579,428.387951374054,27.2869317531586,1.97345232963562
0.0201303121494271,-0.280943674966693,"rate_effect","SLC17A7","DESeq2",180,0.029057502746582,342.884785890579,24.0696587562561,1.93395066261292
-2.38785674772131,0,"rate_effect","PVALB","DESeq2",180,0.0272171497344971,438.251104593277,21.7468342781067,1.89160752296448
0.0348205914198985,0,"rate_effect","TAC2","DESeq2",180,0.0269596576690674,421.046288967133,23.9341967105865,1.92022323608398
0.0263605185202594,0,"rate_effect","VIP","DESeq2",180,0.0296871662139893,413.815036773682,29.3492894172668,1.99918484687805
0.46031915665121,1,"FSE","SLC17A7","DESeq2",180,0.0308065414428711,436.233450174332,30.0629839897156,1.94655609130859
0,0,"FSE","PVALB","DESeq2",180,0.0267951488494873,437.389758586884,29.0803780555725,1.91891193389893
0.46031915665121,0,"FSE","TAC2","DESeq2",180,0.0312454700469971,421.801689386368,32.9749879837036,1.85251688957214
0.46031915665121,0,"FSE","VIP","DESeq2",180,0.0282926559448242,412.800875425339,32.2108843326569,2.01232624053955
0.0176389881321884,0,"rate_effect","PVALB","wisp",181,0.0285141468048096,415.758309602737,22.5008878707886,1.89890432357788
-0.179830350072509,0,"rate_effect","SLC17A7","wisp",181,0.0309028625488281,448.807687759399,27.4583051204681,2.57047271728516
-0.0241912982426388,0,"rate_effect","TAC2","wisp",181,0.0265467166900635,425.658793926239,26.1612327098846,1.99357652664185
-1.17823467819314,-0.293366089230403,"rate_effect","VIP","wisp",181,0.0303549766540527,419.892758131027,27.2944993972778,1.90579128265381
-0.217944742570718,-0.201564688235521,"random_effect","replicate1","wisp",181,0.0257844924926758,423.843417406082,27.4935083389282,1.95272493362427
0.388007123103419,0.409119656309485,"random_effect","replicate2","wisp",181,0.0316722393035889,419.851747989655,33.067813873291,1.91422843933105
-0.233022687562198,-0.199226426891983,"random_effect","replicate3","wisp",181,0.0286879539489746,432.175387382507,25.0857548713684,1.89460062980652
-0.246657008330878,-0.0846564972307533,"random_effect","replicate4","wisp",181,0.02815842628479,433.26940369606,29.9820668697357,1.89951992034912
1.40200859166376,0,"FSE","PVALB","wisp",181,0.0281815528869629,422.863761901855,31.7035093307495,1.87914896011353
1.02808254963427,0,"FSE","SLC17A7","wisp",181,0.0313327312469482,419.048016548157,28.450918674469,1.91853785514832
1.52803901079763,0,"FSE","TAC2","wisp",181,0.0285539627075195,428.176956653595,28.7329323291779,1.9428985118866
0.00196447230929984,1,"FSE","VIP","wisp",181,0.0334653854370117,448.894484519958,26.7565746307373,1.9282500743866
0.84305803215853,0,"SVG","PVALB","ELLA",181,0.0286557674407959,431.972440481186,31.2850565910339,1.88315010070801
0.916892499708969,1,"SVG","SLC17A7","ELLA",181,0.0300242900848389,424.963372707367,22.1425814628601,1.95683145523071
0.966602158337266,0,"SVG","TAC2","ELLA",181,0.0302369594573975,418.386739492416,27.6639943122864,1.88131093978882
3.14286085878468e-07,1,"SVG","VIP","ELLA",181,0.0300443172454834,421.28426527977,26.8966805934906,1.87866401672363
0.00648508827131464,0,"rate_effect","SLC17A7","DESeq2",181,0.0321400165557861,442.835676431656,31.8027515411377,1.93642425537109
0.0218772684961789,0,"rate_effect","PVALB","DESeq2",181,0.0286946296691895,454.172886371613,20.994350194931,1.92745304107666
0.007696174761471,0,"rate_effect","TAC2","DESeq2",181,0.0270276069641113,426.286192655563,29.4402439594269,1.9688024520874
-2.54944643422091,-0.293366089230403,"rate_effect","VIP","DESeq2",181,0.028942346572876,426.630576610565,26.7875216007233,1.85739088058472
0.382128951723528,0,"FSE","SLC17A7","DESeq2",181,0.0292212963104248,403.239965200424,18.2296206951141,1.95345449447632
0.0866630394592041,0,"FSE","PVALB","DESeq2",181,0.0291359424591064,437.543063640594,30.7751030921936,1.94943451881409
0.651402428372718,0,"FSE","TAC2","DESeq2",181,0.0285475254058838,424.828949689865,29.1811516284943,1.91415333747864
0,1,"FSE","VIP","DESeq2",181,0.0288188457489014,410.777765274048,29.7327396869659,1.89316058158875
0.00254261909839546,0,"rate_effect","PVALB","wisp",182,0.032414436340332,419.698316812515,29.1467514038086,1.89908075332642
-0.00284000062119096,0,"rate_effect","SLC17A7","wisp",182,0.0276556015014648,420.921313047409,29.8099269866943,1.88652443885803
-0.0761565166833019,0,"rate_effect","TAC2","wisp",182,0.0273778438568115,421.405151367188,26.7447578907013,1.91813373565674
-0.0157185400901377,0,"rate_effect","VIP","wisp",182,0.031156063079834,429.191378355026,28.5962595939636,1.9064519405365
0.0620346736131924,-0.046856424305588,"random_effect","replicate1","wisp",182,0.0286152362823486,427.424861907959,26.4314243793488,1.93819808959961
-0.434914411972385,-0.336360993329436,"random_effect","replicate2","wisp",182,0.0281038284301758,418.824084997177,25.559473991394,2.10096716880798
0.357806226771875,0.368005038471892,"random_effect","replicate3","wisp",182,0.0306472778320312,466.21201300621,29.5179445743561,1.95194005966187
0.0908317257793487,-0.0485664431471378,"random_effect","replicate4","wisp",182,0.0272939205169678,428.564567327499,28.1826069355011,1.93955206871033
2.1357042957043,0,"FSE","PVALB","wisp",182,0.0268537998199463,428.62980222702,28.0788650512695,1.86716628074646
2.30463286713287,0,"FSE","SLC17A7","wisp",182,0.0316793918609619,433.665621757507,28.1941282749176,1.93836879730225
0.912414116495749,0,"FSE","TAC2","wisp",182,0.03013014793396,428.914049386978,27.9392147064209,1.9660108089447
1.3165202144794,0,"FSE","VIP","wisp",182,0.0287206172943115,433.117321252823,28.3073542118073,1.88844609260559
0.842270239837781,0,"SVG","PVALB","ELLA",182,0.0285968780517578,418.431674480438,33.0067012310028,1.91616630554199
0.921622867667033,0,"SVG","SLC17A7","ELLA",182,0.0298805236816406,434.249496936798,27.1291103363037,1.91533708572388
1.10000708469782e-06,1,"SVG","TAC2","ELLA",182,0.0283896923065186,421.070561885834,30.8779003620148,1.90010547637939
0.957674394639704,0,"SVG","VIP","ELLA",182,0.029975414276123,428.989985227585,23.9281105995178,1.94244980812073
-0.000422029858769703,0,"rate_effect","SLC17A7","DESeq2",182,0.0299692153930664,457.875961065292,31.8868365287781,1.89758825302124
5.23429590397906e-05,0,"rate_effect","PVALB","DESeq2",182,0.02939772605896,417.147555589676,23.9216980934143,1.87791299819946
5.9942804373182e-05,0,"rate_effect","TAC2","DESeq2",182,0.0280909538269043,416.846960306168,27.8313653469086,1.94330286979675
-8.81588129915452e-05,0,"rate_effect","VIP","DESeq2",182,0.0304865837097168,344.447868108749,27.1202914714813,1.91046500205994
0.810383632370152,0,"FSE","SLC17A7","DESeq2",182,0.029170036315918,439.159169435501,28.2010991573334,1.95590901374817
0.810383632370152,0,"FSE","PVALB","DESeq2",182,0.0297019481658936,437.935654640198,30.1933093070984,1.91210222244263
0.810383632370152,0,"FSE","TAC2","DESeq2",182,0.027332067489624,424.346310138702,25.7669529914856,1.95130276679993
0.810383632370152,0,"FSE","VIP","DESeq2",182,0.0291640758514404,437.639401674271,30.6169512271881,1.97665858268738
0.133193231401446,0.0602592132054269,"rate_effect","PVALB","wisp",183,0.0300407409667969,426.175881147385,30.7624077796936,1.87547874450684
-0.0915302641334863,-0.0126602827595518,"rate_effect","SLC17A7","wisp",183,0.0379784107208252,431.229801654816,21.6975998878479,1.9074375629425
-0.0430219487783173,0,"rate_effect","TAC2","wisp",183,0.0266921520233154,428.557741880417,22.2550806999207,1.90938234329224
0.00702964894572909,0,"rate_effect","VIP","wisp",183,0.0271389484405518,437.074442386627,26.5238418579102,1.91658329963684
-0.290269057436833,-0.20226270868443,"random_effect","replicate1","wisp",183,0.0304219722747803,437.910945653915,22.326967716217,1.87165641784668
0.0812223847554018,-8.43964517116547e-05,"random_effect","replicate2","wisp",183,0.0298922061920166,438.342940330505,27.465437412262,1.94656467437744
-0.212458666127859,-0.120955830439925,"random_effect","replicate3","wisp",183,0.0309114456176758,435.115567207336,31.1347949504852,1.98431396484375
0.331186435762066,0.358172451611608,"random_effect","replicate4","wisp",183,0.0306754112243652,438.493384361267,28.8851320743561,1.9389660358429
0.449270729270729,1,"FSE","PVALB","wisp",183,0.0304248332977295,448.30394411087,32.6194403171539,1.90953707695007
1.57553557553558,1,"FSE","SLC17A7","wisp",183,0.0324821472167969,415.358382225037,32.2989933490753,1.89722228050232
0.838827838827839,0,"FSE","TAC2","wisp",183,0.0308408737182617,436.328069925308,27.416788816452,1.91525959968567
0.6798001998002,0,"FSE","VIP","wisp",183,0.0313224792480469,427.341772556305,28.5475046634674,1.95126700401306
0.851314015537795,1,"SVG","PVALB","ELLA",183,0.0268018245697021,431.519038438797,28.7881174087524,1.92720103263855
0.877119286556067,1,"SVG","SLC17A7","ELLA",183,0.0292632579803467,428.10148024559,30.4223482608795,1.970871925354
0.881472133879066,0,"SVG","TAC2","ELLA",183,0.0282788276672363,405.253556966782,25.0135204792023,2.00466966629028
0.83375790721538,0,"SVG","VIP","ELLA",183,0.0284509658813477,431.580227851868,27.9698166847229,1.89975738525391
-0.0765968226174424,0.0602592132054269,"rate_effect","SLC17A7","DESeq2",183,0.0286874771118164,430.834863185883,27.7004799842834,1.89838004112244
0.299788285484211,-0.0126602827595518,"rate_effect","PVALB","DESeq2",183,0.0305662155151367,442.693529844284,26.6938269138336,1.96454334259033
0.0097056556239625,0,"rate_effect","TAC2","DESeq2",183,0.02779221534729,451.127518415451,26.0369720458984,1.90947294235229
-0.00954483985684909,0,"rate_effect","VIP","DESeq2",183,0.0288090705871582,419.77030134201,25.7107317447662,1.97353386878967
1.06461026120887e-32,1,"FSE","SLC17A7","DESeq2",183,0.0304677486419678,425.153422117233,24.997104883194,1.92307567596436
2.35275304159666e-185,1,"FSE","PVALB","DESeq2",183,0.0301992893218994,437.201149463654,31.2977366447449,1.96999192237854
0.526531040775469,0,"FSE","TAC2","DESeq2",183,0.0317413806915283,419.524928569794,21.2905933856964,1.96289253234863
0.526531040775469,0,"FSE","VIP","DESeq2",183,0.0284855365753174,446.937193155289,28.4970102310181,1.91163372993469
0.0133979497337831,0,"rate_effect","PVALB","wisp",184,0.0274665355682373,444.712888479233,23.9891443252563,1.87488484382629
-0.0335538878623516,0,"rate_effect","SLC17A7","wisp",184,0.0323386192321777,417.759402275085,25.2549314498901,1.89371967315674
-2.06055603427949,-0.399340159259737,"rate_effect","TAC2","wisp",184,0.0282852649688721,416.854083061218,30.6044044494629,1.92660236358643
0.914767160327015,0.472298509208485,"rate_effect","VIP","wisp",184,0.0322670936584473,421.5183634758,31.4342231750488,1.93913173675537
-0.189537968067959,-0.166139029199257,"random_effect","replicate1","wisp",184,0.0289487838745117,448.733220338821,26.4758231639862,1.96097540855408
0.348005220419805,0.289184750057757,"random_effect","replicate2","wisp",184,0.0280981063842773,427.417523622513,30.1986346244812,1.98125243186951
-0.234138863652253,-0.197530630743131,"random_effect","replicate3","wisp",184,0.0323467254638672,453.860027313232,30.1176075935364,1.94006776809692
-0.063385760743607,-0.116741276578978,"random_effect","replicate4","wisp",184,0.0279364585876465,419.111906051636,30.3025121688843,1.82835912704468
0.913530913530913,0,"FSE","PVALB","wisp",184,0.0278191566467285,422.150298118591,25.0138621330261,1.9052460193634
0.832616363228608,0,"FSE","SLC17A7","wisp",184,0.975653648376465,431.828337192535,27.9934065341949,1.96088552474976
0,1,"FSE","TAC2","wisp",184,0.0273873805999756,417.86593914032,26.1573016643524,1.92815375328064
0,1,"FSE","VIP","wisp",184,0.0301876068115234,421.714729070663,36.1966271400452,1.85416579246521
0.994496436713409,0,"SVG","PVALB","ELLA",184,0.966925382614136,423.18149805069,28.2153370380402,1.94660639762878
0.87795519106689,0,"SVG","SLC17A7","ELLA",184,0.959918260574341,411.49706864357,21.0312209129333,1.96745443344116
0.973399386098332,1,"SVG","TAC2","ELLA",184,0.0286843776702881,424.162430047989,28.4714119434357,1.95679402351379
1.10001505765345e-06,1,"SVG","VIP","ELLA",184,0.0275018215179443,424.953616142273,28.753488779068,1.89107203483582
-0.00820061382807675,0,"rate_effect","SLC17A7","DESeq2",184,0.0303053855895996,413.682648897171,32.5513451099396,1.86874127388
0.00735710977363352,0,"rate_effect","PVALB","DESeq2",184,0.0296225547790527,418.972558736801,22.28346991539,1.91441702842712
-4.74312976924802,-0.399340159259737,"rate_effect","TAC2","DESeq2",184,0.0314235687255859,439.402960062027,22.7104434967041,2.06456971168518
1.91250903757792,0.472298509208485,"rate_effect","VIP","DESeq2",184,0.0252742767333984,437.390397071838,23.8163566589355,1.89545559883118
0.15102005233315,0,"FSE","SLC17A7","DESeq2",184,0.0300617218017578,435.108697414398,30.1848514080048,1.95747828483582
0.470234399745893,0,"FSE","PVALB","DESeq2",184,0.0281143188476562,417.028471469879,30.4718544483185,1.9316611289978
0,1,"FSE","TAC2","DESeq2",184,0.0322134494781494,428.645718336105,24.1389372348785,1.9397451877594
0,1,"FSE","VIP","DESeq2",184,0.0293436050415039,437.016592979431,28.5908098220825,2.00542783737183
0.0084839290071016,0,"rate_effect","PVALB","wisp",185,0.0281786918640137,436.223310709,33.0396196842194,1.87908291816711
-0.0173198523596053,0,"rate_effect","SLC17A7","wisp",185,0.0291585922241211,432.003209590912,25.8684644699097,1.98139333724976
-0.0264294723763765,0,"rate_effect","TAC2","wisp",185,0.0310695171356201,421.0782122612,30.3165369033813,1.92700958251953
0.161993165262828,0,"rate_effect","VIP","wisp",185,0.0277640819549561,416.96134018898,25.3891241550446,1.93578004837036
-0.172859062635242,-0.329673840431497,"random_effect","replicate1","wisp",185,0.0296456813812256,423.063416242599,22.6420071125031,1.89431571960449
-0.278498297559409,-0.366716539487243,"random_effect","replicate2","wisp",185,0.0282070636749268,430.799074888229,28.9197087287903,2.02877569198608
-0.487789384578976,-0.438575063832104,"random_effect","replicate3","wisp",185,0.028740406036377,411.27406167984,27.1586208343506,1.95289063453674
0.560984395021464,0.390576710458845,"random_effect","replicate4","wisp",185,0.0296759605407715,424.28426527977,28.5306944847107,1.97954940795898
1.61262737262737,0,"FSE","PVALB","wisp",185,0.0315585136413574,424.110975265503,25.9745590686798,1.83040857315063
1.55613830613831,0,"FSE","SLC17A7","wisp",185,0.0303142070770264,426.358679771423,27.514014005661,1.85209774971008
1.22039185304491,0,"FSE","TAC2","wisp",185,0.0279641151428223,422.353990077972,28.4563901424408,1.88063788414001
0.176945503476116,0,"FSE","VIP","wisp",185,0.029841423034668,455.733216524124,28.087949514389,1.87526679039001
0.971864897178521,0,"SVG","PVALB","ELLA",185,0.0290489196777344,428.638993501663,24.4395961761475,1.97462296485901
0.892179426085332,0,"SVG","SLC17A7","ELLA",185,0.0295510292053223,423.189258098602,21.3554708957672,1.91519999504089
0.893324205990129,0,"SVG","TAC2","ELLA",185,0.0303323268890381,446.011021852493,29.9634885787964,1.95551204681396
4.3968492258184e-07,1,"SVG","VIP","ELLA",185,0.0277292728424072,425.692224502563,29.5691344738007,1.90439701080322
8.8110637842286e-05,0,"rate_effect","SLC17A7","DESeq2",185,0.935065746307373,409.268024206161,26.510181427002,1.97003269195557
1.71082494550868e-05,0,"rate_effect","PVALB","DESeq2",185,0.0277588367462158,420.036387681961,27.1086444854736,1.88512778282166
1.98571826850524e-05,0,"rate_effect","TAC2","DESeq2",185,0.028433084487915,435.003904342651,22.8738830089569,1.87973070144653
-5.75761416721769e-05,0,"rate_effect","VIP","DESeq2",185,0.0291740894317627,422.846745491028,27.8921658992767,1.93611168861389
0.460333278881619,0,"FSE","SLC17A7","DESeq2",185,0.0325593948364258,422.382641553879,32.2758796215057,1.92639994621277
0.460333278881619,0,"FSE","PVALB","DESeq2",185,0.0299866199493408,450.483470439911,27.4053957462311,1.90693759918213
0.825186729855492,0,"FSE","TAC2","DESeq2",185,0.0297629833221436,434.546971559525,23.7330112457275,1.87679743766785
0.460333278881619,0,"FSE","VIP","DESeq2",185,0.0338435173034668,436.816553592682,29.0492534637451,1.95362281799316
0.0387495101520251,0,"rate_effect","PVALB","wisp",186,0.027367115020752,422.633439302444,21.7879257202148,2.01387763023376
-0.627199019109001,-0.164701350498945,"rate_effect","SLC17A7","wisp",186,0.0304765701293945,341.904124975204,28.1543152332306,1.86765432357788
0.318028286388602,0.140252526849508,"rate_effect","TAC2","wisp",186,0.0292367935180664,428.609116077423,25.2551717758179,1.91724061965942
-0.0338826725872315,0,"rate_effect","VIP","wisp",186,0.0310986042022705,444.368892192841,30.7688519954681,1.91700601577759
-0.181542914888617,-0.0410524695180357,"random_effect","replicate1","wisp",186,0.0286846160888672,433.176414728165,25.6008260250092,2.11447739601135
-0.336500677396912,-0.171835230197757,"random_effect","replicate2","wisp",186,0.0247077941894531,429.265485286713,29.3011937141418,1.89909911155701
0.198261935670304,0.326996949035674,"random_effect","replicate3","wisp",186,0.0279552936553955,442.510897397995,34.6902959346771,1.89492797851562
0.253855508290687,0.312666960759088,"random_effect","replicate4","wisp",186,0.0318880081176758,434.701031208038,26.0515778064728,1.92224431037903
0.798481518481518,0,"FSE","PVALB","wisp",186,0.0304415225982666,438.606535673141,24.8661851882935,1.91352796554565
0.0899100899100898,1,"FSE","SLC17A7","wisp",186,0.032750129699707,438.608156204224,26.6019434928894,1.87204194068909
0.225024975024975,1,"FSE","TAC2","wisp",186,0.0291445255279541,421.407907009125,22.5907454490662,1.87196683883667
0.731988011988012,0,"FSE","VIP","wisp",186,0.961971044540405,427.296780824661,28.2648706436157,1.92194104194641
0.896944042888501,0,"SVG","PVALB","ELLA",186,0.0310268402099609,433.440595388412,28.0865998268127,1.92976903915405
0.970308011789322,1,"SVG","SLC17A7","ELLA",186,0.0276010036468506,448.544350624084,28.3334722518921,1.90699672698975
0.766687650228889,1,"SVG","TAC2","ELLA",186,0.033125638961792,437.187759637833,25.8857131004333,1.94445037841797
0.80262714870687,0,"SVG","VIP","ELLA",186,0.0310487747192383,416.92185997963,34.7796940803528,1.96136689186096
-1.17228657691529,0,"rate_effect","SLC17A7","DESeq2",186,0.0298552513122559,429.006608963013,28.0748641490936,1.91984724998474
-0.00336172618518695,-0.164701350498945,"rate_effect","PVALB","DESeq2",186,0.027881383895874,427.94335269928,29.6661524772644,1.91626119613647
0.716096824237917,0.140252526849508,"rate_effect","TAC2","DESeq2",186,0.0307164192199707,431.815202474594,29.9965281486511,1.88038921356201
0.00330311382663329,0,"rate_effect","VIP","DESeq2",186,0.031790018081665,415.090425491333,28.7477598190308,1.97158217430115
0,0,"FSE","SLC17A7","DESeq2",186,0.961175680160522,446.45299243927,25.8177356719971,1.91986060142517
0.812343890532906,1,"FSE","PVALB","DESeq2",186,0.0292866230010986,468.735806465149,25.6810131072998,1.88051891326904
0,1,"FSE","TAC2","DESeq2",186,0.0333788394927979,430.931964159012,27.3349032402039,1.9478747844696
0.812343890532906,0,"FSE","VIP","DESeq2",186,0.0313360691070557,430.072258234024,32.5169382095337,1.92294645309448
0.106739563523413,0,"rate_effect","PVALB","wisp",187,0.0320706367492676,410.121573209763,23.7532002925873,1.94743466377258
-6.1566207259995,-0.497584377415478,"rate_effect","SLC17A7","wisp",187,0.0284214019775391,455.047101974487,29.9072344303131,1.901535987854
0.249501011550269,0,"rate_effect","TAC2","wisp",187,0.0273256301879883,418.158571958542,29.1062133312225,1.88763666152954
0.557822599409211,0,"rate_effect","VIP","wisp",187,0.0296573638916016,428.122677564621,30.82168841362,1.92050409317017
-0.771673716795457,-0.492163013666868,"random_effect","replicate1","wisp",187,0.0289463996887207,427.728178977966,32.8114042282104,1.94097876548767
0.0315222137308276,-0.218451638240367,"random_effect","replicate2","wisp",187,0.0289764404296875,423.737015485764,28.5979809761047,1.92490077018738
0.482044679006707,0.463449209230021,"random_effect","replicate3","wisp",187,0.0297586917877197,456.613583087921,28.417432308197,1.88906669616699
0.491621045740317,0.467349664540961,"random_effect","replicate4","wisp",187,0.0328109264373779,420.884456634521,22.5742952823639,2.0883207321167
0.669580419580419,0,"FSE","PVALB","wisp",187,0.0276672840118408,424.830772399902,28.9470098018646,1.93059301376343
0,1,"FSE","SLC17A7","wisp",187,0.0286664962768555,437.511374950409,26.4271965026855,2.01169347763062
0.37524975024975,0,"FSE","TAC2","wisp",187,0.0293729305267334,464.370765447617,28.4331409931183,1.92028284072876
0.0824775224775226,0,"FSE","VIP","wisp",187,0.0321409702301025,403.638920783997,24.1360626220703,1.98838710784912
0.963478679238159,1,"SVG","PVALB","ELLA",187,0.0281195640563965,414.873692512512,23.5046339035034,1.91408538818359
0.875709072998312,1,"SVG","SLC17A7","ELLA",187,0.963593482971191,429.04301905632,34.2810742855072,1.96899151802063
0.93186857758138,1,"SVG","TAC2","ELLA",187,1.88674259185791,417.523854017258,26.3215594291687,1.88364768028259
2.2000750808937e-06,1,"SVG","VIP","ELLA",187,0.0296945571899414,421.218112707138,27.146746635437,1.96816301345825
-15.3306357822857,0,"rate_effect","SLC17A7","DESeq2",187,0.0303440093994141,441.318182468414,32.5797770023346,1.93074917793274
0.00669219972847341,-0.497584377415478,"rate_effect","PVALB","DESeq2",187,0.0316970348358154,431.787833929062,26.038455247879,1.94249320030212
-0.0166990171577948,0,"rate_effect","TAC2","DESeq2",187,0.0272305011749268,441.372266292572,32.3179461956024,1.85554122924805
-0.000970820864485922,0,"rate_effect","VIP","DESeq2",187,0.0315840244293213,424.107073545456,30.2552561759949,1.88771200180054
0,0,"FSE","SLC17A7","DESeq2",187,0.0327708721160889,420.323094844818,23.4643216133118,1.9144229888916
0.927994617314894,1,"FSE","PVALB","DESeq2",187,0.0276579856872559,448.618867874146,29.8870091438293,1.93364334106445
0.790142923407559,0,"FSE","TAC2","DESeq2",187,0.031425952911377,375.935034036636,27.1698169708252,1.93180441856384
0.948746537083686,0,"FSE","VIP","DESeq2",187,0.0269701480865479,429.70928645134,31.0543217658997,2.00865888595581
-0.00896884113598207,0,"rate_effect","PVALB","wisp",188,0.0327162742614746,437.831256628036,29.3419151306152,1.91435265541077
0.110653750593279,0,"rate_effect","SLC17A7","wisp",188,0.0288233757019043,431.461276769638,29.5254518985748,1.95789742469788
-0.591107642632595,0,"rate_effect","TAC2","wisp",188,0.028160572052002,427.493983983994,24.4479246139526,1.92510008811951
-0.0333713989898976,0,"rate_effect","VIP","wisp",188,0.0265765190124512,465.420249700546,23.41534948349,1.87832069396973
-0.213840616586112,0.0967862750403583,"random_effect","replicate1","wisp",188,0.0311448574066162,435.724847555161,25.2409904003143,1.97131896018982
0.0631061051117777,0.254286011913791,"random_effect","replicate2","wisp",188,0.0287723541259766,426.489372253418,30.498678445816,1.91572141647339
0.196633561591896,0.456220091087744,"random_effect","replicate3","wisp",188,0.028050422668457,433.407697439194,24.0474677085876,1.89630961418152
-0.116749495579317,0.197037342470139,"random_effect","replicate4","wisp",188,0.0294380187988281,417.568301677704,26.5134179592133,1.9169909954071
0.855789704408818,0,"FSE","PVALB","wisp",188,0.0276269912719727,419.191938638687,32.9697706699371,1.88022470474243
1.27642785571142,0,"FSE","SLC17A7","wisp",188,0.0316841602325439,430.204669237137,25.8227248191833,1.93337726593018
0.376690881763527,0,"FSE","TAC2","wisp",188,0.0281548500061035,423.383732318878,27.5879828929901,2.00009894371033
0.606259393787575,0,"FSE","VIP","wisp",188,0.950234889984131,433.018593549728,25.3655872344971,1.8637535572052
0.802961254354411,0,"SVG","PVALB","ELLA",188,0.0335521697998047,425.685601949692,28.7269361019135,1.95883941650391
0.948190032610008,1,"SVG","SLC17A7","ELLA",188,0.0294747352600098,421.638487815857,30.5206129550934,1.83303546905518
1.10001475817079e-06,1,"SVG","TAC2","ELLA",188,0.0276050567626953,403.932096004486,19.2276413440704,1.78714275360107
0.956250453503079,0,"SVG","VIP","ELLA",188,0.0286576747894287,408.298879146576,22.2654452323914,1.84356260299683
0.00161361016434014,0,"rate_effect","SLC17A7","DESeq2",188,0.0274727344512939,411.141361951828,25.3585731983185,1.77027249336243
-0.000165248012759663,0,"rate_effect","PVALB","DESeq2",188,0.0304088592529297,414.141072034836,23.9539802074432,1.80440640449524
0.000519470073384982,0,"rate_effect","TAC2","DESeq2",188,0.0287880897521973,408.969439744949,30.3737318515778,1.77948665618896
-0.000156305794857838,0,"rate_effect","VIP","DESeq2",188,0.028679370880127,409.549560070038,22.5197160243988,1.75816679000854
0.955966105622977,0,"FSE","SLC17A7","DESeq2",188,0.0275130271911621,403.635833740234,30.8150849342346,1.85015249252319
0.955966105622977,0,"FSE","PVALB","DESeq2",188,0.0293619632720947,433.035242795944,27.7534692287445,1.79997277259827
0.743737484323314,0,"FSE","TAC2","DESeq2",188,0.0276510715484619,418.054634571075,30.3133184909821,1.76283740997314
0.38452686520813,0,"FSE","VIP","DESeq2",188,0.0313279628753662,439.242620706558,24.6636564731598,1.80634546279907
-0.332820129748767,0,"rate_effect","PVALB","wisp",189,0.0292425155639648,351.229082584381,27.6974363327026,1.83659362792969
0.682703516795057,0.202580824261531,"rate_effect","SLC17A7","wisp",189,0.0299062728881836,428.477724790573,27.0271451473236,1.79152250289917
-0.0102261591162065,0,"rate_effect","TAC2","wisp",189,0.028439998626709,400.481114149094,25.8864300251007,1.79541492462158
0.193510151707062,0,"rate_effect","VIP","wisp",189,0.895889282226562,416.329598903656,25.5795469284058,1.76463961601257
0.46934827237847,0.388262471882626,"random_effect","replicate1","wisp",189,0.0301418304443359,397.71418094635,28.2146577835083,1.78049683570862
0.262669843448293,-0.0294406921602786,"random_effect","replicate2","wisp",189,0.0305290222167969,413.912841081619,30.5826287269592,1.81949877738953
-0.551029991312237,-0.444266660837457,"random_effect","replicate3","wisp",189,0.0295813083648682,405.915508031845,25.7490229606628,1.80578708648682
-0.156376053380331,-0.264515534741804,"random_effect","replicate4","wisp",189,0.0276761054992676,401.609362363815,23.6494569778442,1.81292271614075
0.983641358641358,0,"FSE","PVALB","wisp",189,0.0274889469146729,409.212975025177,25.6452651023865,1.82821798324585
0.178621378621379,1,"FSE","SLC17A7","wisp",189,0.0307917594909668,414.806458950043,29.2246925830841,1.80796146392822
1.24708624708625,0,"FSE","TAC2","wisp",189,0.0279734134674072,423.394227981567,30.1006395816803,1.78223991394043
0.452649391424902,0,"FSE","VIP","wisp",189,0.0319101810455322,426.406829357147,27.4714765548706,1.80058145523071
0.891305520917353,1,"SVG","PVALB","ELLA",189,0.029646635055542,402.189610004425,27.126549243927,1.84013605117798
0.932628023901221,1,"SVG","SLC17A7","ELLA",189,0.0317471027374268,435.770930051804,27.0759134292603,1.74023652076721
0.848549241877333,0,"SVG","TAC2","ELLA",189,0.028592586517334,408.307660102844,29.5158882141113,1.77786779403687
1.10000632408402e-06,1,"SVG","VIP","ELLA",189,0.0283982753753662,411.093592882156,27.4431064128876,1.73424339294434
0.964727465268095,0,"rate_effect","SLC17A7","DESeq2",189,0.0274736881256104,406.61597943306,31.6404249668121,1.80775022506714
-0.00533511860525699,0.202580824261531,"rate_effect","PVALB","DESeq2",189,0.0311400890350342,408.279498338699,23.8222887516022,1.86932563781738
-0.0279279975569074,0,"rate_effect","TAC2","DESeq2",189,0.0311648845672607,409.458102464676,26.5550758838654,1.80131101608276
-0.0422464666899489,0,"rate_effect","VIP","DESeq2",189,0.029813289642334,411.923641443253,23.8093945980072,1.76051712036133
0,0,"FSE","SLC17A7","DESeq2",189,0.0329639911651611,405.545966625214,31.5916204452515,1.78944897651672
0.690553203701474,1,"FSE","PVALB","DESeq2",189,0.0260028839111328,425.389599561691,24.1233968734741,1.78804445266724
0.237796039480934,0,"FSE","TAC2","DESeq2",189,0.0357918739318848,398.119257926941,28.8584458827972,1.83746886253357
0.0659369176700707,0,"FSE","VIP","DESeq2",189,0.0309436321258545,418.349713802338,35.2129671573639,1.8385636806488
0.101299447035946,0,"rate_effect","PVALB","wisp",190,0.0236492156982422,406.516528367996,25.677962064743,1.86991882324219
0.883454294855155,0.278861483559012,"rate_effect","SLC17A7","wisp",190,0.0269579887390137,425.068669080734,31.497305393219,1.86204314231873
0.0534621367257858,-0.0126602827595518,"rate_effect","TAC2","wisp",190,0.0278401374816895,422.368977308273,21.9365797042847,1.84537696838379
0.594396811430252,0.276667708065361,"rate_effect","VIP","wisp",190,0.0262370109558105,430.461272001266,26.6901309490204,1.90605521202087
-0.487878373751051,-0.335809453390539,"random_effect","replicate1","wisp",190,0.0279896259307861,412.056294202805,28.827924489975,2.02909517288208
0.232026330692965,0.325078275520355,"random_effect","replicate2","wisp",190,0.0239815711975098,437.154964923859,21.9802222251892,1.92869520187378
0.271564438677805,0.418796106008813,"random_effect","replicate3","wisp",190,0.0296258926391602,422.03987288475,33.1828806400299,1.90689778327942
0.267765106456183,0.380861809011549,"random_effect","replicate4","wisp",190,0.0269100666046143,453.455007553101,24.2923212051392,1.84552454948425
0.673406593406593,0,"FSE","PVALB","wisp",190,0.0264310836791992,436.033627033234,27.4141705036163,1.84341669082642
0,1,"FSE","SLC17A7","wisp",190,0.030048131942749,416.873572587967,22.743204832077,1.89280819892883
0.400989635364635,1,"FSE","TAC2","wisp",190,0.026158332824707,418.94610118866,26.0069177150726,1.88708782196045
0.0362970362970363,1,"FSE","VIP","wisp",190,0.02978515625,411.92558836937,23.0960333347321,1.92023396492004
0.918094681834692,1,"SVG","PVALB","ELLA",190,0.0285301208496094,440.837086200714,25.1775932312012,1.9048330783844
0.758969291991352,1,"SVG","SLC17A7","ELLA",190,0.0287730693817139,418.37282538414,26.0856287479401,2.60899710655212
5.50001461541161e-07,1,"SVG","TAC2","ELLA",190,0.0306224822998047,420.641088485718,27.347541809082,1.87631368637085
7.33336276814711e-07,1,"SVG","VIP","ELLA",190,0.0251264572143555,428.662610292435,21.5447599887848,1.84871196746826
0.646610537737774,0,"rate_effect","SLC17A7","DESeq2",190,0.0291104316711426,427.803039550781,30.6923115253448,1.89639258384705
-0.627922907232552,0.278861483559012,"rate_effect","PVALB","DESeq2",190,0.0312936305999756,424.708827018738,25.2575786113739,1.85999202728271
-0.76394275895248,-0.0126602827595518,"rate_effect","TAC2","DESeq2",190,0.0281896591186523,432.656529903412,24.8084371089935,1.89901542663574
0.636540687021521,0.276667708065361,"rate_effect","VIP","DESeq2",190,0.031583309173584,427.925946950912,26.4291985034943,1.92317056655884
0,0,"FSE","SLC17A7","DESeq2",190,0.0287032127380371,424.533989191055,32.605699300766,1.91907668113708
0,1,"FSE","PVALB","DESeq2",190,0.0302207469940186,439.701268434525,32.080885887146,1.9224226474762
0,1,"FSE","TAC2","DESeq2",190,0.0275440216064453,423.768881559372,22.7086806297302,1.91026425361633
0,1,"FSE","VIP","DESeq2",190,0.0284562110900879,418.428074121475,25.0440411567688,1.86522579193115
-1.13064501123553,-0.269833109574392,"rate_effect","PVALB","wisp",191,0.0321822166442871,423.145944595337,28.5050308704376,1.88742089271545
-0.0146816534138964,0,"rate_effect","SLC17A7","wisp",191,1.83389782905579,428.387951374054,27.2869317531586,1.97345232963562
-0.0142522190770295,0,"rate_effect","TAC2","wisp",191,0.029057502746582,342.884785890579,24.0696587562561,1.93395066261292
0.00886094408794512,0,"rate_effect","VIP","wisp",191,0.0272171497344971,438.251104593277,21.7468342781067,1.89160752296448
-0.122206060682934,-0.23305055918172,"random_effect","replicate1","wisp",191,0.0269596576690674,421.046288967133,23.9341967105865,1.92022323608398
-0.187175237926944,-0.261313397902995,"random_effect","replicate2","wisp",191,0.0296871662139893,413.815036773682,29.3492894172668,1.99918484687805
-0.0261129626176729,-0.171334017068148,"random_effect","replicate3","wisp",191,0.0308065414428711,436.233450174332,30.0629839897156,1.94655609130859
0.105167504550845,-0.183745833579451,"random_effect","replicate4","wisp",191,0.0267951488494873,437.389758586884,29.0803780555725,1.91891193389893
0,1,"FSE","PVALB","wisp",191,0.0312454700469971,421.801689386368,32.9749879837036,1.85251688957214
1.49084,0,"FSE","SLC17A7","wisp",191,0.0282926559448242,412.800875425339,32.2108843326569,2.01232624053955
1.91911111111111,0,"FSE","TAC2","wisp",191,0.0285141468048096,415.758309602737,22.5008878707886,1.89890432357788
0.889109375,0,"FSE","VIP","wisp",191,0.0309028625488281,448.807687759399,27.4583051204681,2.57047271728516
0.730557792931625,1,"SVG","PVALB","ELLA",191,0.0265467166900635,425.658793926239,26.1612327098846,1.99357652664185
0.906945467032011,0,"SVG","SLC17A7","ELLA",191,0.0303549766540527,419.892758131027,27.2944993972778,1.90579128265381
0.830789002437329,0,"SVG","TAC2","ELLA",191,0.0257844924926758,423.843417406082,27.4935083389282,1.95272493362427
0.960659370211478,0,"SVG","VIP","ELLA",191,0.0316722393035889,419.851747989655,33.067813873291,1.91422843933105
0.023778459242431,-0.269833109574392,"rate_effect","SLC17A7","DESeq2",191,0.0286879539489746,432.175387382507,25.0857548713684,1.89460062980652
-2.18103678121755,0,"rate_effect","PVALB","DESeq2",191,0.02815842628479,433.26940369606,29.9820668697357,1.89951992034912
0.00304456776076416,0,"rate_effect","TAC2","DESeq2",191,0.0281815528869629,422.863761901855,31.7035093307495,1.87914896011353
0.0178411186574126,0,"rate_effect","VIP","DESeq2",191,0.0313327312469482,419.048016548157,28.450918674469,1.91853785514832
0.240370707992323,1,"FSE","SLC17A7","DESeq2",191,0.0285539627075195,428.176956653595,28.7329323291779,1.9428985118866
0,0,"FSE","PVALB","DESeq2",191,0.0334653854370117,448.894484519958,26.7565746307373,1.9282500743866
0.896318719718101,0,"FSE","TAC2","DESeq2",191,0.0286557674407959,431.972440481186,31.2850565910339,1.88315010070801
0.569908717683258,0,"FSE","VIP","DESeq2",191,0.0300242900848389,424.963372707367,22.1425814628601,1.95683145523071
-0.133110575831423,0,"rate_effect","PVALB","wisp",192,0.0302369594573975,418.386739492416,27.6639943122864,1.88131093978882
-0.00178721980365652,0,"rate_effect","SLC17A7","wisp",192,0.0300443172454834,421.28426527977,26.8966805934906,1.87866401672363
0.264748837196435,0,"rate_effect","TAC2","wisp",192,0.0321400165557861,442.835676431656,31.8027515411377,1.93642425537109
-3.40517554007392,-0.473921122727916,"rate_effect","VIP","wisp",192,0.0286946296691895,454.172886371613,20.994350194931,1.92745304107666
0.035166650346946,0.00198538019321859,"random_effect","replicate1","wisp",192,0.0270276069641113,426.286192655563,29.4402439594269,1.9688024520874
-0.0324504084070213,0.154288414632902,"random_effect","replicate2","wisp",192,0.028942346572876,426.630576610565,26.7875216007233,1.85739088058472
0.0444433174328879,-0.0392945089843124,"random_effect","replicate3","wisp",192,0.0292212963104248,403.239965200424,18.2296206951141,1.95345449447632
0.0195300785824656,-0.224840426351875,"random_effect","replicate4","wisp",192,0.0291359424591064,437.543063640594,30.7751030921936,1.94943451881409
0.865174825174825,0,"FSE","PVALB","wisp",192,0.0285475254058838,424.828949689865,29.1811516284943,1.91415333747864
1.46889221889222,0,"FSE","SLC17A7","wisp",192,0.0288188457489014,410.777765274048,29.7327396869659,1.89316058158875
0.213723776223776,0,"FSE","TAC2","wisp",192,0.032414436340332,419.698316812515,29.1467514038086,1.89908075332642
0,1,"FSE","VIP","wisp",192,0.0276556015014648,420.921313047409,29.8099269866943,1.88652443885803
0.875376540936192,1,"SVG","PVALB","ELLA",192,0.0273778438568115,421.405151367188,26.7447578907013,1.91813373565674
0.897392302790721,0,"SVG","SLC17A7","ELLA",192,0.031156063079834,429.191378355026,28.5962595939636,1.9064519405365
2.2000011118406e-07,1,"SVG","TAC2","ELLA",192,0.0286152362823486,427.424861907959,26.4314243793488,1.93819808959961
8.30810960245065e-06,1,"SVG","VIP","ELLA",192,0.0281038284301758,418.824084997177,25.559473991394,2.10096716880798
-0.00201539352178504,0,"rate_effect","SLC17A7","DESeq2",192,0.0306472778320312,466.21201300621,29.5179445743561,1.95194005966187
0.0177428734306534,0,"rate_effect","PVALB","DESeq2",192,0.0272939205169678,428.564567327499,28.1826069355011,1.93955206871033
0.0108995898557265,0,"rate_effect","TAC2","DESeq2",192,0.0268537998199463,428.62980222702,28.0788650512695,1.86716628074646
-8.53792099269677,-0.473921122727916,"rate_effect","VIP","DESeq2",192,0.0316793918609619,433.665621757507,28.1941282749176,1.93836879730225
0.674383534511285,0,"FSE","SLC17A7","DESeq2",192,0.03013014793396,428.914049386978,27.9392147064209,1.9660108089447
0.147617771071631,0,"FSE","PVALB","DESeq2",192,0.0287206172943115,433.117321252823,28.3073542118073,1.88844609260559
0.647701214799698,0,"FSE","TAC2","DESeq2",192,0.0285968780517578,418.431674480438,33.0067012310028,1.91616630554199
0,1,"FSE","VIP","DESeq2",192,0.0298805236816406,434.249496936798,27.1291103363037,1.91533708572388
-0.0279558347735311,0,"rate_effect","PVALB","wisp",193,0.0283896923065186,421.070561885834,30.8779003620148,1.90010547637939
-0.00256775765071619,0,"rate_effect","SLC17A7","wisp",193,0.029975414276123,428.989985227585,23.9281105995178,1.94244980812073
-0.0256397416421811,0,"rate_effect","TAC2","wisp",193,0.0299692153930664,457.875961065292,31.8868365287781,1.89758825302124
0.0109750052777649,0,"rate_effect","VIP","wisp",193,0.02939772605896,417.147555589676,23.9216980934143,1.87791299819946
0.410693769155306,0.107631321297958,"random_effect","replicate1","wisp",193,0.0280909538269043,416.846960306168,27.8313653469086,1.94330286979675
-0.700222868258742,-0.470977487741038,"random_effect","replicate2","wisp",193,0.0304865837097168,344.447868108749,27.1202914714813,1.91046500205994
0.483699900121748,0.331740056863055,"random_effect","replicate3","wisp",193,0.029170036315918,439.159169435501,28.2010991573334,1.95590901374817
-0.107033777219583,-0.255907803075388,"random_effect","replicate4","wisp",193,0.0297019481658936,437.935654640198,30.1933093070984,1.91210222244263
0.598807442557443,0,"FSE","PVALB","wisp",193,0.027332067489624,424.346310138702,25.7669529914856,1.95130276679993
1.65314685314685,0,"FSE","SLC17A7","wisp",193,0.0291640758514404,437.639401674271,30.6169512271881,1.97665858268738
0.948153886929397,0,"FSE","TAC2","wisp",193,0.0300407409667969,426.175881147385,30.7624077796936,1.87547874450684
1.58265734265734,0,"FSE","VIP","wisp",193,0.0379784107208252,431.229801654816,21.6975998878479,1.9074375629425
0.991354515131931,1,"SVG","PVALB","ELLA",193,0.0266921520233154,428.557741880417,22.2550806999207,1.90938234329224
0.914887042700975,0,"SVG","SLC17A7","ELLA",193,0.0271389484405518,437.074442386627,26.5238418579102,1.91658329963684
0.820435072086421,0,"SVG","TAC2","ELLA",193,0.0304219722747803,437.910945653915,22.326967716217,1.87165641784668
0.956577637951527,0,"SVG","VIP","ELLA",193,0.0298922061920166,438.342940330505,27.465437412262,1.94656467437744
-6.23805588455539e-05,0,"rate_effect","SLC17A7","DESeq2",193,0.0309114456176758,435.115567207336,31.1347949504852,1.98431396484375
-0.000121550348019791,0,"rate_effect","PVALB","DESeq2",193,0.0306754112243652,438.493384361267,28.8851320743561,1.9389660358429
-6.79336145547821e-06,0,"rate_effect","TAC2","DESeq2",193,0.0304248332977295,448.30394411087,32.6194403171539,1.90953707695007
3.7873683970571e-05,0,"rate_effect","VIP","DESeq2",193,0.0324821472167969,415.358382225037,32.2989933490753,1.89722228050232
0.615862348586608,0,"FSE","SLC17A7","DESeq2",193,0.0308408737182617,436.328069925308,27.416788816452,1.91525959968567
0.948876445356271,0,"FSE","PVALB","DESeq2",193,0.0313224792480469,427.341772556305,28.5475046634674,1.95126700401306
0.615862348586608,0,"FSE","TAC2","DESeq2",193,0.0268018245697021,431.519038438797,28.7881174087524,1.92720103263855
0.615862348586608,0,"FSE","VIP","DESeq2",193,0.0292632579803467,428.10148024559,30.4223482608795,1.970871925354
-0.0236776643967139,0,"rate_effect","PVALB","wisp",194,0.0282788276672363,405.253556966782,25.0135204792023,2.00466966629028
-0.144903595717613,-0.0568110761232674,"rate_effect","SLC17A7","wisp",194,0.0284509658813477,431.580227851868,27.9698166847229,1.89975738525391
0.722196522926202,0.289655957603827,"rate_effect","TAC2","wisp",194,0.0286874771118164,430.834863185883,27.7004799842834,1.89838004112244
-0.00109995219427908,0,"rate_effect","VIP","wisp",194,0.0305662155151367,442.693529844284,26.6938269138336,1.96454334259033
0.327502881318928,0.46681575383991,"random_effect","replicate1","wisp",194,0.02779221534729,451.127518415451,26.0369720458984,1.90947294235229
-0.431262034654398,-0.307467838516459,"random_effect","replicate2","wisp",194,0.0288090705871582,419.77030134201,25.7107317447662,1.97353386878967
-0.135586965941063,-0.0221189686562866,"random_effect","replicate3","wisp",194,0.0304677486419678,425.153422117233,24.997104883194,1.92307567596436
0.25534716487389,0.339233204489574,"random_effect","replicate4","wisp",194,0.0301992893218994,437.201149463654,31.2977366447449,1.96999192237854
1.43742368742369,0,"FSE","PVALB","wisp",194,0.0317413806915283,419.524928569794,21.2905933856964,1.96289253234863
0.179300699300699,1,"FSE","SLC17A7","wisp",194,0.0284855365753174,446.937193155289,28.4970102310181,1.91163372993469
0.261238761238761,1,"FSE","TAC2","wisp",194,0.0274665355682373,444.712888479233,23.9891443252563,1.87488484382629
1.61852036852037,0,"FSE","VIP","wisp",194,0.0323386192321777,417.759402275085,25.2549314498901,1.89371967315674
0.960454945644542,0,"SVG","PVALB","ELLA",194,0.0282852649688721,416.854083061218,30.6044044494629,1.92660236358643
0.94908536690667,1,"SVG","SLC17A7","ELLA",194,0.0322670936584473,421.5183634758,31.4342231750488,1.93913173675537
1.10000275355127e-06,1,"SVG","TAC2","ELLA",194,0.0289487838745117,448.733220338821,26.4758231639862,1.96097540855408
0.784369956458514,0,"SVG","VIP","ELLA",194,0.0280981063842773,427.417523622513,30.1986346244812,1.98125243186951
-0.354906187203949,0,"rate_effect","SLC17A7","DESeq2",194,0.0323467254638672,453.860027313232,30.1176075935364,1.94006776809692
-0.0119502105892099,-0.0568110761232674,"rate_effect","PVALB","DESeq2",194,0.0279364585876465,419.111906051636,30.3025121688843,1.82835912704468
1.32072783830548,0.289655957603827,"rate_effect","TAC2","DESeq2",194,0.0278191566467285,422.150298118591,25.0138621330261,1.9052460193634
0.0117655669002746,0,"rate_effect","VIP","DESeq2",194,0.975653648376465,431.828337192535,27.9934065341949,1.96088552474976
0,0,"FSE","SLC17A7","DESeq2",194,0.0273873805999756,417.86593914032,26.1573016643524,1.92815375328064
0.243904302420727,1,"FSE","PVALB","DESeq2",194,0.0301876068115234,421.714729070663,36.1966271400452,1.85416579246521
0,1,"FSE","TAC2","DESeq2",194,0.966925382614136,423.18149805069,28.2153370380402,1.94660639762878
0.314605848392507,0,"FSE","VIP","DESeq2",194,0.959918260574341,411.49706864357,21.0312209129333,1.96745443344116
-0.0261505294373474,0,"rate_effect","PVALB","wisp",195,0.0286843776702881,424.162430047989,28.4714119434357,1.95679402351379
0.0237724136702477,0,"rate_effect","SLC17A7","wisp",195,0.0275018215179443,424.953616142273,28.753488779068,1.89107203483582
0.00168891235697356,-0.286426723469049,"rate_effect","TAC2","wisp",195,0.0303053855895996,413.682648897171,32.5513451099396,1.86874127388
-0.205294349382299,0,"rate_effect","VIP","wisp",195,0.0296225547790527,418.972558736801,22.28346991539,1.91441702842712
0.23218713754513,-0.0445981880184263,"random_effect","replicate1","wisp",195,0.0314235687255859,439.402960062027,22.7104434967041,2.06456971168518
0.396387581966439,0.274011769331992,"random_effect","replicate2","wisp",195,0.0252742767333984,437.390397071838,23.8163566589355,1.89545559883118
-0.306079657159669,-0.282409339444712,"random_effect","replicate3","wisp",195,0.0300617218017578,435.108697414398,30.1848514080048,1.95747828483582
-0.366925487227464,-0.319984191795811,"random_effect","replicate4","wisp",195,0.0281143188476562,417.028471469879,30.4718544483185,1.9316611289978
1.18579857642358,0,"FSE","PVALB","wisp",195,0.0322134494781494,428.645718336105,24.1389372348785,1.9397451877594
1.67074592074592,0,"FSE","SLC17A7","wisp",195,0.0293436050415039,437.016592979431,28.5908098220825,2.00542783737183
2.16431568431568,1,"FSE","TAC2","wisp",195,0.0281786918640137,436.223310709,33.0396196842194,1.87908291816711
0.580739260739261,0,"FSE","VIP","wisp",195,0.0291585922241211,432.003209590912,25.8684644699097,1.98139333724976
0.826175744690897,0,"SVG","PVALB","ELLA",195,0.0310695171356201,421.0782122612,30.3165369033813,1.92700958251953
0.998159424863641,0,"SVG","SLC17A7","ELLA",195,0.0277640819549561,416.96134018898,25.3891241550446,1.93578004837036
0.897532818020007,0,"SVG","TAC2","ELLA",195,0.0296456813812256,423.063416242599,22.6420071125031,1.89431571960449
5.42638707468068e-07,1,"SVG","VIP","ELLA",195,0.0282070636749268,430.799074888229,28.9197087287903,2.02877569198608
0.00764460337257074,0,"rate_effect","SLC17A7","DESeq2",195,0.028740406036377,411.27406167984,27.1586208343506,1.95289063453674
0.000687746288764787,0,"rate_effect","PVALB","DESeq2",195,0.0296759605407715,424.28426527977,28.5306944847107,1.97954940795898
-0.0348879256755567,-0.286426723469049,"rate_effect","TAC2","DESeq2",195,0.0315585136413574,424.110975265503,25.9745590686798,1.83040857315063
-0.00169950544189762,0,"rate_effect","VIP","DESeq2",195,0.0303142070770264,426.358679771423,27.514014005661,1.85209774971008
0.286967141402887,0,"FSE","SLC17A7","DESeq2",195,0.0279641151428223,422.353990077972,28.4563901424408,1.88063788414001
0.561901191760837,0,"FSE","PVALB","DESeq2",195,0.029841423034668,455.733216524124,28.087949514389,1.87526679039001
0.0162462199890329,1,"FSE","TAC2","DESeq2",195,0.0290489196777344,428.638993501663,24.4395961761475,1.97462296485901
0.916842016560893,0,"FSE","VIP","DESeq2",195,0.0295510292053223,423.189258098602,21.3554708957672,1.91519999504089
0.00704265112468153,0,"rate_effect","PVALB","wisp",196,0.0303323268890381,446.011021852493,29.9634885787964,1.95551204681396
0.276305915002471,0,"rate_effect","SLC17A7","wisp",196,0.0277292728424072,425.692224502563,29.5691344738007,1.90439701080322
-0.083600819395711,0,"rate_effect","TAC2","wisp",196,0.935065746307373,409.268024206161,26.510181427002,1.97003269195557
0.213490715049876,0,"rate_effect","VIP","wisp",196,0.0277588367462158,420.036387681961,27.1086444854736,1.88512778282166
-0.0775994627508669,-0.0279087806120515,"random_effect","replicate1","wisp",196,0.028433084487915,435.003904342651,22.8738830089569,1.87973070144653
0.342496486667572,0.411998856347054,"random_effect","replicate2","wisp",196,0.0291740894317627,422.846745491028,27.8921658992767,1.93611168861389
-0.388251295180605,-0.289162049535662,"random_effect","replicate3","wisp",196,0.0325593948364258,422.382641553879,32.2758796215057,1.92639994621277
0.139348319357351,0.0373194024432451,"random_effect","replicate4","wisp",196,0.0299866199493408,450.483470439911,27.4053957462311,1.90693759918213
0.759122448979592,0,"FSE","PVALB","wisp",196,0.0297629833221436,434.546971559525,23.7330112457275,1.87679743766785
1.28866666666667,0,"FSE","SLC17A7","wisp",196,0.0338435173034668,436.816553592682,29.0492534637451,1.95362281799316
1.18832,0,"FSE","TAC2","wisp",196,0.027367115020752,422.633439302444,21.7879257202148,2.01387763023376
0.373448979591837,0,"FSE","VIP","wisp",196,0.0304765701293945,341.904124975204,28.1543152332306,1.86765432357788
0.926460942603522,0,"SVG","PVALB","ELLA",196,0.0292367935180664,428.609116077423,25.2551717758179,1.91724061965942
0.906053772151891,1,"SVG","SLC17A7","ELLA",196,0.0310986042022705,444.368892192841,30.7688519954681,1.91700601577759
3.6666742014857e-07,1,"SVG","TAC2","ELLA",196,0.0286846160888672,433.176414728165,25.6008260250092,2.11447739601135
1.10005952197456e-06,1,"SVG","VIP","ELLA",196,0.0247077941894531,429.265485286713,29.3011937141418,1.89909911155701
0.00484312420985921,0,"rate_effect","SLC17A7","DESeq2",196,0.0279552936553955,442.510897397995,34.6902959346771,1.89492797851562
0.00287928013425142,0,"rate_effect","PVALB","DESeq2",196,0.0318880081176758,434.701031208038,26.0515778064728,1.92224431037903
-0.0266385410586093,0,"rate_effect","TAC2","DESeq2",196,0.0304415225982666,438.606535673141,24.8661851882935,1.91352796554565
0.00123502836645527,0,"rate_effect","VIP","DESeq2",196,0.032750129699707,438.608156204224,26.6019434928894,1.87204194068909
0.315332051666894,0,"FSE","SLC17A7","DESeq2",196,0.0291445255279541,421.407907009125,22.5907454490662,1.87196683883667
0.315332051666894,0,"FSE","PVALB","DESeq2",196,0.961971044540405,427.296780824661,28.2648706436157,1.92194104194641
0.0381979323475011,0,"FSE","TAC2","DESeq2",196,0.0310268402099609,433.440595388412,28.0865998268127,1.92976903915405
0.950469687219802,0,"FSE","VIP","DESeq2",196,0.0276010036468506,448.544350624084,28.3334722518921,1.90699672698975
-0.0138725090461586,0,"rate_effect","PVALB","wisp",197,0.033125638961792,437.187759637833,25.8857131004333,1.94445037841797
-0.16794590671723,0,"rate_effect","SLC17A7","wisp",197,0.0310487747192383,416.92185997963,34.7796940803528,1.96136689186096
0.815941192434345,0.252312602475286,"rate_effect","TAC2","wisp",197,0.0298552513122559,429.006608963013,28.0748641490936,1.91984724998474
-0.0208102678661349,0,"rate_effect","VIP","wisp",197,0.027881383895874,427.94335269928,29.6661524772644,1.91626119613647
0.231919885540136,0.448642589850351,"random_effect","replicate1","wisp",197,0.0307164192199707,431.815202474594,29.9965281486511,1.88038921356201
0.112111590932037,0.236646607052535,"random_effect","replicate2","wisp",197,0.031790018081665,415.090425491333,28.7477598190308,1.97158217430115
-0.292328118348115,-0.0889675051439553,"random_effect","replicate3","wisp",197,0.961175680160522,446.45299243927,25.8177356719971,1.91986060142517
-0.0434733081856785,0.126305562211201,"random_effect","replicate4","wisp",197,0.0292866230010986,468.735806465149,25.6810131072998,1.88051891326904
1.28799111611612,0,"FSE","PVALB","wisp",197,0.0333788394927979,430.931964159012,27.3349032402039,1.9478747844696
1.52792792792793,0,"FSE","SLC17A7","wisp",197,0.0313360691070557,430.072258234024,32.5169382095337,1.92294645309448
0.00422871851443273,1,"FSE","TAC2","wisp",197,0.0320706367492676,410.121573209763,23.7532002925873,1.94743466377258
2.21677927927928,0,"FSE","VIP","wisp",197,0.0284214019775391,455.047101974487,29.9072344303131,1.901535987854
0.905972476136421,0,"SVG","PVALB","ELLA",197,0.0273256301879883,418.158571958542,29.1062133312225,1.88763666152954
0.998487233381776,1,"SVG","SLC17A7","ELLA",197,0.0296573638916016,428.122677564621,30.82168841362,1.92050409317017
2.20005817197499e-06,1,"SVG","TAC2","ELLA",197,0.0289463996887207,427.728178977966,32.8114042282104,1.94097876548767
0.834330962334513,0,"SVG","VIP","ELLA",197,0.0289764404296875,423.737015485764,28.5979809761047,1.92490077018738
-0.00862038751829153,0,"rate_effect","SLC17A7","DESeq2",197,0.0297586917877197,456.613583087921,28.417432308197,1.88906669616699
-0.00745784802534841,0,"rate_effect","PVALB","DESeq2",197,0.0328109264373779,420.884456634521,22.5742952823639,2.0883207321167
1.17779022591126,0.252312602475286,"rate_effect","TAC2","DESeq2",197,0.0276672840118408,424.830772399902,28.9470098018646,1.93059301376343
-0.0125073942755029,0,"rate_effect","VIP","DESeq2",197,0.0286664962768555,437.511374950409,26.4271965026855,2.01169347763062
0.152201976935929,0,"FSE","SLC17A7","DESeq2",197,0.0293729305267334,464.370765447617,28.4331409931183,1.92028284072876
0.399951824893455,0,"FSE","PVALB","DESeq2",197,0.0321409702301025,403.638920783997,24.1360626220703,1.98838710784912
0,1,"FSE","TAC2","DESeq2",197,0.0281195640563965,414.873692512512,23.5046339035034,1.91408538818359
0.387270922717794,0,"FSE","VIP","DESeq2",197,0.963593482971191,429.04301905632,34.2810742855072,1.96899151802063
0.00910411303315294,0,"rate_effect","PVALB","wisp",198,1.88674259185791,417.523854017258,26.3215594291687,1.88364768028259
-0.325053499046462,0,"rate_effect","SLC17A7","wisp",198,0.0296945571899414,421.218112707138,27.146746635437,1.96816301345825
-0.0991841853497584,0,"rate_effect","TAC2","wisp",198,0.0303440093994141,441.318182468414,32.5797770023346,1.93074917793274
0.00754695146275824,0,"rate_effect","VIP","wisp",198,0.0316970348358154,431.787833929062,26.038455247879,1.94249320030212
0.134709606739749,-0.00967438938096166,"random_effect","replicate1","wisp",198,0.0272305011749268,441.372266292572,32.3179461956024,1.85554122924805
-0.383787860172559,-0.298144608503208,"random_effect","replicate2","wisp",198,0.0315840244293213,424.107073545456,30.2552561759949,1.88771200180054
0.188714382458585,-0.00722526339814067,"random_effect","replicate3","wisp",198,0.0327708721160889,420.323094844818,23.4643216133118,1.9144229888916
0.250860410989213,0.0705242634285241,"random_effect","replicate4","wisp",198,0.0276579856872559,448.618867874146,29.8870091438293,1.93364334106445
0.624400291066958,0,"FSE","PVALB","wisp",198,0.031425952911377,375.935034036636,27.1698169708252,1.93180441856384
0.73026973026973,0,"FSE","SLC17A7","wisp",198,0.0269701480865479,429.70928645134,31.0543217658997,2.00865888595581
0.56987456987457,0,"FSE","TAC2","wisp",198,0.0327162742614746,437.831256628036,29.3419151306152,1.91435265541077
0.797286047286047,0,"FSE","VIP","wisp",198,0.0288233757019043,431.461276769638,29.5254518985748,1.95789742469788
0.784201596921159,0,"SVG","PVALB","ELLA",198,0.028160572052002,427.493983983994,24.4479246139526,1.92510008811951
0.891410707935068,1,"SVG","SLC17A7","ELLA",198,0.0265765190124512,465.420249700546,23.41534948349,1.87832069396973
0.744247146556163,1,"SVG","TAC2","ELLA",198,0.0311448574066162,435.724847555161,25.2409904003143,1.97131896018982
0.79152194890043,0,"SVG","VIP","ELLA",198,0.0287723541259766,426.489372253418,30.498678445816,1.91572141647339
-0.00019328304099455,0,"rate_effect","SLC17A7","DESeq2",198,0.028050422668457,433.407697439194,24.0474677085876,1.89630961418152
0.000524900871450023,0,"rate_effect","PVALB","DESeq2",198,0.0294380187988281,417.568301677704,26.5134179592133,1.9169909954071
-0.0432630928971937,0,"rate_effect","TAC2","DESeq2",198,0.0276269912719727,419.191938638687,32.9697706699371,1.88022470474243
3.77060360921319e-05,0,"rate_effect","VIP","DESeq2",198,0.0316841602325439,430.204669237137,25.8227248191833,1.93337726593018
0.903450372429935,0,"FSE","SLC17A7","DESeq2",198,0.0281548500061035,423.383732318878,27.5879828929901,2.00009894371033
0.718006680442502,0,"FSE","PVALB","DESeq2",198,0.950234889984131,433.018593549728,25.3655872344971,1.8637535572052
0.000322029016199309,0,"FSE","TAC2","DESeq2",198,0.0335521697998047,425.685601949692,28.7269361019135,1.95883941650391
0.821523083625485,0,"FSE","VIP","DESeq2",198,0.0294747352600098,421.638487815857,30.5206129550934,1.83303546905518
0.00343335592233124,0,"rate_effect","PVALB","wisp",199,0.0276050567626953,403.932096004486,19.2276413440704,1.78714275360107
-0.176649951016722,0,"rate_effect","SLC17A7","wisp",199,0.0286576747894287,408.298879146576,22.2654452323914,1.84356260299683
0.055738221374792,0,"rate_effect","TAC2","wisp",199,0.0274727344512939,411.141361951828,25.3585731983185,1.77027249336243
-0.0364633680258128,0,"rate_effect","VIP","wisp",199,0.0304088592529297,414.141072034836,23.9539802074432,1.80440640449524
-0.283779408786159,-0.309389158850536,"random_effect","replicate1","wisp",199,0.0287880897521973,408.969439744949,30.3737318515778,1.77948665618896
-0.628320537845423,-0.461661417735741,"random_effect","replicate2","wisp",199,0.028679370880127,409.549560070038,22.5197160243988,1.75816679000854
0.433628863004704,0.315487489337102,"random_effect","replicate3","wisp",199,0.0275130271911621,403.635833740234,30.8150849342346,1.85015249252319
0.463410539909661,0.455437158001587,"random_effect","replicate4","wisp",199,0.0293619632720947,433.035242795944,27.7534692287445,1.79997277259827
1.05918655778894,0,"FSE","PVALB","wisp",199,0.0276510715484619,418.054634571075,30.3133184909821,1.76283740997314
1.29732663316583,0,"FSE","SLC17A7","wisp",199,0.0313279628753662,439.242620706558,24.6636564731598,1.80634546279907
0.914886934673367,0,"FSE","TAC2","wisp",199,0.0292425155639648,351.229082584381,27.6974363327026,1.83659362792969
0.56643216080402,0,"FSE","VIP","wisp",199,0.0299062728881836,428.477724790573,27.0271451473236,1.79152250289917
0.859253425692582,0,"SVG","PVALB","ELLA",199,0.028439998626709,400.481114149094,25.8864300251007,1.79541492462158
0.991374083848095,1,"SVG","SLC17A7","ELLA",199,0.895889282226562,416.329598903656,25.5795469284058,1.76463961601257
1.10000637465468e-06,1,"SVG","TAC2","ELLA",199,0.0301418304443359,397.71418094635,28.2146577835083,1.78049683570862
2.2000418475332e-06,1,"SVG","VIP","ELLA",199,0.0305290222167969,413.912841081619,30.5826287269592,1.81949877738953
-0.00594925423727739,0,"rate_effect","SLC17A7","DESeq2",199,0.0295813083648682,405.915508031845,25.7490229606628,1.80578708648682
-0.000376111063418266,0,"rate_effect","PVALB","DESeq2",199,0.0276761054992676,401.609362363815,23.6494569778442,1.81292271614075
0.0491550308146274,0,"rate_effect","TAC2","DESeq2",199,0.0274889469146729,409.212975025177,25.6452651023865,1.82821798324585
-0.0184056056910325,0,"rate_effect","VIP","DESeq2",199,0.0307917594909668,414.806458950043,29.2246925830841,1.80796146392822
0.425876097859981,0,"FSE","SLC17A7","DESeq2",199,0.0279734134674072,423.394227981567,30.1006395816803,1.78223991394043
0.956603492108886,0,"FSE","PVALB","DESeq2",199,0.0319101810455322,426.406829357147,27.4714765548706,1.80058145523071
0.00192346228989013,0,"FSE","TAC2","DESeq2",199,0.029646635055542,402.189610004425,27.126549243927,1.84013605117798
0.143434016042114,0,"FSE","VIP","DESeq2",199,0.0317471027374268,435.770930051804,27.0759134292603,1.74023652076721
-0.00252607091662124,0,"rate_effect","PVALB","wisp",200,0.028592586517334,408.307660102844,29.5158882141113,1.77786779403687
-0.174650745519598,0,"rate_effect","SLC17A7","wisp",200,0.0283982753753662,411.093592882156,27.4431064128876,1.73424339294434
0.0534989094880282,0,"rate_effect","TAC2","wisp",200,0.0274736881256104,406.61597943306,31.6404249668121,1.80775022506714
-0.0263648156057557,0,"rate_effect","VIP","wisp",200,0.0311400890350342,408.279498338699,23.8222887516022,1.86932563781738
-0.284779866484712,-0.309389158850536,"random_effect","replicate1","wisp",200,0.0311648845672607,409.458102464676,26.5550758838654,1.80131101608276
-0.627393849964017,-0.461661417735741,"random_effect","replicate2","wisp",200,0.029813289642334,411.923641443253,23.8093945980072,1.76051712036133
0.435045405012027,0.315487489337102,"random_effect","replicate3","wisp",200,0.0329639911651611,405.545966625214,31.5916204452515,1.78944897651672
0.461998015845903,0.455437158001587,"random_effect","replicate4","wisp",200,0.0260028839111328,425.389599561691,24.1233968734741,1.78804445266724
1.152171875,0,"FSE","PVALB","wisp",200,0.0357918739318848,398.119257926941,28.8584458827972,1.83746886253357
1.5738,0,"FSE","SLC17A7","wisp",200,0.0309436321258545,418.349713802338,35.2129671573639,1.8385636806488
1.224140625,0,"FSE","TAC2","wisp",200,0.0236492156982422,406.516528367996,25.677962064743,1.86991882324219
0.6312,0,"FSE","VIP","wisp",200,0.0269579887390137,425.068669080734,31.497305393219,1.86204314231873
0.983157786081638,0,"SVG","PVALB","ELLA",200,0.0278401374816895,422.368977308273,21.9365797042847,1.84537696838379
0.978880122379919,1,"SVG","SLC17A7","ELLA",200,0.0262370109558105,430.461272001266,26.6901309490204,1.90605521202087
1.10000820036094e-06,1,"SVG","TAC2","ELLA",200,0.0279896259307861,412.056294202805,28.827924489975,2.02909517288208
2.20007560464142e-06,1,"SVG","VIP","ELLA",200,0.0239815711975098,437.154964923859,21.9802222251892,1.92869520187378
-0.00594925423727739,0,"rate_effect","SLC17A7","DESeq2",200,0.0296258926391602,422.03987288475,33.1828806400299,1.90689778327942
-0.000376111063418266,0,"rate_effect","PVALB","DESeq2",200,0.0269100666046143,453.455007553101,24.2923212051392,1.84552454948425
0.0491550308146274,0,"rate_effect","TAC2","DESeq2",200,0.0264310836791992,436.033627033234,27.4141705036163,1.84341669082642
-0.0184056056910325,0,"rate_effect","VIP","DESeq2",200,0.030048131942749,416.873572587967,22.743204832077,1.89280819892883
0.425876097859981,0,"FSE","SLC17A7","DESeq2",200,0.026158332824707,418.94610118866,26.0069177150726,1.88708782196045
0.956603492108886,0,"FSE","PVALB","DESeq2",200,0.02978515625,411.92558836937,23.0960333347321,1.92023396492004
0.00192346228989013,0,"FSE","TAC2","DESeq2",200,0.0285301208496094,440.837086200714,25.1775932312012,1.9048330783844
0.143434016042114,0,"FSE","VIP","DESeq2",200,0.0287730693817139,418.37282538414,26.0856287479401,2.60899710655212
-0.0101482091803957,0,"rate_effect","PVALB","wisp",201,0.0306224822998047,420.641088485718,27.347541809082,1.87631368637085
-0.00894111201120631,0,"rate_effect","SLC17A7","wisp",201,0.0251264572143555,428.662610292435,21.5447599887848,1.84871196746826
0.00739281489495004,0,"rate_effect","TAC2","wisp",201,0.0291104316711426,427.803039550781,30.6923115253448,1.89639258384705
-0.186487300259085,0,"rate_effect","VIP","wisp",201,0.0312936305999756,424.708827018738,25.2575786113739,1.85999202728271
-0.237032102233014,-0.209337003994733,"random_effect","replicate1","wisp",201,0.0281896591186523,432.656529903412,24.8084371089935,1.89901542663574
-0.185480654693886,-0.177654079161584,"random_effect","replicate2","wisp",201,0.031583309173584,427.925946950912,26.4291985034943,1.92317056655884
0.273377526762433,0.0428480247501284,"random_effect","replicate3","wisp",201,0.0287032127380371,424.533989191055,32.605699300766,1.91907668113708
0.0171673340815486,-0.127492994768545,"random_effect","replicate4","wisp",201,0.0302207469940186,439.701268434525,32.080885887146,1.9224226474762
1.8469030969031,0,"FSE","PVALB","wisp",201,0.0275440216064453,423.768881559372,22.7086806297302,1.91026425361633
1.39000999000999,0,"FSE","SLC17A7","wisp",201,0.0284562110900879,418.428074121475,25.0440411567688,1.86522579193115
1.18921703296703,0,"FSE","TAC2","wisp",201,0.0321822166442871,423.145944595337,28.5050308704376,1.88742089271545
1.19792707292707,0,"FSE","VIP","wisp",201,1.83389782905579,428.387951374054,27.2869317531586,1.97345232963562
0.925983474646389,0,"SVG","PVALB","ELLA",201,0.029057502746582,342.884785890579,24.0696587562561,1.93395066261292
0.842022427206565,0,"SVG","SLC17A7","ELLA",201,0.0272171497344971,438.251104593277,21.7468342781067,1.89160752296448
0.872134550414694,0,"SVG","TAC2","ELLA",201,0.0269596576690674,421.046288967133,23.9341967105865,1.92022323608398
0.987400046231595,1,"SVG","VIP","ELLA",201,0.0296871662139893,413.815036773682,29.3492894172668,1.99918484687805
0.000833345477403273,0,"rate_effect","SLC17A7","DESeq2",201,0.0308065414428711,436.233450174332,30.0629839897156,1.94655609130859
1.64463269742054e-05,0,"rate_effect","PVALB","DESeq2",201,0.0267951488494873,437.389758586884,29.0803780555725,1.91891193389893
-2.70579617794267e-05,0,"rate_effect","TAC2","DESeq2",201,0.0312454700469971,421.801689386368,32.9749879837036,1.85251688957214
-3.46739273538035e-05,0,"rate_effect","VIP","DESeq2",201,0.0282926559448242,412.800875425339,32.2108843326569,2.01232624053955
0.24089716381148,0,"FSE","SLC17A7","DESeq2",201,0.0285141468048096,415.758309602737,22.5008878707886,1.89890432357788
0.868438293658596,0,"FSE","PVALB","DESeq2",201,0.0309028625488281,448.807687759399,27.4583051204681,2.57047271728516
0.868438293658596,0,"FSE","TAC2","DESeq2",201,0.0265467166900635,425.658793926239,26.1612327098846,1.99357652664185
0.868438293658596,0,"FSE","VIP","DESeq2",201,0.0303549766540527,419.892758131027,27.2944993972778,1.90579128265381
0.651748886614962,0.311286963988096,"rate_effect","PVALB","wisp",202,0.0257844924926758,423.843417406082,27.4935083389282,1.95272493362427
-0.63214925991611,-0.152777622453868,"rate_effect","SLC17A7","wisp",202,0.0316722393035889,419.851747989655,33.067813873291,1.91422843933105
0.587737050764803,0.298630550503731,"rate_effect","TAC2","wisp",202,0.0286879539489746,432.175387382507,25.0857548713684,1.89460062980652
-0.0166707540610669,0,"rate_effect","VIP","wisp",202,0.02815842628479,433.26940369606,29.9820668697357,1.89951992034912
-0.114811184296834,-0.37297009001486,"random_effect","replicate1","wisp",202,0.0281815528869629,422.863761901855,31.7035093307495,1.87914896011353
0.559117649238092,0.360000520246103,"random_effect","replicate2","wisp",202,0.0313327312469482,419.048016548157,28.450918674469,1.91853785514832
-0.81506440726443,-0.4979466823861,"random_effect","replicate3","wisp",202,0.0285539627075195,428.176956653595,28.7329323291779,1.9428985118866
0.508741380711704,0.189185010734946,"random_effect","replicate4","wisp",202,0.0334653854370117,448.894484519958,26.7565746307373,1.9282500743866
0.140970140970141,1,"FSE","PVALB","wisp",202,0.0286557674407959,431.972440481186,31.2850565910339,1.88315010070801
0.12475024975025,1,"FSE","SLC17A7","wisp",202,0.0300242900848389,424.963372707367,22.1425814628601,1.95683145523071
0.173214540561479,1,"FSE","TAC2","wisp",202,0.0302369594573975,418.386739492416,27.6639943122864,1.88131093978882
0.384495504495505,0,"FSE","VIP","wisp",202,0.0300443172454834,421.28426527977,26.8966805934906,1.87866401672363
0.810839462050359,1,"SVG","PVALB","ELLA",202,0.0321400165557861,442.835676431656,31.8027515411377,1.93642425537109
0.870494515190024,1,"SVG","SLC17A7","ELLA",202,0.0286946296691895,454.172886371613,20.994350194931,1.92745304107666
2.20002029305277e-06,1,"SVG","TAC2","ELLA",202,0.0270276069641113,426.286192655563,29.4402439594269,1.9688024520874
7.33335891678344e-07,1,"SVG","VIP","ELLA",202,0.028942346572876,426.630576610565,26.7875216007233,1.85739088058472
-1.63385733893616,0.311286963988096,"rate_effect","SLC17A7","DESeq2",202,0.0292212963104248,403.239965200424,18.2296206951141,1.95345449447632
0.757923351557971,-0.152777622453868,"rate_effect","PVALB","DESeq2",202,0.0291359424591064,437.543063640594,30.7751030921936,1.94943451881409
0.700457600787216,0.298630550503731,"rate_effect","TAC2","DESeq2",202,0.0285475254058838,424.828949689865,29.1811516284943,1.91415333747864
-0.67216767081688,0,"rate_effect","VIP","DESeq2",202,0.0288188457489014,410.777765274048,29.7327396869659,1.89316058158875
8.78822799009329e-281,1,"FSE","SLC17A7","DESeq2",202,0.032414436340332,419.698316812515,29.1467514038086,1.89908075332642
6.09672626731415e-70,1,"FSE","PVALB","DESeq2",202,0.0276556015014648,420.921313047409,29.8099269866943,1.88652443885803
6.11181068370197e-58,1,"FSE","TAC2","DESeq2",202,0.0273778438568115,421.405151367188,26.7447578907013,1.91813373565674
3.64951868254181e-56,0,"FSE","VIP","DESeq2",202,0.031156063079834,429.191378355026,28.5962595939636,1.9064519405365
-0.0191081838221941,0,"rate_effect","PVALB","wisp",203,0.0286152362823486,427.424861907959,26.4314243793488,1.93819808959961
0.363126446335795,0,"rate_effect","SLC17A7","wisp",203,0.0281038284301758,418.824084997177,25.559473991394,2.10096716880798
-0.0621447207126489,0,"rate_effect","TAC2","wisp",203,0.0306472778320312,466.21201300621,29.5179445743561,1.95194005966187
0.114508515849511,0,"rate_effect","VIP","wisp",203,0.0272939205169678,428.564567327499,28.1826069355011,1.93955206871033
-0.487387924991598,-0.372041978640482,"random_effect","replicate1","wisp",203,0.0268537998199463,428.62980222702,28.0788650512695,1.86716628074646
-0.160702324919351,-0.144936849828809,"random_effect","replicate2","wisp",203,0.0316793918609619,433.665621757507,28.1941282749176,1.93836879730225
0.365254203900209,0.315941737266257,"random_effect","replicate3","wisp",203,0.03013014793396,428.914049386978,27.9392147064209,1.9660108089447
0.32248298777348,0.208193017868325,"random_effect","replicate4","wisp",203,0.0287206172943115,433.117321252823,28.3073542118073,1.88844609260559
1.07072519317417,0,"FSE","PVALB","wisp",203,0.0285968780517578,418.431674480438,33.0067012310028,1.91616630554199
1.05007492507492,0,"FSE","SLC17A7","wisp",203,0.0298805236816406,434.249496936798,27.1291103363037,1.91533708572388
1.84215784215784,0,"FSE","TAC2","wisp",203,0.0283896923065186,421.070561885834,30.8779003620148,1.90010547637939
0.489541708291708,0,"FSE","VIP","wisp",203,0.029975414276123,428.989985227585,23.9281105995178,1.94244980812073
0.846100105520446,0,"SVG","PVALB","ELLA",203,0.0299692153930664,457.875961065292,31.8868365287781,1.89758825302124
0.889462813556532,1,"SVG","SLC17A7","ELLA",203,0.02939772605896,417.147555589676,23.9216980934143,1.87791299819946
0.884603921525211,1,"SVG","TAC2","ELLA",203,0.0280909538269043,416.846960306168,27.8313653469086,1.94330286979675
2.20007066975558e-06,1,"SVG","VIP","ELLA",203,0.0304865837097168,344.447868108749,27.1202914714813,1.91046500205994
0.00116998843207185,0,"rate_effect","SLC17A7","DESeq2",203,0.029170036315918,439.159169435501,28.2010991573334,1.95590901374817
-2.16876225527856e-05,0,"rate_effect","PVALB","DESeq2",203,0.0297019481658936,437.935654640198,30.1933093070984,1.91210222244263
6.99569327308093e-05,0,"rate_effect","TAC2","DESeq2",203,0.027332067489624,424.346310138702,25.7669529914856,1.95130276679993
-8.16859277528298e-05,0,"rate_effect","VIP","DESeq2",203,0.0291640758514404,437.639401674271,30.6169512271881,1.97665858268738
0.32073404091789,0,"FSE","SLC17A7","DESeq2",203,0.0300407409667969,426.175881147385,30.7624077796936,1.87547874450684
0.555865637234482,0,"FSE","PVALB","DESeq2",203,0.0379784107208252,431.229801654816,21.6975998878479,1.9074375629425
0.555865637234482,0,"FSE","TAC2","DESeq2",203,0.0266921520233154,428.557741880417,22.2550806999207,1.90938234329224
0.555865637234482,0,"FSE","VIP","DESeq2",203,0.0271389484405518,437.074442386627,26.5238418579102,1.91658329963684
-0.0231914214346774,0,"rate_effect","PVALB","wisp",204,0.0304219722747803,437.910945653915,22.326967716217,1.87165641784668
0.018826979640996,0,"rate_effect","SLC17A7","wisp",204,0.0298922061920166,438.342940330505,27.465437412262,1.94656467437744
-0.0606405348064536,0,"rate_effect","TAC2","wisp",204,0.0309114456176758,435.115567207336,31.1347949504852,1.98431396484375
-0.261956224378522,0,"rate_effect","VIP","wisp",204,0.0306754112243652,438.493384361267,28.8851320743561,1.9389660358429
-0.0355555057221834,-0.123881136998534,"random_effect","replicate1","wisp",204,0.0304248332977295,448.30394411087,32.6194403171539,1.90953707695007
0.389381186538997,0.393463385524228,"random_effect","replicate2","wisp",204,0.0324821472167969,415.358382225037,32.2989933490753,1.89722228050232
-0.61062823157524,-0.439526085043326,"random_effect","replicate3","wisp",204,0.0308408737182617,436.328069925308,27.416788816452,1.91525959968567
0.393187845630589,0.374063516966999,"random_effect","replicate4","wisp",204,0.0313224792480469,427.341772556305,28.5475046634674,1.95126700401306
0.988469387755102,0,"FSE","PVALB","wisp",204,0.0268018245697021,431.519038438797,28.7881174087524,1.92720103263855
1.40716,0,"FSE","SLC17A7","wisp",204,0.0292632579803467,428.10148024559,30.4223482608795,1.970871925354
0.809612244897959,0,"FSE","TAC2","wisp",204,0.0282788276672363,405.253556966782,25.0135204792023,2.00466966629028
0.4511875,0,"FSE","VIP","wisp",204,0.0284509658813477,431.580227851868,27.9698166847229,1.89975738525391
0.88801570128729,0,"SVG","PVALB","ELLA",204,0.0286874771118164,430.834863185883,27.7004799842834,1.89838004112244
0.898532616043129,0,"SVG","SLC17A7","ELLA",204,0.0305662155151367,442.693529844284,26.6938269138336,1.96454334259033
0.966309085845636,1,"SVG","TAC2","ELLA",204,0.02779221534729,451.127518415451,26.0369720458984,1.90947294235229
2.20006537610118e-06,1,"SVG","VIP","ELLA",204,0.0288090705871582,419.77030134201,25.7107317447662,1.97353386878967
0.00345030846135512,0,"rate_effect","SLC17A7","DESeq2",204,0.0304677486419678,425.153422117233,24.997104883194,1.92307567596436
-0.00295474292370076,0,"rate_effect","PVALB","DESeq2",204,0.0301992893218994,437.201149463654,31.2977366447449,1.96999192237854
0.0246006299611428,0,"rate_effect","TAC2","DESeq2",204,0.0317413806915283,419.524928569794,21.2905933856964,1.96289253234863
-0.00387624686692509,0,"rate_effect","VIP","DESeq2",204,0.0284855365753174,446.937193155289,28.4970102310181,1.91163372993469
0.360824421510636,0,"FSE","SLC17A7","DESeq2",204,0.0274665355682373,444.712888479233,23.9891443252563,1.87488484382629
0.360824421510636,0,"FSE","PVALB","DESeq2",204,0.0323386192321777,417.759402275085,25.2549314498901,1.89371967315674
0.0548435156649277,0,"FSE","TAC2","DESeq2",204,0.0282852649688721,416.854083061218,30.6044044494629,1.92660236358643
0.360824421510636,0,"FSE","VIP","DESeq2",204,0.0322670936584473,421.5183634758,31.4342231750488,1.93913173675537
0.341556943805885,0,"rate_effect","PVALB","wisp",205,0.0289487838745117,448.733220338821,26.4758231639862,1.96097540855408
0.125158121447898,0,"rate_effect","SLC17A7","wisp",205,0.0280981063842773,427.417523622513,30.1986346244812,1.98125243186951
0.0296144571960649,0,"rate_effect","TAC2","wisp",205,0.0323467254638672,453.860027313232,30.1176075935364,1.94006776809692
0.126347915846867,0,"rate_effect","VIP","wisp",205,0.0279364585876465,419.111906051636,30.3025121688843,1.82835912704468
0.338786825725929,0.275613276986405,"random_effect","replicate1","wisp",205,0.0278191566467285,422.150298118591,25.0138621330261,1.9052460193634
0.328976835860481,0.331338534364477,"random_effect","replicate2","wisp",205,0.975653648376465,431.828337192535,27.9934065341949,1.96088552474976
-0.374351411225851,-0.303209138102829,"random_effect","replicate3","wisp",205,0.0273873805999756,417.86593914032,26.1573016643524,1.92815375328064
-0.3823645511347,-0.296219849260524,"random_effect","replicate4","wisp",205,0.0301876068115234,421.714729070663,36.1966271400452,1.85416579246521
0.507382382382382,0,"FSE","PVALB","wisp",205,0.966925382614136,423.18149805069,28.2153370380402,1.94660639762878
0.465590590590591,0,"FSE","SLC17A7","wisp",205,0.959918260574341,411.49706864357,21.0312209129333,1.96745443344116
0.80750137892995,0,"FSE","TAC2","wisp",205,0.0286843776702881,424.162430047989,28.4714119434357,1.95679402351379
0.525247469691914,0,"FSE","VIP","wisp",205,0.0275018215179443,424.953616142273,28.753488779068,1.89107203483582
0.844028450704877,1,"SVG","PVALB","ELLA",205,0.0303053855895996,413.682648897171,32.5513451099396,1.86874127388
0.802719903699575,1,"SVG","SLC17A7","ELLA",205,0.0296225547790527,418.972558736801,22.28346991539,1.91441702842712
0.858873889060538,0,"SVG","TAC2","ELLA",205,0.0314235687255859,439.402960062027,22.7104434967041,2.06456971168518
0.94107447313317,1,"SVG","VIP","ELLA",205,0.0252742767333984,437.390397071838,23.8163566589355,1.89545559883118
0.00013758006543643,0,"rate_effect","SLC17A7","DESeq2",205,0.0300617218017578,435.108697414398,30.1848514080048,1.95747828483582
-0.000112007235994743,0,"rate_effect","PVALB","DESeq2",205,0.0281143188476562,417.028471469879,30.4718544483185,1.9316611289978
-6.44344037784509e-05,0,"rate_effect","TAC2","DESeq2",205,0.0322134494781494,428.645718336105,24.1389372348785,1.9397451877594
-2.84002681797037e-05,0,"rate_effect","VIP","DESeq2",205,0.0293436050415039,437.016592979431,28.5908098220825,2.00542783737183
0.776338984013305,0,"FSE","SLC17A7","DESeq2",205,0.0281786918640137,436.223310709,33.0396196842194,1.87908291816711
0.776338984013305,0,"FSE","PVALB","DESeq2",205,0.0291585922241211,432.003209590912,25.8684644699097,1.98139333724976
0.776338984013305,0,"FSE","TAC2","DESeq2",205,0.0310695171356201,421.0782122612,30.3165369033813,1.92700958251953
0.776338984013305,0,"FSE","VIP","DESeq2",205,0.0277640819549561,416.96134018898,25.3891241550446,1.93578004837036
1.01221757900428,0.436114868381992,"rate_effect","PVALB","wisp",206,0.0296456813812256,423.063416242599,22.6420071125031,1.89431571960449
-0.013777752861598,0,"rate_effect","SLC17A7","wisp",206,0.0282070636749268,430.799074888229,28.9197087287903,2.02877569198608
1.02309471310716,0.393040249589831,"rate_effect","TAC2","wisp",206,0.028740406036377,411.27406167984,27.1586208343506,1.95289063453674
-0.0503721169690838,0,"rate_effect","VIP","wisp",206,0.0296759605407715,424.28426527977,28.5306944847107,1.97954940795898
-0.201524699541015,0.0670368142891675,"random_effect","replicate1","wisp",206,0.0315585136413574,424.110975265503,25.9745590686798,1.83040857315063
0.0590268944477478,0.27082541026175,"random_effect","replicate2","wisp",206,0.0303142070770264,426.358679771423,27.514014005661,1.85209774971008
0.121273039622356,0.280851902673021,"random_effect","replicate3","wisp",206,0.0279641151428223,422.353990077972,28.4563901424408,1.88063788414001
0.0843935138394189,0.235271657351404,"random_effect","replicate4","wisp",206,0.029841423034668,455.733216524124,28.087949514389,1.87526679039001
0.00513375513375514,1,"FSE","PVALB","wisp",206,0.0290489196777344,428.638993501663,24.4395961761475,1.97462296485901
0.974802974802975,0,"FSE","SLC17A7","wisp",206,0.0295510292053223,423.189258098602,21.3554708957672,1.91519999504089
0.051825725295113,1,"FSE","TAC2","wisp",206,0.0303323268890381,446.011021852493,29.9634885787964,1.95551204681396
0.842837162837163,0,"FSE","VIP","wisp",206,0.0277292728424072,425.692224502563,29.5691344738007,1.90439701080322
2.20003402862101e-06,1,"SVG","PVALB","ELLA",206,0.935065746307373,409.268024206161,26.510181427002,1.97003269195557
0.914498141314866,0,"SVG","SLC17A7","ELLA",206,0.0277588367462158,420.036387681961,27.1086444854736,1.88512778282166
2.20000114514729e-07,1,"SVG","TAC2","ELLA",206,0.028433084487915,435.003904342651,22.8738830089569,1.87973070144653
0.925236063856521,0,"SVG","VIP","ELLA",206,0.0291740894317627,422.846745491028,27.8921658992767,1.93611168861389
-0.844428638815018,0.436114868381992,"rate_effect","SLC17A7","DESeq2",206,0.0325593948364258,422.382641553879,32.2758796215057,1.92639994621277
0.956585105705411,0,"rate_effect","PVALB","DESeq2",206,0.0299866199493408,450.483470439911,27.4053957462311,1.90693759918213
0.84071491709922,0.393040249589831,"rate_effect","TAC2","DESeq2",206,0.0297629833221436,434.546971559525,23.7330112457275,1.87679743766785
-0.852043860119476,0,"rate_effect","VIP","DESeq2",206,0.0338435173034668,436.816553592682,29.0492534637451,1.95362281799316
0,1,"FSE","SLC17A7","DESeq2",206,0.027367115020752,422.633439302444,21.7879257202148,2.01387763023376
0,0,"FSE","PVALB","DESeq2",206,0.0304765701293945,341.904124975204,28.1543152332306,1.86765432357788
0,1,"FSE","TAC2","DESeq2",206,0.0292367935180664,428.609116077423,25.2551717758179,1.91724061965942
0,0,"FSE","VIP","DESeq2",206,0.0310986042022705,444.368892192841,30.7688519954681,1.91700601577759
0.0171517037060702,0,"rate_effect","PVALB","wisp",207,0.0286846160888672,433.176414728165,25.6008260250092,2.11447739601135
-0.00761409647412643,0,"rate_effect","SLC17A7","wisp",207,0.0247077941894531,429.265485286713,29.3011937141418,1.89909911155701
0.0573915697199185,0,"rate_effect","TAC2","wisp",207,0.0279552936553955,442.510897397995,34.6902959346771,1.89492797851562
-0.384104701226273,0,"rate_effect","VIP","wisp",207,0.0318880081176758,434.701031208038,26.0515778064728,1.92224431037903
0.319461160677639,0.277236721711233,"random_effect","replicate1","wisp",207,0.0304415225982666,438.606535673141,24.8661851882935,1.91352796554565
0.36322473569019,0.336087451782078,"random_effect","replicate2","wisp",207,0.032750129699707,438.608156204224,26.6019434928894,1.87204194068909
-0.637379844657088,-0.441538235172629,"random_effect","replicate3","wisp",207,0.0291445255279541,421.407907009125,22.5907454490662,1.87196683883667
0.327690740049017,0.31219815928489,"random_effect","replicate4","wisp",207,0.961971044540405,427.296780824661,28.2648706436157,1.92194104194641
1.34418359418359,0,"FSE","PVALB","wisp",207,0.0310268402099609,433.440595388412,28.0865998268127,1.92976903915405
1.26389936594018,0,"FSE","SLC17A7","wisp",207,0.0276010036468506,448.544350624084,28.3334722518921,1.90699672698975
1.07661726029073,0,"FSE","TAC2","wisp",207,0.033125638961792,437.187759637833,25.8857131004333,1.94445037841797
0.437562437562437,0,"FSE","VIP","wisp",207,0.0310487747192383,416.92185997963,34.7796940803528,1.96136689186096
2.20002547818288e-06,1,"SVG","PVALB","ELLA",207,0.0298552513122559,429.006608963013,28.0748641490936,1.91984724998474
0.938669834061777,0,"SVG","SLC17A7","ELLA",207,0.027881383895874,427.94335269928,29.6661524772644,1.91626119613647
0.862114801961382,1,"SVG","TAC2","ELLA",207,0.0307164192199707,431.815202474594,29.9965281486511,1.88038921356201
0.891890730660439,1,"SVG","VIP","ELLA",207,0.031790018081665,415.090425491333,28.7477598190308,1.97158217430115
0.0013457418649703,0,"rate_effect","SLC17A7","DESeq2",207,0.961175680160522,446.45299243927,25.8177356719971,1.91986060142517
-0.015848256471399,0,"rate_effect","PVALB","DESeq2",207,0.0292866230010986,468.735806465149,25.6810131072998,1.88051891326904
0.0570874235079588,0,"rate_effect","TAC2","DESeq2",207,0.0333788394927979,430.931964159012,27.3349032402039,1.9478747844696
-0.0106284468493955,0,"rate_effect","VIP","DESeq2",207,0.0313360691070557,430.072258234024,32.5169382095337,1.92294645309448
0.826849533633633,0,"FSE","SLC17A7","DESeq2",207,0.0320706367492676,410.121573209763,23.7532002925873,1.94743466377258
0.163135014460334,0,"FSE","PVALB","DESeq2",207,0.0284214019775391,455.047101974487,29.9072344303131,1.901535987854
8.60749830130415e-05,0,"FSE","TAC2","DESeq2",207,0.0273256301879883,418.158571958542,29.1062133312225,1.88763666152954
0.3557211170972,0,"FSE","VIP","DESeq2",207,0.0296573638916016,428.122677564621,30.82168841362,1.92050409317017
0.256684716108364,0.105828557629138,"rate_effect","PVALB","wisp",208,0.0289463996887207,427.728178977966,32.8114042282104,1.94097876548767
-0.00652284122576548,0,"rate_effect","SLC17A7","wisp",208,0.0289764404296875,423.737015485764,28.5979809761047,1.92490077018738
0.0204230674098444,0,"rate_effect","TAC2","wisp",208,0.0297586917877197,456.613583087921,28.417432308197,1.88906669616699
-1.10836038434648,-0.279545451048762,"rate_effect","VIP","wisp",208,0.0328109264373779,420.884456634521,22.5742952823639,2.0883207321167
-0.481558188056061,-0.348511374089867,"random_effect","replicate1","wisp",208,0.0276672840118408,424.830772399902,28.9470098018646,1.93059301376343
0.204042363668146,0.17495959578082,"random_effect","replicate2","wisp",208,0.0286664962768555,437.511374950409,26.4271965026855,2.01169347763062
0.312549922163597,0.413871980272233,"random_effect","replicate3","wisp",208,0.0293729305267334,464.370765447617,28.4331409931183,1.92028284072876
0.231978904770794,0.218859555898234,"random_effect","replicate4","wisp",208,0.0321409702301025,403.638920783997,24.1360626220703,1.98838710784912
0.343471154695644,1,"FSE","PVALB","wisp",208,0.0281195640563965,414.873692512512,23.5046339035034,1.91408538818359
0.965165043290043,0,"FSE","SLC17A7","wisp",208,0.963593482971191,429.04301905632,34.2810742855072,1.96899151802063
0.729901051329623,0,"FSE","TAC2","wisp",208,1.88674259185791,417.523854017258,26.3215594291687,1.88364768028259
0,1,"FSE","VIP","wisp",208,0.0296945571899414,421.218112707138,27.146746635437,1.96816301345825
0.912969454106885,1,"SVG","PVALB","ELLA",208,0.0303440093994141,441.318182468414,32.5797770023346,1.93074917793274
0.884855221902023,0,"SVG","SLC17A7","ELLA",208,0.0316970348358154,431.787833929062,26.038455247879,1.94249320030212
0.876609018780781,0,"SVG","TAC2","ELLA",208,0.0272305011749268,441.372266292572,32.3179461956024,1.85554122924805
3.66667724571723e-07,1,"SVG","VIP","ELLA",208,0.0315840244293213,424.107073545456,30.2552561759949,1.88771200180054
-0.0156312378071294,0.105828557629138,"rate_effect","SLC17A7","DESeq2",208,0.0327708721160889,420.323094844818,23.4643216133118,1.9144229888916
0.529758618299749,0,"rate_effect","PVALB","DESeq2",208,0.0276579856872559,448.618867874146,29.8870091438293,1.93364334106445
0.00984926120806481,0,"rate_effect","TAC2","DESeq2",208,0.031425952911377,375.935034036636,27.1698169708252,1.93180441856384
-2.46897907967816,-0.279545451048762,"rate_effect","VIP","DESeq2",208,0.0269701480865479,429.70928645134,31.0543217658997,2.00865888595581
0.150141503020775,1,"FSE","SLC17A7","DESeq2",208,0.0327162742614746,437.831256628036,29.3419151306152,1.91435265541077
0,0,"FSE","PVALB","DESeq2",208,0.0288233757019043,431.461276769638,29.5254518985748,1.95789742469788
0.53494255073459,0,"FSE","TAC2","DESeq2",208,0.028160572052002,427.493983983994,24.4479246139526,1.92510008811951
0,1,"FSE","VIP","DESeq2",208,0.0265765190124512,465.420249700546,23.41534948349,1.87832069396973
0.0583301540192727,0,"rate_effect","PVALB","wisp",209,0.0311448574066162,435.724847555161,25.2409904003143,1.97131896018982
0.0881376360164555,0,"rate_effect","SLC17A7","wisp",209,0.0287723541259766,426.489372253418,30.498678445816,1.91572141647339
-0.00545258880189961,0,"rate_effect","TAC2","wisp",209,0.028050422668457,433.407697439194,24.0474677085876,1.89630961418152
-1.52980513101235,-0.31050378177315,"rate_effect","VIP","wisp",209,0.0294380187988281,417.568301677704,26.5134179592133,1.9169909954071
-0.583712160563922,-0.452997165266424,"random_effect","replicate1","wisp",209,0.0276269912719727,419.191938638687,32.9697706699371,1.88022470474243
0.38749147982187,0.365349286934361,"random_effect","replicate2","wisp",209,0.0316841602325439,430.204669237137,25.8227248191833,1.93337726593018
-0.0282448054829775,-0.172994162654504,"random_effect","replicate3","wisp",209,0.0281548500061035,423.383732318878,27.5879828929901,2.00009894371033
0.409120865729947,0.42921661096625,"random_effect","replicate4","wisp",209,0.950234889984131,433.018593549728,25.3655872344971,1.8637535572052
0.454575818303273,0,"FSE","PVALB","wisp",209,0.0335521697998047,425.685601949692,28.7269361019135,1.95883941650391
0.312064128256513,0,"FSE","SLC17A7","wisp",209,0.0294747352600098,421.638487815857,30.5206129550934,1.83303546905518
0.253425217782504,0,"FSE","TAC2","wisp",209,0.0276050567626953,403.932096004486,19.2276413440704,1.78714275360107
0.00180360721442876,1,"FSE","VIP","wisp",209,0.0286576747894287,408.298879146576,22.2654452323914,1.84356260299683
0.931746905234554,1,"SVG","PVALB","ELLA",209,0.0274727344512939,411.141361951828,25.3585731983185,1.77027249336243
0.906976858782222,1,"SVG","SLC17A7","ELLA",209,0.0304088592529297,414.141072034836,23.9539802074432,1.80440640449524
7.33340748348965e-07,1,"SVG","TAC2","ELLA",209,0.0287880897521973,408.969439744949,30.3737318515778,1.77948665618896
3.45893187203572e-07,1,"SVG","VIP","ELLA",209,0.028679370880127,409.549560070038,22.5197160243988,1.75816679000854
-0.00359478314247347,0,"rate_effect","SLC17A7","DESeq2",209,0.0275130271911621,403.635833740234,30.8150849342346,1.85015249252319
0.0105970417786364,0,"rate_effect","PVALB","DESeq2",209,0.0293619632720947,433.035242795944,27.7534692287445,1.79997277259827
0.0445602837629073,0,"rate_effect","TAC2","DESeq2",209,0.0276510715484619,418.054634571075,30.3133184909821,1.76283740997314
-2.83479001755456,-0.31050378177315,"rate_effect","VIP","DESeq2",209,0.0313279628753662,439.242620706558,24.6636564731598,1.80634546279907
0.606685003569476,0,"FSE","SLC17A7","DESeq2",209,0.0292425155639648,351.229082584381,27.6974363327026,1.83659362792969
0.606685003569476,0,"FSE","PVALB","DESeq2",209,0.0299062728881836,428.477724790573,27.0271451473236,1.79152250289917
0.154034167246553,0,"FSE","TAC2","DESeq2",209,0.028439998626709,400.481114149094,25.8864300251007,1.79541492462158
0,1,"FSE","VIP","DESeq2",209,0.895889282226562,416.329598903656,25.5795469284058,1.76463961601257
-0.596874336716792,-0.15965373092331,"rate_effect","PVALB","wisp",210,0.0301418304443359,397.71418094635,28.2146577835083,1.78049683570862
0.0657955798143649,0,"rate_effect","SLC17A7","wisp",210,0.0305290222167969,413.912841081619,30.5826287269592,1.81949877738953
0.0412525262612838,0,"rate_effect","TAC2","wisp",210,0.0295813083648682,405.915508031845,25.7490229606628,1.80578708648682
-0.00193611402817888,0,"rate_effect","VIP","wisp",210,0.0276761054992676,401.609362363815,23.6494569778442,1.81292271614075
-0.38815787838819,-0.326115016127005,"random_effect","replicate1","wisp",210,0.0274889469146729,409.212975025177,25.6452651023865,1.82821798324585
-0.337072186794114,-0.289637697627768,"random_effect","replicate2","wisp",210,0.0307917594909668,414.806458950043,29.2246925830841,1.80796146392822
0.369131435364625,0.394013117300346,"random_effect","replicate3","wisp",210,0.0279734134674072,423.394227981567,30.1006395816803,1.78223991394043
0.283004108155722,0.111918329494074,"random_effect","replicate4","wisp",210,0.0319101810455322,426.406829357147,27.4714765548706,1.80058145523071
0.019558676028084,1,"FSE","PVALB","wisp",210,0.029646635055542,402.189610004425,27.126549243927,1.84013605117798
0.49636409227683,0,"FSE","SLC17A7","wisp",210,0.0317471027374268,435.770930051804,27.0759134292603,1.74023652076721
0.690007522567703,0,"FSE","TAC2","wisp",210,0.028592586517334,408.307660102844,29.5158882141113,1.77786779403687
0.813997548200156,0,"FSE","VIP","wisp",210,0.0283982753753662,411.093592882156,27.4431064128876,1.73424339294434
0.902777256009951,1,"SVG","PVALB","ELLA",210,0.0274736881256104,406.61597943306,31.6404249668121,1.80775022506714
0.978341665390001,1,"SVG","SLC17A7","ELLA",210,0.0311400890350342,408.279498338699,23.8222887516022,1.86932563781738
1.10000585029635e-06,1,"SVG","TAC2","ELLA",210,0.0311648845672607,409.458102464676,26.5550758838654,1.80131101608276
0.92217881839383,1,"SVG","VIP","ELLA",210,0.029813289642334,411.923641443253,23.8093945980072,1.76051712036133
-0.0136788197107636,-0.15965373092331,"rate_effect","SLC17A7","DESeq2",210,0.0329639911651611,405.545966625214,31.5916204452515,1.78944897651672
-1.13763181430368,0,"rate_effect","PVALB","DESeq2",210,0.0260028839111328,425.389599561691,24.1233968734741,1.78804445266724
0.0711277066863415,0,"rate_effect","TAC2","DESeq2",210,0.0357918739318848,398.119257926941,28.8584458827972,1.83746886253357
0.0275863600641683,0,"rate_effect","VIP","DESeq2",210,0.0309436321258545,418.349713802338,35.2129671573639,1.8385636806488
0.0345197356604254,1,"FSE","SLC17A7","DESeq2",210,0.0236492156982422,406.516528367996,25.677962064743,1.86991882324219
0,0,"FSE","PVALB","DESeq2",210,0.0269579887390137,425.068669080734,31.497305393219,1.86204314231873
0.012735516404307,0,"FSE","TAC2","DESeq2",210,0.0278401374816895,422.368977308273,21.9365797042847,1.84537696838379
0.119894124753988,0,"FSE","VIP","DESeq2",210,0.0262370109558105,430.461272001266,26.6901309490204,1.90605521202087
0.0312654974889172,0,"rate_effect","PVALB","wisp",211,0.0279896259307861,412.056294202805,28.827924489975,2.02909517288208
-0.00522724867556162,0,"rate_effect","SLC17A7","wisp",211,0.0239815711975098,437.154964923859,21.9802222251892,1.92869520187378
-0.110137560112889,0,"rate_effect","TAC2","wisp",211,0.0296258926391602,422.03987288475,33.1828806400299,1.90689778327942
0.042831768160399,0,"rate_effect","VIP","wisp",211,0.0269100666046143,453.455007553101,24.2923212051392,1.84552454948425
0.062040095499385,-0.161393084097654,"random_effect","replicate1","wisp",211,0.0264310836791992,436.033627033234,27.4141705036163,1.84341669082642
0.238947216035124,-0.0761777656152844,"random_effect","replicate2","wisp",211,0.030048131942749,416.873572587967,22.743204832077,1.89280819892883
0.303958096495893,-0.000236612511798739,"random_effect","replicate3","wisp",211,0.026158332824707,418.94610118866,26.0069177150726,1.88708782196045
-0.398560754494382,-0.324777806643397,"random_effect","replicate4","wisp",211,0.02978515625,411.92558836937,23.0960333347321,1.92023396492004
1.2982982982983,0,"FSE","PVALB","wisp",211,0.0285301208496094,440.837086200714,25.1775932312012,1.9048330783844
1.27094441380156,0,"FSE","SLC17A7","wisp",211,0.0287730693817139,418.37282538414,26.0856287479401,2.60899710655212
0.948683377254806,0,"FSE","TAC2","wisp",211,0.0306224822998047,420.641088485718,27.347541809082,1.87631368637085
0.934387512512513,0,"FSE","VIP","wisp",211,0.0251264572143555,428.662610292435,21.5447599887848,1.84871196746826
0.873074954798474,0,"SVG","PVALB","ELLA",211,0.0291104316711426,427.803039550781,30.6923115253448,1.89639258384705
0.964209220367754,0,"SVG","SLC17A7","ELLA",211,0.0312936305999756,424.708827018738,25.2575786113739,1.85999202728271
1.1000044641829e-06,1,"SVG","TAC2","ELLA",211,0.0281896591186523,432.656529903412,24.8084371089935,1.89901542663574
0.916045067061117,0,"SVG","VIP","ELLA",211,0.031583309173584,427.925946950912,26.4291985034943,1.92317056655884
-0.000395595133338961,0,"rate_effect","SLC17A7","DESeq2",211,0.0287032127380371,424.533989191055,32.605699300766,1.91907668113708
-8.69324950753028e-05,0,"rate_effect","PVALB","DESeq2",211,0.0302207469940186,439.701268434525,32.080885887146,1.9224226474762
-1.57611743751047e-05,0,"rate_effect","TAC2","DESeq2",211,0.0275440216064453,423.768881559372,22.7086806297302,1.91026425361633
3.92877455300744e-05,0,"rate_effect","VIP","DESeq2",211,0.0284562110900879,418.428074121475,25.0440411567688,1.86522579193115
0.749058085202212,0,"FSE","SLC17A7","DESeq2",211,0.0321822166442871,423.145944595337,28.5050308704376,1.88742089271545
0.95836086566846,0,"FSE","PVALB","DESeq2",211,1.83389782905579,428.387951374054,27.2869317531586,1.97345232963562
0.749058085202212,0,"FSE","TAC2","DESeq2",211,0.029057502746582,342.884785890579,24.0696587562561,1.93395066261292
0.95836086566846,0,"FSE","VIP","DESeq2",211,0.0272171497344971,438.251104593277,21.7468342781067,1.89160752296448
-0.00497552835912597,0,"rate_effect","PVALB","wisp",212,0.0269596576690674,421.046288967133,23.9341967105865,1.92022323608398
-1.68108375842639,-0.297725670738146,"rate_effect","SLC17A7","wisp",212,0.0296871662139893,413.815036773682,29.3492894172668,1.99918484687805
0.306000162852955,0,"rate_effect","TAC2","wisp",212,0.0308065414428711,436.233450174332,30.0629839897156,1.94655609130859
-0.0878238681990552,0,"rate_effect","VIP","wisp",212,0.0267951488494873,437.389758586884,29.0803780555725,1.91891193389893
0.260243521215581,-0.148126864107326,"random_effect","replicate1","wisp",212,0.0312454700469971,421.801689386368,32.9749879837036,1.85251688957214
0.168218566280678,-0.184906616341323,"random_effect","replicate2","wisp",212,0.0282926559448242,412.800875425339,32.2108843326569,2.01232624053955
0.328084204090449,-0.0513900220394135,"random_effect","replicate3","wisp",212,0.0285141468048096,415.758309602737,22.5008878707886,1.89890432357788
-0.472325952709239,-0.417335563106462,"random_effect","replicate4","wisp",212,0.0309028625488281,448.807687759399,27.4583051204681,2.57047271728516
1.29927414852038,0,"FSE","PVALB","wisp",212,0.0265467166900635,425.658793926239,26.1612327098846,1.99357652664185
0,1,"FSE","SLC17A7","wisp",212,0.0303549766540527,419.892758131027,27.2944993972778,1.90579128265381
0.449560301507538,0,"FSE","TAC2","wisp",212,0.0257844924926758,423.843417406082,27.4935083389282,1.95272493362427
0.822391959798995,0,"FSE","VIP","wisp",212,0.0316722393035889,419.851747989655,33.067813873291,1.91422843933105
0.759394822145966,0,"SVG","PVALB","ELLA",212,0.0286879539489746,432.175387382507,25.0857548713684,1.89460062980652
0.896976837921059,1,"SVG","SLC17A7","ELLA",212,0.02815842628479,433.26940369606,29.9820668697357,1.89951992034912
5.5000138726724e-07,1,"SVG","TAC2","ELLA",212,0.0281815528869629,422.863761901855,31.7035093307495,1.87914896011353
2.20012656121371e-06,1,"SVG","VIP","ELLA",212,0.0313327312469482,419.048016548157,28.450918674469,1.91853785514832
-2.59112589772709,0,"rate_effect","SLC17A7","DESeq2",212,0.0285539627075195,428.176956653595,28.7329323291779,1.9428985118866
0.0251636919630989,-0.297725670738146,"rate_effect","PVALB","DESeq2",212,0.0334653854370117,448.894484519958,26.7565746307373,1.9282500743866
0.0751097763863193,0,"rate_effect","TAC2","DESeq2",212,0.0286557674407959,431.972440481186,31.2850565910339,1.88315010070801
-0.01572601995057,0,"rate_effect","VIP","DESeq2",212,0.0300242900848389,424.963372707367,22.1425814628601,1.95683145523071
0,0,"FSE","SLC17A7","DESeq2",212,0.0302369594573975,418.386739492416,27.6639943122864,1.88131093978882
0.140510393309996,1,"FSE","PVALB","DESeq2",212,0.0300443172454834,421.28426527977,26.8966805934906,1.87866401672363
0.00146753422452899,0,"FSE","TAC2","DESeq2",212,0.0321400165557861,442.835676431656,31.8027515411377,1.93642425537109
0.425599339491228,0,"FSE","VIP","DESeq2",212,0.0286946296691895,454.172886371613,20.994350194931,1.92745304107666
-0.103190464512032,0,"rate_effect","PVALB","wisp",213,0.0270276069641113,426.286192655563,29.4402439594269,1.9688024520874
0.458963933262857,0,"rate_effect","SLC17A7","wisp",213,0.028942346572876,426.630576610565,26.7875216007233,1.85739088058472
-0.00699315610537246,0,"rate_effect","TAC2","wisp",213,0.0292212963104248,403.239965200424,18.2296206951141,1.95345449447632
0.251220159637176,0,"rate_effect","VIP","wisp",213,0.0291359424591064,437.543063640594,30.7751030921936,1.94943451881409
-0.364082842116306,-0.199263101443648,"random_effect","replicate1","wisp",213,0.0285475254058838,424.828949689865,29.1811516284943,1.91415333747864
0.243800684678288,0.327935385284945,"random_effect","replicate2","wisp",213,0.0288188457489014,410.777765274048,29.7327396869659,1.89316058158875
-0.0651221584700553,0.235858386615291,"random_effect","replicate3","wisp",213,0.032414436340332,419.698316812515,29.1467514038086,1.89908075332642
0.186340541850808,0.29697866528295,"random_effect","replicate4","wisp",213,0.0276556015014648,420.921313047409,29.8099269866943,1.88652443885803
0.7165625,0,"FSE","PVALB","wisp",213,0.0273778438568115,421.405151367188,26.7447578907013,1.91813373565674
0.993125,0,"FSE","SLC17A7","wisp",213,0.031156063079834,429.191378355026,28.5962595939636,1.9064519405365
1.01128,0,"FSE","TAC2","wisp",213,0.0286152362823486,427.424861907959,26.4314243793488,1.93819808959961
0.0386666666666667,0,"FSE","VIP","wisp",213,0.0281038284301758,418.824084997177,25.559473991394,2.10096716880798
0.787734629398042,1,"SVG","PVALB","ELLA",213,0.0306472778320312,466.21201300621,29.5179445743561,1.95194005966187
0.863324656474003,1,"SVG","SLC17A7","ELLA",213,0.0272939205169678,428.564567327499,28.1826069355011,1.93955206871033
0.971210026968851,1,"SVG","TAC2","ELLA",213,0.0268537998199463,428.62980222702,28.0788650512695,1.86716628074646
0.8394951771979,1,"SVG","VIP","ELLA",213,0.0316793918609619,433.665621757507,28.1941282749176,1.93836879730225
0.0163010351248165,0,"rate_effect","SLC17A7","DESeq2",213,0.03013014793396,428.914049386978,27.9392147064209,1.9660108089447
-0.00553250963455377,0,"rate_effect","PVALB","DESeq2",213,0.0287206172943115,433.117321252823,28.3073542118073,1.88844609260559
-0.0101140367832685,0,"rate_effect","TAC2","DESeq2",213,0.0285968780517578,418.431674480438,33.0067012310028,1.91616630554199
-1.98520078195613e-05,0,"rate_effect","VIP","DESeq2",213,0.0298805236816406,434.249496936798,27.1291103363037,1.91533708572388
0.00010126005819643,0,"FSE","SLC17A7","DESeq2",213,0.0283896923065186,421.070561885834,30.8779003620148,1.90010547637939
0.521030197309986,0,"FSE","PVALB","DESeq2",213,0.029975414276123,428.989985227585,23.9281105995178,1.94244980812073
0.25756718018713,0,"FSE","TAC2","DESeq2",213,0.0299692153930664,457.875961065292,31.8868365287781,1.89758825302124
0.965349878405083,0,"FSE","VIP","DESeq2",213,0.02939772605896,417.147555589676,23.9216980934143,1.87791299819946
-0.158334623903941,-0.0318470350466669,"rate_effect","PVALB","wisp",214,0.0280909538269043,416.846960306168,27.8313653469086,1.94330286979675
-0.0425955289588317,0,"rate_effect","SLC17A7","wisp",214,0.0304865837097168,344.447868108749,27.1202914714813,1.91046500205994
0.0284824209333947,0,"rate_effect","TAC2","wisp",214,0.029170036315918,439.159169435501,28.2010991573334,1.95590901374817
0.130248240095674,0.0415975947398692,"rate_effect","VIP","wisp",214,0.0297019481658936,437.935654640198,30.1933093070984,1.91210222244263
0.0972356158374567,0.246248971670866,"random_effect","replicate1","wisp",214,0.027332067489624,424.346310138702,25.7669529914856,1.95130276679993
0.22375246191291,0.444989310577512,"random_effect","replicate2","wisp",214,0.0291640758514404,437.639401674271,30.6169512271881,1.97665858268738
-0.138399607260071,0.139429873554036,"random_effect","replicate3","wisp",214,0.0300407409667969,426.175881147385,30.7624077796936,1.87547874450684
-0.238086298943134,0.0344984792172909,"random_effect","replicate4","wisp",214,0.0379784107208252,431.229801654816,21.6975998878479,1.9074375629425
0.613969363969364,1,"FSE","PVALB","wisp",214,0.0266921520233154,428.557741880417,22.2550806999207,1.90938234329224
0.828011988011988,0,"FSE","SLC17A7","wisp",214,0.0271389484405518,437.074442386627,26.5238418579102,1.91658329963684
0.9504107004107,0,"FSE","TAC2","wisp",214,0.0304219722747803,437.910945653915,22.326967716217,1.87165641784668
0.244979510285633,1,"FSE","VIP","wisp",214,0.0298922061920166,438.342940330505,27.465437412262,1.94656467437744
0.975124685332985,1,"SVG","PVALB","ELLA",214,0.0309114456176758,435.115567207336,31.1347949504852,1.98431396484375
0.846059242706188,1,"SVG","SLC17A7","ELLA",214,0.0306754112243652,438.493384361267,28.8851320743561,1.9389660358429
0.95177089816155,0,"SVG","TAC2","ELLA",214,0.0304248332977295,448.30394411087,32.6194403171539,1.90953707695007
0.967993636633088,1,"SVG","VIP","ELLA",214,0.0324821472167969,415.358382225037,32.2989933490753,1.89722228050232
0.00431902475201401,-0.0318470350466669,"rate_effect","SLC17A7","DESeq2",214,0.0308408737182617,436.328069925308,27.416788816452,1.91525959968567
-0.19586694977195,0,"rate_effect","PVALB","DESeq2",214,0.0313224792480469,427.341772556305,28.5475046634674,1.95126700401306
-0.00277111540451999,0,"rate_effect","TAC2","DESeq2",214,0.0268018245697021,431.519038438797,28.7881174087524,1.92720103263855
0.176578112498186,0.0415975947398692,"rate_effect","VIP","DESeq2",214,0.0292632579803467,428.10148024559,30.4223482608795,1.970871925354
0.727112998722314,1,"FSE","SLC17A7","DESeq2",214,0.0282788276672363,405.253556966782,25.0135204792023,2.00466966629028
1.13869499586006e-46,0,"FSE","PVALB","DESeq2",214,0.0284509658813477,431.580227851868,27.9698166847229,1.89975738525391
0.852664798175228,0,"FSE","TAC2","DESeq2",214,0.0286874771118164,430.834863185883,27.7004799842834,1.89838004112244
3.21321890260729e-40,1,"FSE","VIP","DESeq2",214,0.0305662155151367,442.693529844284,26.6938269138336,1.96454334259033
-0.0273413250730145,0,"rate_effect","PVALB","wisp",215,0.02779221534729,451.127518415451,26.0369720458984,1.90947294235229
-4.80764678094315,-0.471011840971187,"rate_effect","SLC17A7","wisp",215,0.0288090705871582,419.77030134201,25.7107317447662,1.97353386878967
0.139054015868603,0.0248500150628388,"rate_effect","TAC2","wisp",215,0.0304677486419678,425.153422117233,24.997104883194,1.92307567596436
0.489581845070611,0.181286150123924,"rate_effect","VIP","wisp",215,0.0301992893218994,437.201149463654,31.2977366447449,1.96999192237854
-0.484509590209522,-0.415046314708889,"random_effect","replicate1","wisp",215,0.0317413806915283,419.524928569794,21.2905933856964,1.96289253234863
0.402200387727833,0.147853594971821,"random_effect","replicate2","wisp",215,0.0284855365753174,446.937193155289,28.4970102310181,1.91163372993469
0.217391346478934,-0.112787618301809,"random_effect","replicate3","wisp",215,0.0274665355682373,444.712888479233,23.9891443252563,1.87488484382629
0.0689165801488498,-0.194557157810777,"random_effect","replicate4","wisp",215,0.0323386192321777,417.759402275085,25.2549314498901,1.89371967315674
0.747408163265306,0,"FSE","PVALB","wisp",215,0.0282852649688721,416.854083061218,30.6044044494629,1.92660236358643
0,1,"FSE","SLC17A7","wisp",215,0.0322670936584473,421.5183634758,31.4342231750488,1.93913173675537
1.488,1,"FSE","TAC2","wisp",215,0.0289487838745117,448.733220338821,26.4758231639862,1.96097540855408
0.27225,1,"FSE","VIP","wisp",215,0.0280981063842773,427.417523622513,30.1986346244812,1.98125243186951
0.992963036226416,0,"SVG","PVALB","ELLA",215,0.0323467254638672,453.860027313232,30.1176075935364,1.94006776809692
0.851905101619544,1,"SVG","SLC17A7","ELLA",215,0.0279364585876465,419.111906051636,30.3025121688843,1.82835912704468
1.10003208836362e-06,1,"SVG","TAC2","ELLA",215,0.0278191566467285,422.150298118591,25.0138621330261,1.9052460193634
2.20004599815748e-06,1,"SVG","VIP","ELLA",215,0.975653648376465,431.828337192535,27.9934065341949,1.96088552474976
-8.22213870251885,0,"rate_effect","SLC17A7","DESeq2",215,0.0273873805999756,417.86593914032,26.1573016643524,1.92815375328064
-0.0776802916654925,-0.471011840971187,"rate_effect","PVALB","DESeq2",215,0.0301876068115234,421.714729070663,36.1966271400452,1.85416579246521
0.0775548994182895,0.0248500150628388,"rate_effect","TAC2","DESeq2",215,0.966925382614136,423.18149805069,28.2153370380402,1.94660639762878
0.787281840147079,0.181286150123924,"rate_effect","VIP","DESeq2",215,0.959918260574341,411.49706864357,21.0312209129333,1.96745443344116
0,0,"FSE","SLC17A7","DESeq2",215,0.0286843776702881,424.162430047989,28.4714119434357,1.95679402351379
0.000105873407298937,1,"FSE","PVALB","DESeq2",215,0.0275018215179443,424.953616142273,28.753488779068,1.89107203483582
0.00163196595564081,1,"FSE","TAC2","DESeq2",215,0.0303053855895996,413.682648897171,32.5513451099396,1.86874127388
2.08795937018323e-246,1,"FSE","VIP","DESeq2",215,0.0296225547790527,418.972558736801,22.28346991539,1.91441702842712
-0.040394441464769,0,"rate_effect","PVALB","wisp",216,0.0314235687255859,439.402960062027,22.7104434967041,2.06456971168518
-0.166075117002061,0,"rate_effect","SLC17A7","wisp",216,0.0252742767333984,437.390397071838,23.8163566589355,1.89545559883118
-0.0174786823808259,0,"rate_effect","TAC2","wisp",216,0.0300617218017578,435.108697414398,30.1848514080048,1.95747828483582
0.0131431413081787,0,"rate_effect","VIP","wisp",216,0.0281143188476562,417.028471469879,30.4718544483185,1.9316611289978
0.26071291697731,0.0673424620181322,"random_effect","replicate1","wisp",216,0.0322134494781494,428.645718336105,24.1389372348785,1.9397451877594
0.392013869049808,0.36395122599788,"random_effect","replicate2","wisp",216,0.0293436050415039,437.016592979431,28.5908098220825,2.00542783737183
0.364799170606406,0.333927887724712,"random_effect","replicate3","wisp",216,0.0281786918640137,436.223310709,33.0396196842194,1.87908291816711
-0.6707543804765,-0.449107089545578,"random_effect","replicate4","wisp",216,0.0291585922241211,432.003209590912,25.8684644699097,1.98139333724976
1.10883560883561,0,"FSE","PVALB","wisp",216,0.0310695171356201,421.0782122612,30.3165369033813,1.92700958251953
0.965784215784216,0,"FSE","SLC17A7","wisp",216,0.0277640819549561,416.96134018898,25.3891241550446,1.93578004837036
0.335898669232003,0,"FSE","TAC2","wisp",216,0.0296456813812256,423.063416242599,22.6420071125031,1.89431571960449
0.824807845216008,0,"FSE","VIP","wisp",216,0.0282070636749268,430.799074888229,28.9197087287903,2.02877569198608
0.898973092138691,0,"SVG","PVALB","ELLA",216,0.028740406036377,411.27406167984,27.1586208343506,1.95289063453674
0.894079952649011,1,"SVG","SLC17A7","ELLA",216,0.0296759605407715,424.28426527977,28.5306944847107,1.97954940795898
2.20004323919776e-06,1,"SVG","TAC2","ELLA",216,0.0315585136413574,424.110975265503,25.9745590686798,1.83040857315063
0.895127639405094,0,"SVG","VIP","ELLA",216,0.0303142070770264,426.358679771423,27.514014005661,1.85209774971008
0.000197136306011724,0,"rate_effect","SLC17A7","DESeq2",216,0.0279641151428223,422.353990077972,28.4563901424408,1.88063788414001
2.41376560867083e-05,0,"rate_effect","PVALB","DESeq2",216,0.029841423034668,455.733216524124,28.087949514389,1.87526679039001
-8.61851986725926e-05,0,"rate_effect","TAC2","DESeq2",216,0.0290489196777344,428.638993501663,24.4395961761475,1.97462296485901
0.000241859885019077,0,"rate_effect","VIP","DESeq2",216,0.0295510292053223,423.189258098602,21.3554708957672,1.91519999504089
0.965733649251637,0,"FSE","SLC17A7","DESeq2",216,0.0303323268890381,446.011021852493,29.9634885787964,1.95551204681396
0.965733649251637,0,"FSE","PVALB","DESeq2",216,0.0277292728424072,425.692224502563,29.5691344738007,1.90439701080322
0.965733649251637,0,"FSE","TAC2","DESeq2",216,0.935065746307373,409.268024206161,26.510181427002,1.97003269195557
0.965733649251637,0,"FSE","VIP","DESeq2",216,0.0277588367462158,420.036387681961,27.1086444854736,1.88512778282166
0.0409410466310619,0,"rate_effect","PVALB","wisp",217,0.028433084487915,435.003904342651,22.8738830089569,1.87973070144653
-0.00440728059468763,0,"rate_effect","SLC17A7","wisp",217,0.0291740894317627,422.846745491028,27.8921658992767,1.93611168861389
-0.02098545626885,0,"rate_effect","TAC2","wisp",217,0.0325593948364258,422.382641553879,32.2758796215057,1.92639994621277
0.385560393395833,0,"rate_effect","VIP","wisp",217,0.0299866199493408,450.483470439911,27.4053957462311,1.90693759918213
0.189655189013472,0.192440626211464,"random_effect","replicate1","wisp",217,0.0297629833221436,434.546971559525,23.7330112457275,1.87679743766785
-0.245994596215741,-0.0912677256856114,"random_effect","replicate2","wisp",217,0.0338435173034668,436.816553592682,29.0492534637451,1.95362281799316
0.304161918354302,0.409767181612551,"random_effect","replicate3","wisp",217,0.027367115020752,422.633439302444,21.7879257202148,2.01387763023376
-0.294118453301302,-0.161542302230373,"random_effect","replicate4","wisp",217,0.0304765701293945,341.904124975204,28.1543152332306,1.86765432357788
0.790542790542791,0,"FSE","PVALB","wisp",217,0.0292367935180664,428.609116077423,25.2551717758179,1.91724061965942
1.6794005994006,0,"FSE","SLC17A7","wisp",217,0.0310986042022705,444.368892192841,30.7688519954681,1.91700601577759
1.05107137760199,0,"FSE","TAC2","wisp",217,0.0286846160888672,433.176414728165,25.6008260250092,2.11447739601135
0.626318126318126,0,"FSE","VIP","wisp",217,0.0247077941894531,429.265485286713,29.3011937141418,1.89909911155701
0.894738561423717,1,"SVG","PVALB","ELLA",217,0.0279552936553955,442.510897397995,34.6902959346771,1.89492797851562
0.972374492571188,0,"SVG","SLC17A7","ELLA",217,0.0318880081176758,434.701031208038,26.0515778064728,1.92224431037903
0.845220104738656,0,"SVG","TAC2","ELLA",217,0.0304415225982666,438.606535673141,24.8661851882935,1.91352796554565
1.10001515729596e-06,1,"SVG","VIP","ELLA",217,0.032750129699707,438.608156204224,26.6019434928894,1.87204194068909
-0.00454933244020946,0,"rate_effect","SLC17A7","DESeq2",217,0.0291445255279541,421.407907009125,22.5907454490662,1.87196683883667
-0.00661763974795733,0,"rate_effect","PVALB","DESeq2",217,0.961971044540405,427.296780824661,28.2648706436157,1.92194104194641
-0.0017693888760725,0,"rate_effect","TAC2","DESeq2",217,0.0310268402099609,433.440595388412,28.0865998268127,1.92976903915405
0.0195125160357756,0,"rate_effect","VIP","DESeq2",217,0.0276010036468506,448.544350624084,28.3334722518921,1.90699672698975
0.349953275152343,0,"FSE","SLC17A7","DESeq2",217,0.033125638961792,437.187759637833,25.8857131004333,1.94445037841797
0.349953275152343,0,"FSE","PVALB","DESeq2",217,0.0310487747192383,416.92185997963,34.7796940803528,1.96136689186096
0.349953275152343,0,"FSE","TAC2","DESeq2",217,0.0298552513122559,429.006608963013,28.0748641490936,1.91984724998474
0.0845933712510143,0,"FSE","VIP","DESeq2",217,0.027881383895874,427.94335269928,29.6661524772644,1.91626119613647
-3.59020820666543,-0.463068073615432,"rate_effect","PVALB","wisp",218,0.0307164192199707,431.815202474594,29.9965281486511,1.88038921356201
0.0405072511072142,0,"rate_effect","SLC17A7","wisp",218,0.031790018081665,415.090425491333,28.7477598190308,1.97158217430115
0.524063296017366,0.203115191077814,"rate_effect","TAC2","wisp",218,0.961175680160522,446.45299243927,25.8177356719971,1.91986060142517
-0.162703086691225,0,"rate_effect","VIP","wisp",218,0.0292866230010986,468.735806465149,25.6810131072998,1.88051891326904
-0.0101567713515407,0.0630217602010816,"random_effect","replicate1","wisp",218,0.0333788394927979,430.931964159012,27.3349032402039,1.9478747844696
-0.15884526766925,-0.00213713082484901,"random_effect","replicate2","wisp",218,0.0313360691070557,430.072258234024,32.5169382095337,1.92294645309448
0.0595610704410527,0.161886485759169,"random_effect","replicate3","wisp",218,0.0320706367492676,410.121573209763,23.7532002925873,1.94743466377258
0.20736088848759,0.244536334648728,"random_effect","replicate4","wisp",218,0.0284214019775391,455.047101974487,29.9072344303131,1.901535987854
0,1,"FSE","PVALB","wisp",218,0.0273256301879883,418.158571958542,29.1062133312225,1.88763666152954
0.740268045823601,0,"FSE","SLC17A7","wisp",218,0.0296573638916016,428.122677564621,30.82168841362,1.92050409317017
0.195787624359053,1,"FSE","TAC2","wisp",218,0.0289463996887207,427.728178977966,32.8114042282104,1.94097876548767
0.504031809587365,0,"FSE","VIP","wisp",218,0.0289764404296875,423.737015485764,28.5979809761047,1.92490077018738
0.989014359573726,1,"SVG","PVALB","ELLA",218,0.0297586917877197,456.613583087921,28.417432308197,1.88906669616699
0.84424009638591,1,"SVG","SLC17A7","ELLA",218,0.0328109264373779,420.884456634521,22.5742952823639,2.0883207321167
1.10000524333742e-06,1,"SVG","TAC2","ELLA",218,0.0276672840118408,424.830772399902,28.9470098018646,1.93059301376343
5.50001392263244e-07,1,"SVG","VIP","ELLA",218,0.0286664962768555,437.511374950409,26.4271965026855,2.01169347763062
-0.0251819291699433,-0.463068073615432,"rate_effect","SLC17A7","DESeq2",218,0.0293729305267334,464.370765447617,28.4331409931183,1.92028284072876
-7.46492715681313,0,"rate_effect","PVALB","DESeq2",218,0.0321409702301025,403.638920783997,24.1360626220703,1.98838710784912
0.953109596453178,0.203115191077814,"rate_effect","TAC2","DESeq2",218,0.0281195640563965,414.873692512512,23.5046339035034,1.91408538818359
0.0247985072532619,0,"rate_effect","VIP","DESeq2",218,0.963593482971191,429.04301905632,34.2810742855072,1.96899151802063
0.00293298636703872,1,"FSE","SLC17A7","DESeq2",218,1.88674259185791,417.523854017258,26.3215594291687,1.88364768028259
0,0,"FSE","PVALB","DESeq2",218,0.0296945571899414,421.218112707138,27.146746635437,1.96816301345825
0,1,"FSE","TAC2","DESeq2",218,0.0303440093994141,441.318182468414,32.5797770023346,1.93074917793274
0.0759120727827307,0,"FSE","VIP","DESeq2",218,0.0316970348358154,431.787833929062,26.038455247879,1.94249320030212
-0.0614078820454195,-0.0664830906316638,"rate_effect","PVALB","wisp",219,0.0272305011749268,441.372266292572,32.3179461956024,1.85554122924805
-0.190467115829177,-0.0569410775788128,"rate_effect","SLC17A7","wisp",219,0.0315840244293213,424.107073545456,30.2552561759949,1.88771200180054
0.00450666661692633,0,"rate_effect","TAC2","wisp",219,0.0327708721160889,420.323094844818,23.4643216133118,1.9144229888916
-0.0262849428466193,0,"rate_effect","VIP","wisp",219,0.0276579856872559,448.618867874146,29.8870091438293,1.93364334106445
-0.197602373814213,0.0106517029926181,"random_effect","replicate1","wisp",219,0.031425952911377,375.935034036636,27.1698169708252,1.93180441856384
-0.256439787219609,-0.070808055344969,"random_effect","replicate2","wisp",219,0.0269701480865479,429.70928645134,31.0543217658997,2.00865888595581
0.292492973107963,0.478077786741778,"random_effect","replicate3","wisp",219,0.0327162742614746,437.831256628036,29.3419151306152,1.91435265541077
0.0352956162629097,0.116912754951045,"random_effect","replicate4","wisp",219,0.0288233757019043,431.461276769638,29.5254518985748,1.95789742469788
0.705488955488956,1,"FSE","PVALB","wisp",219,0.028160572052002,427.493983983994,24.4479246139526,1.92510008811951
0.202226345083488,1,"FSE","SLC17A7","wisp",219,0.0265765190124512,465.420249700546,23.41534948349,1.87832069396973
1.39296814296814,0,"FSE","TAC2","wisp",219,0.0311448574066162,435.724847555161,25.2409904003143,1.97131896018982
1.33376827254378,0,"FSE","VIP","wisp",219,0.0287723541259766,426.489372253418,30.498678445816,1.91572141647339
0.87363501347156,1,"SVG","PVALB","ELLA",219,0.028050422668457,433.407697439194,24.0474677085876,1.89630961418152
0.814435246994674,1,"SVG","SLC17A7","ELLA",219,0.0294380187988281,417.568301677704,26.5134179592133,1.9169909954071
0.974870951906552,0,"SVG","TAC2","ELLA",219,0.0276269912719727,419.191938638687,32.9697706699371,1.88022470474243
0.930379489464237,0,"SVG","VIP","ELLA",219,0.0316841602325439,430.204669237137,25.8227248191833,1.93337726593018
-0.16206162819474,-0.0664830906316638,"rate_effect","SLC17A7","DESeq2",219,0.0281548500061035,423.383732318878,27.5879828929901,2.00009894371033
-0.222574957536467,-0.0569410775788128,"rate_effect","PVALB","DESeq2",219,0.950234889984131,433.018593549728,25.3655872344971,1.8637535572052
0.17117283683755,0,"rate_effect","TAC2","DESeq2",219,0.0335521697998047,425.685601949692,28.7269361019135,1.95883941650391
0.178327926727188,0,"rate_effect","VIP","DESeq2",219,0.0294747352600098,421.638487815857,30.5206129550934,1.83303546905518
2.83023779153348e-150,1,"FSE","SLC17A7","DESeq2",219,0.0276050567626953,403.932096004486,19.2276413440704,1.78714275360107
3.88790824659534e-103,1,"FSE","PVALB","DESeq2",219,0.0286576747894287,408.298879146576,22.2654452323914,1.84356260299683
1.05672641530859e-33,0,"FSE","TAC2","DESeq2",219,0.0274727344512939,411.141361951828,25.3585731983185,1.77027249336243
2.95365449155552e-45,0,"FSE","VIP","DESeq2",219,0.0304088592529297,414.141072034836,23.9539802074432,1.80440640449524
-0.0105514220033219,0,"rate_effect","PVALB","wisp",220,0.0287880897521973,408.969439744949,30.3737318515778,1.77948665618896
0.00750151700187895,-0.423062851885334,"rate_effect","SLC17A7","wisp",220,0.028679370880127,409.549560070038,22.5197160243988,1.75816679000854
-0.035934877440332,0,"rate_effect","TAC2","wisp",220,0.0275130271911621,403.635833740234,30.8150849342346,1.85015249252319
-0.191595620770658,0,"rate_effect","VIP","wisp",220,0.0293619632720947,433.035242795944,27.7534692287445,1.79997277259827
0.308792629729664,0.484688632655889,"random_effect","replicate1","wisp",220,0.0276510715484619,418.054634571075,30.3133184909821,1.76283740997314
0.168618395981627,0.166450384072959,"random_effect","replicate2","wisp",220,0.0313279628753662,439.242620706558,24.6636564731598,1.80634546279907
-0.200584259975028,-0.042469312204048,"random_effect","replicate3","wisp",220,0.0292425155639648,351.229082584381,27.6974363327026,1.83659362792969
-0.327138991800781,-0.151143835159019,"random_effect","replicate4","wisp",220,0.0299062728881836,428.477724790573,27.0271451473236,1.79152250289917
2.14945054945055,0,"FSE","PVALB","wisp",220,0.028439998626709,400.481114149094,25.8864300251007,1.79541492462158
1.78437562437562,1,"FSE","SLC17A7","wisp",220,0.895889282226562,416.329598903656,25.5795469284058,1.76463961601257
0.915131743256743,0,"FSE","TAC2","wisp",220,0.0301418304443359,397.71418094635,28.2146577835083,1.78049683570862
0.416950396542233,0,"FSE","VIP","wisp",220,0.0305290222167969,413.912841081619,30.5826287269592,1.81949877738953
0.871523414528924,0,"SVG","PVALB","ELLA",220,0.0295813083648682,405.915508031845,25.7490229606628,1.80578708648682
0.892370071420916,0,"SVG","SLC17A7","ELLA",220,0.0276761054992676,401.609362363815,23.6494569778442,1.81292271614075
0.936799232470924,0,"SVG","TAC2","ELLA",220,0.0274889469146729,409.212975025177,25.6452651023865,1.82821798324585
4.40000757384595e-07,1,"SVG","VIP","ELLA",220,0.0307917594909668,414.806458950043,29.2246925830841,1.80796146392822
-0.00266817970844134,0,"rate_effect","SLC17A7","DESeq2",220,0.0279734134674072,423.394227981567,30.1006395816803,1.78223991394043
-2.54278792721765e-07,-0.423062851885334,"rate_effect","PVALB","DESeq2",220,0.0319101810455322,426.406829357147,27.4714765548706,1.80058145523071
-2.39802377122607e-05,0,"rate_effect","TAC2","DESeq2",220,0.029646635055542,402.189610004425,27.126549243927,1.84013605117798
-3.52880392029092e-05,0,"rate_effect","VIP","DESeq2",220,0.0317471027374268,435.770930051804,27.0759134292603,1.74023652076721
0.941380908255614,0,"FSE","SLC17A7","DESeq2",220,0.028592586517334,408.307660102844,29.5158882141113,1.77786779403687
0.941380908255614,1,"FSE","PVALB","DESeq2",220,0.0283982753753662,411.093592882156,27.4431064128876,1.73424339294434
0.941380908255614,0,"FSE","TAC2","DESeq2",220,0.0274736881256104,406.61597943306,31.6404249668121,1.80775022506714
0.941380908255614,0,"FSE","VIP","DESeq2",220,0.0311400890350342,408.279498338699,23.8222887516022,1.86932563781738
0.629972569437079,0.243131490657106,"rate_effect","PVALB","wisp",221,0.0311648845672607,409.458102464676,26.5550758838654,1.80131101608276
-0.155129264128615,0,"rate_effect","SLC17A7","wisp",221,0.029813289642334,411.923641443253,23.8093945980072,1.76051712036133
0.00575445759083758,0,"rate_effect","TAC2","wisp",221,0.0329639911651611,405.545966625214,31.5916204452515,1.78944897651672
0.668813954266179,0.209680790547282,"rate_effect","VIP","wisp",221,0.0260028839111328,425.389599561691,24.1233968734741,1.78804445266724
-0.163713516791478,0.0816149117890745,"random_effect","replicate1","wisp",221,0.0357918739318848,398.119257926941,28.8584458827972,1.83746886253357
0.201362881984538,0.231724791694432,"random_effect","replicate2","wisp",221,0.0309436321258545,418.349713802338,35.2129671573639,1.8385636806488
0.227422298738693,0.303936507320032,"random_effect","replicate3","wisp",221,0.0236492156982422,406.516528367996,25.677962064743,1.86991882324219
-0.303603695413776,-0.149177960818633,"random_effect","replicate4","wisp",221,0.0269579887390137,425.068669080734,31.497305393219,1.86204314231873
0.251291291291291,1,"FSE","PVALB","wisp",221,0.0278401374816895,422.368977308273,21.9365797042847,1.84537696838379
0.791031031031031,0,"FSE","SLC17A7","wisp",221,0.0262370109558105,430.461272001266,26.6901309490204,1.90605521202087
1.03222667111556,0,"FSE","TAC2","wisp",221,0.0279896259307861,412.056294202805,28.827924489975,2.02909517288208
0.205594483372261,1,"FSE","VIP","wisp",221,0.0239815711975098,437.154964923859,21.9802222251892,1.92869520187378
2.20002772904904e-06,1,"SVG","PVALB","ELLA",221,0.0296258926391602,422.03987288475,33.1828806400299,1.90689778327942
0.860750809127035,1,"SVG","SLC17A7","ELLA",221,0.0269100666046143,453.455007553101,24.2923212051392,1.84552454948425
0.907990074957667,0,"SVG","TAC2","ELLA",221,0.0264310836791992,436.033627033234,27.4141705036163,1.84341669082642
1.10002016756594e-06,1,"SVG","VIP","ELLA",221,0.030048131942749,416.873572587967,22.743204832077,1.89280819892883
-0.498955750907523,0.243131490657106,"rate_effect","SLC17A7","DESeq2",221,0.026158332824707,418.94610118866,26.0069177150726,1.88708782196045
0.645014715491966,0,"rate_effect","PVALB","DESeq2",221,0.02978515625,411.92558836937,23.0960333347321,1.92023396492004
-0.498502244431432,0,"rate_effect","TAC2","DESeq2",221,0.0285301208496094,440.837086200714,25.1775932312012,1.9048330783844
0.487426417547341,0.209680790547282,"rate_effect","VIP","DESeq2",221,0.0287730693817139,418.37282538414,26.0856287479401,2.60899710655212
0,1,"FSE","SLC17A7","DESeq2",221,0.0306224822998047,420.641088485718,27.347541809082,1.87631368637085
0,0,"FSE","PVALB","DESeq2",221,0.0251264572143555,428.662610292435,21.5447599887848,1.84871196746826
2.49739129264404e-242,0,"FSE","TAC2","DESeq2",221,0.0291104316711426,427.803039550781,30.6923115253448,1.89639258384705
0,1,"FSE","VIP","DESeq2",221,0.0312936305999756,424.708827018738,25.2575786113739,1.85999202728271
-1.49773828551961,-0.336101788794622,"rate_effect","PVALB","wisp",222,0.0281896591186523,432.656529903412,24.8084371089935,1.89901542663574
1.46559044523933,0.496837018523365,"rate_effect","SLC17A7","wisp",222,0.031583309173584,427.925946950912,26.4291985034943,1.92317056655884
-0.026483890455785,0,"rate_effect","TAC2","wisp",222,0.0287032127380371,424.533989191055,32.605699300766,1.91907668113708
0.0233142802180606,0,"rate_effect","VIP","wisp",222,0.0302207469940186,439.701268434525,32.080885887146,1.9224226474762
-0.326971343365846,-0.459437387529761,"random_effect","replicate1","wisp",222,0.0275440216064453,423.768881559372,22.7086806297302,1.91026425361633
0.595358936555439,0.032203579088673,"random_effect","replicate2","wisp",222,0.0284562110900879,418.428074121475,25.0440411567688,1.86522579193115
-0.33520106606104,-0.455042631132528,"random_effect","replicate3","wisp",222,0.0321822166442871,423.145944595337,28.5050308704376,1.88742089271545
-0.239214067211198,-0.441265640081838,"random_effect","replicate4","wisp",222,1.83389782905579,428.387951374054,27.2869317531586,1.97345232963562
0,1,"FSE","PVALB","wisp",222,0.029057502746582,342.884785890579,24.0696587562561,1.93395066261292
0,1,"FSE","SLC17A7","wisp",222,0.0272171497344971,438.251104593277,21.7468342781067,1.89160752296448
0.707347347347347,0,"FSE","TAC2","wisp",222,0.0269596576690674,421.046288967133,23.9341967105865,1.92022323608398
0.537557966129395,0,"FSE","VIP","wisp",222,0.0296871662139893,413.815036773682,29.3492894172668,1.99918484687805
0.91859012779717,1,"SVG","PVALB","ELLA",222,0.0308065414428711,436.233450174332,30.0629839897156,1.94655609130859
0.788261186714252,1,"SVG","SLC17A7","ELLA",222,0.0267951488494873,437.389758586884,29.0803780555725,1.91891193389893
2.20005190970651e-06,1,"SVG","TAC2","ELLA",222,0.0312454700469971,421.801689386368,32.9749879837036,1.85251688957214
1.10000895409135e-06,1,"SVG","VIP","ELLA",222,0.0282926559448242,412.800875425339,32.2108843326569,2.01232624053955
1.95528553175476,-0.336101788794622,"rate_effect","SLC17A7","DESeq2",222,0.0285141468048096,415.758309602737,22.5008878707886,1.89890432357788
-3.26655879056732,0.496837018523365,"rate_effect","PVALB","DESeq2",222,0.0309028625488281,448.807687759399,27.4583051204681,2.57047271728516
0.039890893636193,0,"rate_effect","TAC2","DESeq2",222,0.0265467166900635,425.658793926239,26.1612327098846,1.99357652664185
-0.039522824807458,0,"rate_effect","VIP","DESeq2",222,0.0303549766540527,419.892758131027,27.2944993972778,1.90579128265381
0,1,"FSE","SLC17A7","DESeq2",222,0.0257844924926758,423.843417406082,27.4935083389282,1.95272493362427
0,1,"FSE","PVALB","DESeq2",222,0.0316722393035889,419.851747989655,33.067813873291,1.91422843933105
0.381211945250173,0,"FSE","TAC2","DESeq2",222,0.0286879539489746,432.175387382507,25.0857548713684,1.89460062980652
0.381211945250173,0,"FSE","VIP","DESeq2",222,0.02815842628479,433.26940369606,29.9820668697357,1.89951992034912
-0.409177275518917,0,"rate_effect","PVALB","wisp",223,0.0281815528869629,422.863761901855,31.7035093307495,1.87914896011353
0.00348900810718882,0,"rate_effect","SLC17A7","wisp",223,0.0313327312469482,419.048016548157,28.450918674469,1.91853785514832
-0.230576663262812,0,"rate_effect","TAC2","wisp",223,0.0285539627075195,428.176956653595,28.7329323291779,1.9428985118866
-0.110431644989579,0,"rate_effect","VIP","wisp",223,0.0334653854370117,448.894484519958,26.7565746307373,1.9282500743866
0.0714084471458941,0.19198194029741,"random_effect","replicate1","wisp",223,0.0286557674407959,431.972440481186,31.2850565910339,1.88315010070801
0.237969682974974,0.386876077391207,"random_effect","replicate2","wisp",223,0.0300242900848389,424.963372707367,22.1425814628601,1.95683145523071
0.10148517415074,0.170952546177432,"random_effect","replicate3","wisp",223,0.0302369594573975,418.386739492416,27.6639943122864,1.88131093978882
-0.32709302151623,-0.160081632435322,"random_effect","replicate4","wisp",223,0.0300443172454834,421.28426527977,26.8966805934906,1.87866401672363
0.636800699300699,0,"FSE","PVALB","wisp",223,0.0321400165557861,442.835676431656,31.8027515411377,1.93642425537109
0.695508573059594,0,"FSE","SLC17A7","wisp",223,0.0286946296691895,454.172886371613,20.994350194931,1.92745304107666
0.42957042957043,0,"FSE","TAC2","wisp",223,0.0270276069641113,426.286192655563,29.4402439594269,1.9688024520874
0.437888641970275,0,"FSE","VIP","wisp",223,0.028942346572876,426.630576610565,26.7875216007233,1.85739088058472
0.997863943747264,1,"SVG","PVALB","ELLA",223,0.0292212963104248,403.239965200424,18.2296206951141,1.95345449447632
0.920781319633592,0,"SVG","SLC17A7","ELLA",223,0.0291359424591064,437.543063640594,30.7751030921936,1.94943451881409
2.20000249018248e-07,1,"SVG","TAC2","ELLA",223,0.0285475254058838,424.828949689865,29.1811516284943,1.91415333747864
3.66667175899504e-07,1,"SVG","VIP","ELLA",223,0.0288188457489014,410.777765274048,29.7327396869659,1.89316058158875
0.000318863733306844,0,"rate_effect","SLC17A7","DESeq2",223,0.032414436340332,419.698316812515,29.1467514038086,1.89908075332642
-0.000159138086247208,0,"rate_effect","PVALB","DESeq2",223,0.0276556015014648,420.921313047409,29.8099269866943,1.88652443885803
0.000104139612383077,0,"rate_effect","TAC2","DESeq2",223,0.0273778438568115,421.405151367188,26.7447578907013,1.91813373565674
-0.000267923905898481,0,"rate_effect","VIP","DESeq2",223,0.031156063079834,429.191378355026,28.5962595939636,1.9064519405365
0.445910882462515,0,"FSE","SLC17A7","DESeq2",223,0.0286152362823486,427.424861907959,26.4314243793488,1.93819808959961
0.277622737425587,0,"FSE","PVALB","DESeq2",223,0.0281038284301758,418.824084997177,25.559473991394,2.10096716880798
0.277622737425587,0,"FSE","TAC2","DESeq2",223,0.0306472778320312,466.21201300621,29.5179445743561,1.95194005966187
0.474550746356714,0,"FSE","VIP","DESeq2",223,0.0272939205169678,428.564567327499,28.1826069355011,1.93955206871033
-0.560760814106244,-0.162767812376842,"rate_effect","PVALB","wisp",224,0.0268537998199463,428.62980222702,28.0788650512695,1.86716628074646
-0.180345129345384,0,"rate_effect","SLC17A7","wisp",224,0.0316793918609619,433.665621757507,28.1941282749176,1.93836879730225
0.0466179518436076,0,"rate_effect","TAC2","wisp",224,0.03013014793396,428.914049386978,27.9392147064209,1.9660108089447
0.0109540633012284,0,"rate_effect","VIP","wisp",224,0.0287206172943115,433.117321252823,28.3073542118073,1.88844609260559
0.419005051676762,0.173879966838285,"random_effect","replicate1","wisp",224,0.0285968780517578,418.431674480438,33.0067012310028,1.91616630554199
-0.638915407985124,-0.460948149906471,"random_effect","replicate2","wisp",224,0.0298805236816406,434.249496936798,27.1291103363037,1.91533708572388
0.328870737439837,-0.0307054703589529,"random_effect","replicate3","wisp",224,0.0283896923065186,421.070561885834,30.8779003620148,1.90010547637939
0.291995790004757,-0.107609202619642,"random_effect","replicate4","wisp",224,0.029975414276123,428.989985227585,23.9281105995178,1.94244980812073
0.268333333333333,1,"FSE","PVALB","wisp",224,0.0299692153930664,457.875961065292,31.8868365287781,1.89758825302124
1.01296,0,"FSE","SLC17A7","wisp",224,0.02939772605896,417.147555589676,23.9216980934143,1.87791299819946
0.736204081632653,0,"FSE","TAC2","wisp",224,0.0280909538269043,416.846960306168,27.8313653469086,1.94330286979675
1.8112,0,"FSE","VIP","wisp",224,0.0304865837097168,344.447868108749,27.1202914714813,1.91046500205994
0.94848101354465,1,"SVG","PVALB","ELLA",224,0.029170036315918,439.159169435501,28.2010991573334,1.95590901374817
0.879128463225949,1,"SVG","SLC17A7","ELLA",224,0.0297019481658936,437.935654640198,30.1933093070984,1.91210222244263
8.79205214965317e-07,1,"SVG","TAC2","ELLA",224,0.027332067489624,424.346310138702,25.7669529914856,1.95130276679993
0.935010638428178,0,"SVG","VIP","ELLA",224,0.0291640758514404,437.639401674271,30.6169512271881,1.97665858268738
0.011513260291533,-0.162767812376842,"rate_effect","SLC17A7","DESeq2",224,0.0300407409667969,426.175881147385,30.7624077796936,1.87547874450684
-1.14507298992228,0,"rate_effect","PVALB","DESeq2",224,0.0379784107208252,431.229801654816,21.6975998878479,1.9074375629425
0.0236071419975576,0,"rate_effect","TAC2","DESeq2",224,0.0266921520233154,428.557741880417,22.2550806999207,1.90938234329224
0.00786606232454524,0,"rate_effect","VIP","DESeq2",224,0.0271389484405518,437.074442386627,26.5238418579102,1.91658329963684
0.475299969757157,1,"FSE","SLC17A7","DESeq2",224,0.0304219722747803,437.910945653915,22.326967716217,1.87165641784668
0,0,"FSE","PVALB","DESeq2",224,0.0298922061920166,438.342940330505,27.465437412262,1.94656467437744
0.475299969757157,0,"FSE","TAC2","DESeq2",224,0.0309114456176758,435.115567207336,31.1347949504852,1.98431396484375
0.699200299792426,0,"FSE","VIP","DESeq2",224,0.0306754112243652,438.493384361267,28.8851320743561,1.9389660358429
-0.206380147427901,-0.0613658933434635,"rate_effect","PVALB","wisp",225,0.0304248332977295,448.30394411087,32.6194403171539,1.90953707695007
-0.0379315182715911,0.0398448226042092,"rate_effect","SLC17A7","wisp",225,0.0324821472167969,415.358382225037,32.2989933490753,1.89722228050232
0.562508243741136,0.217735937563702,"rate_effect","TAC2","wisp",225,0.0308408737182617,436.328069925308,27.416788816452,1.91525959968567
-0.223623996121548,-0.128010742599145,"rate_effect","VIP","wisp",225,0.0313224792480469,427.341772556305,28.5475046634674,1.95126700401306
-0.397073974188129,-0.312379516661167,"random_effect","replicate1","wisp",225,0.0268018245697021,431.519038438797,28.7881174087524,1.92720103263855
0.206683007547308,0.0727676895912737,"random_effect","replicate2","wisp",225,0.0292632579803467,428.10148024559,30.4223482608795,1.970871925354
0.34480351520224,0.355912226252258,"random_effect","replicate3","wisp",225,0.0282788276672363,405.253556966782,25.0135204792023,2.00466966629028
-0.182810353399347,-0.135244292905554,"random_effect","replicate4","wisp",225,0.0284509658813477,431.580227851868,27.9698166847229,1.89975738525391
0.358605527638191,1,"FSE","PVALB","wisp",225,0.0286874771118164,430.834863185883,27.7004799842834,1.89838004112244
0.372305974316025,1,"FSE","SLC17A7","wisp",225,0.0305662155151367,442.693529844284,26.6938269138336,1.96454334259033
0.235979899497487,1,"FSE","TAC2","wisp",225,0.02779221534729,451.127518415451,26.0369720458984,1.90947294235229
0.235417085427136,1,"FSE","VIP","wisp",225,0.0288090705871582,419.77030134201,25.7107317447662,1.97353386878967
0.892527938616094,1,"SVG","PVALB","ELLA",225,0.0304677486419678,425.153422117233,24.997104883194,1.92307567596436
0.905072708298211,1,"SVG","SLC17A7","ELLA",225,0.0301992893218994,437.201149463654,31.2977366447449,1.96999192237854
5.50000666010853e-07,1,"SVG","TAC2","ELLA",225,0.0317413806915283,419.524928569794,21.2905933856964,1.96289253234863
0.919162198323158,1,"SVG","VIP","ELLA",225,0.0284855365753174,446.937193155289,28.4970102310181,1.91163372993469
0.290520312429806,-0.0613658933434635,"rate_effect","SLC17A7","DESeq2",225,0.0274665355682373,444.712888479233,23.9891443252563,1.87488484382629
-0.290726964453524,0.0398448226042092,"rate_effect","PVALB","DESeq2",225,0.0323386192321777,417.759402275085,25.2549314498901,1.89371967315674
1.15228883134575,0.217735937563702,"rate_effect","TAC2","DESeq2",225,0.0282852649688721,416.854083061218,30.6044044494629,1.92660236358643
-0.793145069791015,-0.128010742599145,"rate_effect","VIP","DESeq2",225,0.0322670936584473,421.5183634758,31.4342231750488,1.93913173675537
0,1,"FSE","SLC17A7","DESeq2",225,0.0289487838745117,448.733220338821,26.4758231639862,1.96097540855408
9.0352504539846e-178,1,"FSE","PVALB","DESeq2",225,0.0280981063842773,427.417523622513,30.1986346244812,1.98125243186951
0,1,"FSE","TAC2","DESeq2",225,0.0323467254638672,453.860027313232,30.1176075935364,1.94006776809692
1.82641052936821e-205,1,"FSE","VIP","DESeq2",225,0.0279364585876465,419.111906051636,30.3025121688843,1.82835912704468
0.0903846128830851,0,"rate_effect","PVALB","wisp",226,0.0278191566467285,422.150298118591,25.0138621330261,1.9052460193634
0.261104502329768,0,"rate_effect","SLC17A7","wisp",226,0.975653648376465,431.828337192535,27.9934065341949,1.96088552474976
-0.0277360915695103,0,"rate_effect","TAC2","wisp",226,0.0273873805999756,417.86593914032,26.1573016643524,1.92815375328064
-0.69827296214754,-0.209452115697786,"rate_effect","VIP","wisp",226,0.0301876068115234,421.714729070663,36.1966271400452,1.85416579246521
0.421678078117167,0.300977216335014,"random_effect","replicate1","wisp",226,0.966925382614136,423.18149805069,28.2153370380402,1.94660639762878
0.20486187986589,-0.101332203485072,"random_effect","replicate2","wisp",226,0.959918260574341,411.49706864357,21.0312209129333,1.96745443344116
-0.509685953563482,-0.416521272156388,"random_effect","replicate3","wisp",226,0.0286843776702881,424.162430047989,28.4714119434357,1.95679402351379
0.0747594183224581,-0.181570777669549,"random_effect","replicate4","wisp",226,0.0275018215179443,424.953616142273,28.753488779068,1.89107203483582
0.998001998001998,0,"FSE","PVALB","wisp",226,0.0303053855895996,413.682648897171,32.5513451099396,1.86874127388
1.08391608391608,0,"FSE","SLC17A7","wisp",226,0.0296225547790527,418.972558736801,22.28346991539,1.91441702842712
0.834005994005994,0,"FSE","TAC2","wisp",226,0.0314235687255859,439.402960062027,22.7104434967041,2.06456971168518
0,1,"FSE","VIP","wisp",226,0.0252742767333984,437.390397071838,23.8163566589355,1.89545559883118
0.919105749507693,1,"SVG","PVALB","ELLA",226,0.0300617218017578,435.108697414398,30.1848514080048,1.95747828483582
0.931100622866559,1,"SVG","SLC17A7","ELLA",226,0.0281143188476562,417.028471469879,30.4718544483185,1.9316611289978
0.882378270482652,0,"SVG","TAC2","ELLA",226,0.0322134494781494,428.645718336105,24.1389372348785,1.9397451877594
0.886568739045813,1,"SVG","VIP","ELLA",226,0.0293436050415039,437.016592979431,28.5908098220825,2.00542783737183
0.0226390124616777,0,"rate_effect","SLC17A7","DESeq2",226,0.0281786918640137,436.223310709,33.0396196842194,1.87908291816711
0.00675893885279143,0,"rate_effect","PVALB","DESeq2",226,0.0291585922241211,432.003209590912,25.8684644699097,1.98139333724976
0.0110301839906574,0,"rate_effect","TAC2","DESeq2",226,0.0310695171356201,421.0782122612,30.3165369033813,1.92700958251953
-1.5904176215661,-0.209452115697786,"rate_effect","VIP","DESeq2",226,0.0277640819549561,416.96134018898,25.3891241550446,1.93578004837036
2.35874760406295e-05,0,"FSE","SLC17A7","DESeq2",226,0.0296456813812256,423.063416242599,22.6420071125031,1.89431571960449
0.538823659426158,0,"FSE","PVALB","DESeq2",226,0.0282070636749268,430.799074888229,28.9197087287903,2.02877569198608
0.538823659426158,0,"FSE","TAC2","DESeq2",226,0.028740406036377,411.27406167984,27.1586208343506,1.95289063453674
0,1,"FSE","VIP","DESeq2",226,0.0296759605407715,424.28426527977,28.5306944847107,1.97954940795898
-0.0110141376123591,0,"rate_effect","PVALB","wisp",227,0.0315585136413574,424.110975265503,25.9745590686798,1.83040857315063
-0.806654222680157,-0.15063979383558,"rate_effect","SLC17A7","wisp",227,0.0303142070770264,426.358679771423,27.514014005661,1.85209774971008
-0.0635974934256534,0,"rate_effect","TAC2","wisp",227,0.0279641151428223,422.353990077972,28.4563901424408,1.88063788414001
-0.262437293401869,-0.115829402580857,"rate_effect","VIP","wisp",227,0.029841423034668,455.733216524124,28.087949514389,1.87526679039001
0.294937573891234,-0.148603230714798,"random_effect","replicate1","wisp",227,0.0290489196777344,428.638993501663,24.4395961761475,1.97462296485901
0.460508574641339,0.132007867330685,"random_effect","replicate2","wisp",227,0.0295510292053223,423.189258098602,21.3554708957672,1.91519999504089
0.0664106692115752,-0.248128738952801,"random_effect","replicate3","wisp",227,0.0303323268890381,446.011021852493,29.9634885787964,1.95551204681396
-0.5742554824172,-0.450695484643802,"random_effect","replicate4","wisp",227,0.0277292728424072,425.692224502563,29.5691344738007,1.90439701080322
0.99205951186894,0,"FSE","PVALB","wisp",227,0.935065746307373,409.268024206161,26.510181427002,1.97003269195557
0.310682046138415,1,"FSE","SLC17A7","wisp",227,0.0277588367462158,420.036387681961,27.1086444854736,1.88512778282166
0.636337584181115,0,"FSE","TAC2","wisp",227,0.028433084487915,435.003904342651,22.8738830089569,1.87973070144653
1.08202384932576,1,"FSE","VIP","wisp",227,0.0291740894317627,422.846745491028,27.8921658992767,1.93611168861389
0.898177439031975,0,"SVG","PVALB","ELLA",227,0.0325593948364258,422.382641553879,32.2758796215057,1.92639994621277
0.86122784091195,1,"SVG","SLC17A7","ELLA",227,0.0299866199493408,450.483470439911,27.4053957462311,1.90693759918213
0.875770464943264,0,"SVG","TAC2","ELLA",227,0.0297629833221436,434.546971559525,23.7330112457275,1.87679743766785
3.14286515701312e-07,1,"SVG","VIP","ELLA",227,0.0338435173034668,436.816553592682,29.0492534637451,1.95362281799316
-0.581160320227733,0,"rate_effect","SLC17A7","DESeq2",227,0.027367115020752,422.633439302444,21.7879257202148,2.01387763023376
0.453277213523609,-0.15063979383558,"rate_effect","PVALB","DESeq2",227,0.0304765701293945,341.904124975204,28.1543152332306,1.86765432357788
0.430014275644669,0,"rate_effect","TAC2","DESeq2",227,0.0292367935180664,428.609116077423,25.2551717758179,1.91724061965942
-0.398058135876302,-0.115829402580857,"rate_effect","VIP","DESeq2",227,0.0310986042022705,444.368892192841,30.7688519954681,1.91700601577759
6.89538385704843e-110,0,"FSE","SLC17A7","DESeq2",227,0.0286846160888672,433.176414728165,25.6008260250092,2.11447739601135
3.42572276292905e-73,1,"FSE","PVALB","DESeq2",227,0.0247077941894531,429.265485286713,29.3011937141418,1.89909911155701
1.32737526332312e-40,0,"FSE","TAC2","DESeq2",227,0.0279552936553955,442.510897397995,34.6902959346771,1.89492797851562
7.03991859042776e-40,1,"FSE","VIP","DESeq2",227,0.0318880081176758,434.701031208038,26.0515778064728,1.92224431037903
0.936549109747422,0.336451373528689,"rate_effect","PVALB","wisp",228,0.0304415225982666,438.606535673141,24.8661851882935,1.91352796554565
-1.05366441799287,-0.216181901516393,"rate_effect","SLC17A7","wisp",228,0.032750129699707,438.608156204224,26.6019434928894,1.87204194068909
0.00599137375626402,0,"rate_effect","TAC2","wisp",228,0.0291445255279541,421.407907009125,22.5907454490662,1.87196683883667
0.113731353178404,0,"rate_effect","VIP","wisp",228,0.961971044540405,427.296780824661,28.2648706436157,1.92194104194641
-0.576881106808733,-0.399891982320696,"random_effect","replicate1","wisp",228,0.0310268402099609,433.440595388412,28.0865998268127,1.92976903915405
0.311258533287411,0.391326854703948,"random_effect","replicate2","wisp",228,0.0276010036468506,448.544350624084,28.3334722518921,1.90699672698975
0.301401409991552,0.385904814349487,"random_effect","replicate3","wisp",228,0.033125638961792,437.187759637833,25.8857131004333,1.94445037841797
0.312457106217922,0.377717579249293,"random_effect","replicate4","wisp",228,0.0310487747192383,416.92185997963,34.7796940803528,1.96136689186096
0.173706293706294,1,"FSE","PVALB","wisp",228,0.0298552513122559,429.006608963013,28.0748641490936,1.91984724998474
0.214071642643071,1,"FSE","SLC17A7","wisp",228,0.027881383895874,427.94335269928,29.6661524772644,1.91626119613647
1.18187934514465,0,"FSE","TAC2","wisp",228,0.0307164192199707,431.815202474594,29.9965281486511,1.88038921356201
0.264513264513264,0,"FSE","VIP","wisp",228,0.031790018081665,415.090425491333,28.7477598190308,1.97158217430115
0.942065481996347,1,"SVG","PVALB","ELLA",228,0.961175680160522,446.45299243927,25.8177356719971,1.91986060142517
0.802808110573182,1,"SVG","SLC17A7","ELLA",228,0.0292866230010986,468.735806465149,25.6810131072998,1.88051891326904
0.879086557161189,0,"SVG","TAC2","ELLA",228,0.0333788394927979,430.931964159012,27.3349032402039,1.9478747844696
2.20005821105485e-06,1,"SVG","VIP","ELLA",228,0.0313360691070557,430.072258234024,32.5169382095337,1.92294645309448
-1.63036037326502,0.336451373528689,"rate_effect","SLC17A7","DESeq2",228,0.0320706367492676,410.121573209763,23.7532002925873,1.94743466377258
1.47347577888991,-0.216181901516393,"rate_effect","PVALB","DESeq2",228,0.0284214019775391,455.047101974487,29.9072344303131,1.901535987854
-0.00742889952748217,0,"rate_effect","TAC2","DESeq2",228,0.0273256301879883,418.158571958542,29.1062133312225,1.88763666152954
0.007455109971859,0,"rate_effect","VIP","DESeq2",228,0.0296573638916016,428.122677564621,30.82168841362,1.92050409317017
0,1,"FSE","SLC17A7","DESeq2",228,0.0289463996887207,427.728178977966,32.8114042282104,1.94097876548767
0,1,"FSE","PVALB","DESeq2",228,0.0289764404296875,423.737015485764,28.5979809761047,1.92490077018738
0.616740060790663,0,"FSE","TAC2","DESeq2",228,0.0297586917877197,456.613583087921,28.417432308197,1.88906669616699
0.616740060790663,0,"FSE","VIP","DESeq2",228,0.0328109264373779,420.884456634521,22.5742952823639,2.0883207321167
-2.02753141960879,-0.362186386017129,"rate_effect","PVALB","wisp",229,0.0276672840118408,424.830772399902,28.9470098018646,1.93059301376343
0.000119082761502874,0,"rate_effect","SLC17A7","wisp",229,0.0286664962768555,437.511374950409,26.4271965026855,2.01169347763062
-0.00550435580716331,0,"rate_effect","TAC2","wisp",229,0.0293729305267334,464.370765447617,28.4331409931183,1.92028284072876
0.0112932809789222,0,"rate_effect","VIP","wisp",229,0.0321409702301025,403.638920783997,24.1360626220703,1.98838710784912
-0.249655877777501,-0.17300214106217,"random_effect","replicate1","wisp",229,0.0281195640563965,414.873692512512,23.5046339035034,1.91408538818359
-0.27425868691939,-0.183098857523873,"random_effect","replicate2","wisp",229,0.963593482971191,429.04301905632,34.2810742855072,1.96899151802063
0.30065856305695,0.232405165908858,"random_effect","replicate3","wisp",229,1.88674259185791,417.523854017258,26.3215594291687,1.88364768028259
0.206143636633366,0.0609854091890156,"random_effect","replicate4","wisp",229,0.0296945571899414,421.218112707138,27.146746635437,1.96816301345825
0,1,"FSE","PVALB","wisp",229,0.0303440093994141,441.318182468414,32.5797770023346,1.93074917793274
1.18885114885115,0,"FSE","SLC17A7","wisp",229,0.0316970348358154,431.787833929062,26.038455247879,1.94249320030212
1.5513653013653,0,"FSE","TAC2","wisp",229,0.0272305011749268,441.372266292572,32.3179461956024,1.85554122924805
1.08972659993068,0,"FSE","VIP","wisp",229,0.0315840244293213,424.107073545456,30.2552561759949,1.88771200180054
0.910569581985359,1,"SVG","PVALB","ELLA",229,0.0327708721160889,420.323094844818,23.4643216133118,1.9144229888916
0.971922826829987,0,"SVG","SLC17A7","ELLA",229,0.0276579856872559,448.618867874146,29.8870091438293,1.93364334106445
0.881362383629522,0,"SVG","TAC2","ELLA",229,0.031425952911377,375.935034036636,27.1698169708252,1.93180441856384
0.914724028486853,0,"SVG","VIP","ELLA",229,0.0269701480865479,429.70928645134,31.0543217658997,2.00865888595581
0.0097949556810627,-0.362186386017129,"rate_effect","SLC17A7","DESeq2",229,0.0327162742614746,437.831256628036,29.3419151306152,1.91435265541077
-3.80996546642147,0,"rate_effect","PVALB","DESeq2",229,0.0288233757019043,431.461276769638,29.5254518985748,1.95789742469788
0.00665404810002129,0,"rate_effect","TAC2","DESeq2",229,0.028160572052002,427.493983983994,24.4479246139526,1.92510008811951
0.0199578132185472,0,"rate_effect","VIP","DESeq2",229,0.0265765190124512,465.420249700546,23.41534948349,1.87832069396973
0.00394757151113273,1,"FSE","SLC17A7","DESeq2",229,0.0311448574066162,435.724847555161,25.2409904003143,1.97131896018982
0,0,"FSE","PVALB","DESeq2",229,0.0287723541259766,426.489372253418,30.498678445816,1.91572141647339
0.650002805758062,0,"FSE","TAC2","DESeq2",229,0.028050422668457,433.407697439194,24.0474677085876,1.89630961418152
0.202203556652579,0,"FSE","VIP","DESeq2",229,0.0294380187988281,417.568301677704,26.5134179592133,1.9169909954071
-0.909642156809795,-0.220628964249045,"rate_effect","PVALB","wisp",230,0.0276269912719727,419.191938638687,32.9697706699371,1.88022470474243
5.54267307412978e-05,0,"rate_effect","SLC17A7","wisp",230,0.0316841602325439,430.204669237137,25.8227248191833,1.93337726593018
-0.0180521751395977,0,"rate_effect","TAC2","wisp",230,0.0281548500061035,423.383732318878,27.5879828929901,2.00009894371033
-1.18623755719866,-0.291705819079652,"rate_effect","VIP","wisp",230,0.950234889984131,433.018593549728,25.3655872344971,1.8637535572052
0.0250375279643416,-0.176280488725752,"random_effect","replicate1","wisp",230,0.0335521697998047,425.685601949692,28.7269361019135,1.95883941650391
-0.558498033871578,-0.430538801010698,"random_effect","replicate2","wisp",230,0.0294747352600098,421.638487815857,30.5206129550934,1.83303546905518
0.246390311787142,-0.0393317695707083,"random_effect","replicate3","wisp",230,0.0276050567626953,403.932096004486,19.2276413440704,1.78714275360107
0.460622295451548,0.463838974712417,"random_effect","replicate4","wisp",230,0.0286576747894287,408.298879146576,22.2654452323914,1.84356260299683
0.225899100899101,1,"FSE","PVALB","wisp",230,0.0274727344512939,411.141361951828,25.3585731983185,1.77027249336243
0.788321053946054,0,"FSE","SLC17A7","wisp",230,0.0304088592529297,414.141072034836,23.9539802074432,1.80440640449524
1.20973470973471,0,"FSE","TAC2","wisp",230,0.0287880897521973,408.969439744949,30.3737318515778,1.77948665618896
0,1,"FSE","VIP","wisp",230,0.028679370880127,409.549560070038,22.5197160243988,1.75816679000854
0.946037425610286,1,"SVG","PVALB","ELLA",230,0.0275130271911621,403.635833740234,30.8150849342346,1.85015249252319
0.858791783743017,0,"SVG","SLC17A7","ELLA",230,0.0293619632720947,433.035242795944,27.7534692287445,1.79997277259827
0.894381007387598,0,"SVG","TAC2","ELLA",230,0.0276510715484619,418.054634571075,30.3133184909821,1.76283740997314
0.780710409751527,1,"SVG","VIP","ELLA",230,0.0313279628753662,439.242620706558,24.6636564731598,1.80634546279907
0.822848630714768,-0.220628964249045,"rate_effect","SLC17A7","DESeq2",230,0.0292425155639648,351.229082584381,27.6974363327026,1.83659362792969
-0.813992501911879,0,"rate_effect","PVALB","DESeq2",230,0.0299062728881836,428.477724790573,27.0271451473236,1.79152250289917
0.832295744557739,0,"rate_effect","TAC2","DESeq2",230,0.028439998626709,400.481114149094,25.8864300251007,1.79541492462158
-1.66913958461211,-0.291705819079652,"rate_effect","VIP","DESeq2",230,0.895889282226562,416.329598903656,25.5795469284058,1.76463961601257
0,1,"FSE","SLC17A7","DESeq2",230,0.0301418304443359,397.71418094635,28.2146577835083,1.78049683570862
0,0,"FSE","PVALB","DESeq2",230,0.0305290222167969,413.912841081619,30.5826287269592,1.81949877738953
0,0,"FSE","TAC2","DESeq2",230,0.0295813083648682,405.915508031845,25.7490229606628,1.80578708648682
0,1,"FSE","VIP","DESeq2",230,0.0276761054992676,401.609362363815,23.6494569778442,1.81292271614075
-0.402641218639952,-0.0794749818742275,"rate_effect","PVALB","wisp",231,0.0274889469146729,409.212975025177,25.6452651023865,1.82821798324585
0.00891620982792913,0,"rate_effect","SLC17A7","wisp",231,0.0307917594909668,414.806458950043,29.2246925830841,1.80796146392822
0.20868243354528,0.0193652689922601,"rate_effect","TAC2","wisp",231,0.0279734134674072,423.394227981567,30.1006395816803,1.78223991394043
-0.197135292361609,0,"rate_effect","VIP","wisp",231,0.0319101810455322,426.406829357147,27.4714765548706,1.80058145523071
-0.468407298120878,-0.340874908026308,"random_effect","replicate1","wisp",231,0.029646635055542,402.189610004425,27.126549243927,1.84013605117798
-0.0220094573720702,-0.00683472631499171,"random_effect","replicate2","wisp",231,0.0317471027374268,435.770930051804,27.0759134292603,1.74023652076721
0.298777635977236,0.265545248985291,"random_effect","replicate3","wisp",231,0.028592586517334,408.307660102844,29.5158882141113,1.77786779403687
0.344454577092959,0.454951332649216,"random_effect","replicate4","wisp",231,0.0283982753753662,411.093592882156,27.4431064128876,1.73424339294434
0.549797775530839,1,"FSE","PVALB","wisp",231,0.0274736881256104,406.61597943306,31.6404249668121,1.80775022506714
1.39307381193124,0,"FSE","SLC17A7","wisp",231,0.0311400890350342,408.279498338699,23.8222887516022,1.86932563781738
0.570561895132168,1,"FSE","TAC2","wisp",231,0.0311648845672607,409.458102464676,26.5550758838654,1.80131101608276
0.900530839231547,0,"FSE","VIP","wisp",231,0.029813289642334,411.923641443253,23.8093945980072,1.76051712036133
0.880784196981364,1,"SVG","PVALB","ELLA",231,0.0329639911651611,405.545966625214,31.5916204452515,1.78944897651672
0.817161352740152,0,"SVG","SLC17A7","ELLA",231,0.0260028839111328,425.389599561691,24.1233968734741,1.78804445266724
2.75000179683627e-07,1,"SVG","TAC2","ELLA",231,0.0357918739318848,398.119257926941,28.8584458827972,1.83746886253357
7.33335291380754e-07,1,"SVG","VIP","ELLA",231,0.0309436321258545,418.349713802338,35.2129671573639,1.8385636806488
-0.00707362704157779,-0.0794749818742275,"rate_effect","SLC17A7","DESeq2",231,0.0236492156982422,406.516528367996,25.677962064743,1.86991882324219
-0.484669224067581,0,"rate_effect","PVALB","DESeq2",231,0.0269579887390137,425.068669080734,31.497305393219,1.86204314231873
0.10733431915925,0.0193652689922601,"rate_effect","TAC2","DESeq2",231,0.0278401374816895,422.368977308273,21.9365797042847,1.84537696838379
0.00800149875400735,0,"rate_effect","VIP","DESeq2",231,0.0262370109558105,430.461272001266,26.6901309490204,1.90605521202087
0.285392373066735,1,"FSE","SLC17A7","DESeq2",231,0.0279896259307861,412.056294202805,28.827924489975,2.02909517288208
0,0,"FSE","PVALB","DESeq2",231,0.0239815711975098,437.154964923859,21.9802222251892,1.92869520187378
2.24885428689152e-14,1,"FSE","TAC2","DESeq2",231,0.0296258926391602,422.03987288475,33.1828806400299,1.90689778327942
0.516899205012086,0,"FSE","VIP","DESeq2",231,0.0269100666046143,453.455007553101,24.2923212051392,1.84552454948425
0.0815222192868328,0,"rate_effect","PVALB","wisp",232,0.0264310836791992,436.033627033234,27.4141705036163,1.84341669082642
0.0337008167760309,0,"rate_effect","SLC17A7","wisp",232,0.030048131942749,416.873572587967,22.743204832077,1.89280819892883
-0.0985242167276181,0,"rate_effect","TAC2","wisp",232,0.026158332824707,418.94610118866,26.0069177150726,1.88708782196045
-0.0360908301413971,0,"rate_effect","VIP","wisp",232,0.02978515625,411.92558836937,23.0960333347321,1.92023396492004
0.329584359297799,-0.0379470689222217,"random_effect","replicate1","wisp",232,0.0285301208496094,440.837086200714,25.1775932312012,1.9048330783844
0.00609114251525119,-0.202361762989312,"random_effect","replicate2","wisp",232,0.0287730693817139,418.37282538414,26.0856287479401,2.60899710655212
0.357311377492453,0.00265800254419446,"random_effect","replicate3","wisp",232,0.0306224822998047,420.641088485718,27.347541809082,1.87631368637085
-0.499424647282476,-0.41396922711283,"random_effect","replicate4","wisp",232,0.0251264572143555,428.662610292435,21.5447599887848,1.84871196746826
1.29309045226131,0,"FSE","PVALB","wisp",232,0.0291104316711426,427.803039550781,30.6923115253448,1.89639258384705
0.814447236180905,0,"FSE","SLC17A7","wisp",232,0.0312936305999756,424.708827018738,25.2575786113739,1.85999202728271
0.651235770690186,0,"FSE","TAC2","wisp",232,0.0281896591186523,432.656529903412,24.8084371089935,1.89901542663574
0.290326633165829,0,"FSE","VIP","wisp",232,0.031583309173584,427.925946950912,26.4291985034943,1.92317056655884
0.926915067286282,1,"SVG","PVALB","ELLA",232,0.0287032127380371,424.533989191055,32.605699300766,1.91907668113708
0.944204957962785,1,"SVG","SLC17A7","ELLA",232,0.0302207469940186,439.701268434525,32.080885887146,1.9224226474762
1.10001104219881e-06,1,"SVG","TAC2","ELLA",232,0.0275440216064453,423.768881559372,22.7086806297302,1.91026425361633
0.974608109782506,1,"SVG","VIP","ELLA",232,0.0284562110900879,418.428074121475,25.0440411567688,1.86522579193115
0.000520423197067063,0,"rate_effect","SLC17A7","DESeq2",232,0.0321822166442871,423.145944595337,28.5050308704376,1.88742089271545
-2.74340695272297e-05,0,"rate_effect","PVALB","DESeq2",232,1.83389782905579,428.387951374054,27.2869317531586,1.97345232963562
9.64465833002761e-06,0,"rate_effect","TAC2","DESeq2",232,0.029057502746582,342.884785890579,24.0696587562561,1.93395066261292
-7.0068295898046e-05,0,"rate_effect","VIP","DESeq2",232,0.0272171497344971,438.251104593277,21.7468342781067,1.89160752296448
0.804786716785143,0,"FSE","SLC17A7","DESeq2",232,0.0269596576690674,421.046288967133,23.9341967105865,1.92022323608398
0.804786716785143,0,"FSE","PVALB","DESeq2",232,0.0296871662139893,413.815036773682,29.3492894172668,1.99918484687805
0.804786716785143,0,"FSE","TAC2","DESeq2",232,0.0308065414428711,436.233450174332,30.0629839897156,1.94655609130859
0.804786716785143,0,"FSE","VIP","DESeq2",232,0.0267951488494873,437.389758586884,29.0803780555725,1.91891193389893
-0.020587765657147,0,"rate_effect","PVALB","wisp",233,0.0312454700469971,421.801689386368,32.9749879837036,1.85251688957214
-0.00269617342224128,0,"rate_effect","SLC17A7","wisp",233,0.0282926559448242,412.800875425339,32.2108843326569,2.01232624053955
0.0131374895928628,0,"rate_effect","TAC2","wisp",233,0.0285141468048096,415.758309602737,22.5008878707886,1.89890432357788
0.0200184842214979,0,"rate_effect","VIP","wisp",233,0.0309028625488281,448.807687759399,27.4583051204681,2.57047271728516
0.223475565704022,0.371191474143416,"random_effect","replicate1","wisp",233,0.0265467166900635,425.658793926239,26.1612327098846,1.99357652664185
0.00190526831357568,0.138456457527354,"random_effect","replicate2","wisp",233,0.0303549766540527,419.892758131027,27.2944993972778,1.90579128265381
0.0287916036683526,0.179898139787838,"random_effect","replicate3","wisp",233,0.0257844924926758,423.843417406082,27.4935083389282,1.95272493362427
-0.261872843915688,-0.0729756499640644,"random_effect","replicate4","wisp",233,0.0316722393035889,419.851747989655,33.067813873291,1.91422843933105
1.91835671342685,0,"FSE","PVALB","wisp",233,0.0286879539489746,432.175387382507,25.0857548713684,1.89460062980652
2.49482965931864,0,"FSE","SLC17A7","wisp",233,0.02815842628479,433.26940369606,29.9820668697357,1.89951992034912
0.726514252995787,0,"FSE","TAC2","wisp",233,0.0281815528869629,422.863761901855,31.7035093307495,1.87914896011353
1.28825552339246,0,"FSE","VIP","wisp",233,0.0313327312469482,419.048016548157,28.450918674469,1.91853785514832
0.811528661227006,0,"SVG","PVALB","ELLA",233,0.0285539627075195,428.176956653595,28.7329323291779,1.9428985118866
0.749444056073962,0,"SVG","SLC17A7","ELLA",233,0.0334653854370117,448.894484519958,26.7565746307373,1.9282500743866
0.944310417885596,1,"SVG","TAC2","ELLA",233,0.0286557674407959,431.972440481186,31.2850565910339,1.88315010070801
2.20004621204195e-06,1,"SVG","VIP","ELLA",233,0.0300242900848389,424.963372707367,22.1425814628601,1.95683145523071
-0.0129341983640965,0,"rate_effect","SLC17A7","DESeq2",233,0.0302369594573975,418.386739492416,27.6639943122864,1.88131093978882
-0.0103828652039993,0,"rate_effect","PVALB","DESeq2",233,0.0300443172454834,421.28426527977,26.8966805934906,1.87866401672363
0.0259485718818472,0,"rate_effect","TAC2","DESeq2",233,0.0321400165557861,442.835676431656,31.8027515411377,1.93642425537109
-0.00737166328161289,0,"rate_effect","VIP","DESeq2",233,0.0286946296691895,454.172886371613,20.994350194931,1.92745304107666
8.03835144377636e-05,0,"FSE","SLC17A7","DESeq2",233,0.0270276069641113,426.286192655563,29.4402439594269,1.9688024520874
0.25442051578904,0,"FSE","PVALB","DESeq2",233,0.028942346572876,426.630576610565,26.7875216007233,1.85739088058472
0.012067169540785,0,"FSE","TAC2","DESeq2",233,0.0292212963104248,403.239965200424,18.2296206951141,1.95345449447632
0.695441471351238,0,"FSE","VIP","DESeq2",233,0.0291359424591064,437.543063640594,30.7751030921936,1.94943451881409
0.00393989410271612,0,"rate_effect","PVALB","wisp",234,0.0285475254058838,424.828949689865,29.1811516284943,1.91415333747864
-0.00440039278189694,0,"rate_effect","SLC17A7","wisp",234,0.0288188457489014,410.777765274048,29.7327396869659,1.89316058158875
0.0249261582471082,0,"rate_effect","TAC2","wisp",234,0.032414436340332,419.698316812515,29.1467514038086,1.89908075332642
0.00787588381147863,0,"rate_effect","VIP","wisp",234,0.0276556015014648,420.921313047409,29.8099269866943,1.88652443885803
0.21297417024815,0.360461469972506,"random_effect","replicate1","wisp",234,0.0273778438568115,421.405151367188,26.7447578907013,1.91813373565674
-0.36031602760975,-0.15241442550905,"random_effect","replicate2","wisp",234,0.031156063079834,429.191378355026,28.5962595939636,1.9064519405365
0.0400221043848336,0.190437487093732,"random_effect","replicate3","wisp",234,0.0286152362823486,427.424861907959,26.4314243793488,1.93819808959961
0.247547137890608,0.454034492606297,"random_effect","replicate4","wisp",234,0.0281038284301758,418.824084997177,25.559473991394,2.10096716880798
1.30530580530581,0,"FSE","PVALB","wisp",234,0.0306472778320312,466.21201300621,29.5179445743561,1.95194005966187
1.28746763440641,0,"FSE","SLC17A7","wisp",234,0.0272939205169678,428.564567327499,28.1826069355011,1.93955206871033
0.191568431568432,0,"FSE","TAC2","wisp",234,0.0268537998199463,428.62980222702,28.0788650512695,1.86716628074646
1.58086811148036,0,"FSE","VIP","wisp",234,0.0316793918609619,433.665621757507,28.1941282749176,1.93836879730225
0.934483689149757,0,"SVG","PVALB","ELLA",234,0.03013014793396,428.914049386978,27.9392147064209,1.9660108089447
0.937899959014974,0,"SVG","SLC17A7","ELLA",234,0.0287206172943115,433.117321252823,28.3073542118073,1.88844609260559
5.50001973242953e-07,1,"SVG","TAC2","ELLA",234,0.0285968780517578,418.431674480438,33.0067012310028,1.91616630554199
0.925599158190824,0,"SVG","VIP","ELLA",234,0.0298805236816406,434.249496936798,27.1291103363037,1.91533708572388
0.000778922145030214,0,"rate_effect","SLC17A7","DESeq2",234,0.0283896923065186,421.070561885834,30.8779003620148,1.90010547637939
0.00348685498263177,0,"rate_effect","PVALB","DESeq2",234,0.029975414276123,428.989985227585,23.9281105995178,1.94244980812073
-0.03417101390723,0,"rate_effect","TAC2","DESeq2",234,0.0299692153930664,457.875961065292,31.8868365287781,1.89758825302124
0.00672932758237851,0,"rate_effect","VIP","DESeq2",234,0.02939772605896,417.147555589676,23.9216980934143,1.87791299819946
0.733265018273885,0,"FSE","SLC17A7","DESeq2",234,0.0280909538269043,416.846960306168,27.8313653469086,1.94330286979675
0.733265018273885,0,"FSE","PVALB","DESeq2",234,0.0304865837097168,344.447868108749,27.1202914714813,1.91046500205994
0.00566248184372979,0,"FSE","TAC2","DESeq2",234,0.029170036315918,439.159169435501,28.2010991573334,1.95590901374817
0.706069122766875,0,"FSE","VIP","DESeq2",234,0.0297019481658936,437.935654640198,30.1933093070984,1.91210222244263
-1.62685952637163,-0.495486208004877,"rate_effect","PVALB","wisp",235,0.027332067489624,424.346310138702,25.7669529914856,1.95130276679993
0.280092724264989,0.0916702703107148,"rate_effect","SLC17A7","wisp",235,0.0291640758514404,437.639401674271,30.6169512271881,1.97665858268738
-0.123024753925883,0,"rate_effect","TAC2","wisp",235,0.0300407409667969,426.175881147385,30.7624077796936,1.87547874450684
-0.0176678815861414,0,"rate_effect","VIP","wisp",235,0.0379784107208252,431.229801654816,21.6975998878479,1.9074375629425
-0.685752234101269,-0.493138896301389,"random_effect","replicate1","wisp",235,0.0266921520233154,428.557741880417,22.2550806999207,1.90938234329224
-0.088760570203637,-0.350372741930187,"random_effect","replicate2","wisp",235,0.0271389484405518,437.074442386627,26.5238418579102,1.91658329963684
0.543348824257526,0.315500993048772,"random_effect","replicate3","wisp",235,0.0304219722747803,437.910945653915,22.326967716217,1.87165641784668
0.407202408834841,-0.0867553695570678,"random_effect","replicate4","wisp",235,0.0298922061920166,438.342940330505,27.465437412262,1.94656467437744
0.0277222777222777,1,"FSE","PVALB","wisp",235,0.0309114456176758,435.115567207336,31.1347949504852,1.98431396484375
0.370323553997023,1,"FSE","SLC17A7","wisp",235,0.0306754112243652,438.493384361267,28.8851320743561,1.9389660358429
1.2021978021978,0,"FSE","TAC2","wisp",235,0.0304248332977295,448.30394411087,32.6194403171539,1.90953707695007
1.17415917415917,0,"FSE","VIP","wisp",235,0.0324821472167969,415.358382225037,32.2989933490753,1.89722228050232
2.20168590092662e-06,1,"SVG","PVALB","ELLA",235,0.0308408737182617,436.328069925308,27.416788816452,1.91525959968567
0.855574628278496,1,"SVG","SLC17A7","ELLA",235,0.0313224792480469,427.341772556305,28.5475046634674,1.95126700401306
2.75000510918666e-07,1,"SVG","TAC2","ELLA",235,0.0268018245697021,431.519038438797,28.7881174087524,1.92720103263855
0.957441072265927,0,"SVG","VIP","ELLA",235,0.0292632579803467,428.10148024559,30.4223482608795,1.970871925354
0.384082979168157,-0.495486208004877,"rate_effect","SLC17A7","DESeq2",235,0.0282788276672363,405.253556966782,25.0135204792023,2.00466966629028
-14.132532047838,0.0916702703107148,"rate_effect","PVALB","DESeq2",235,0.0284509658813477,431.580227851868,27.9698166847229,1.89975738525391
-0.0910716454340457,0,"rate_effect","TAC2","DESeq2",235,0.0286874771118164,430.834863185883,27.7004799842834,1.89838004112244
-0.0686936644833896,0,"rate_effect","VIP","DESeq2",235,0.0305662155151367,442.693529844284,26.6938269138336,1.96454334259033
4.92392209626252e-13,1,"FSE","SLC17A7","DESeq2",235,0.02779221534729,451.127518415451,26.0369720458984,1.90947294235229
1.64299956719074e-75,1,"FSE","PVALB","DESeq2",235,0.0288090705871582,419.77030134201,25.7107317447662,1.97353386878967
0.118994276921033,0,"FSE","TAC2","DESeq2",235,0.0304677486419678,425.153422117233,24.997104883194,1.92307567596436
0.207470952379442,0,"FSE","VIP","DESeq2",235,0.0301992893218994,437.201149463654,31.2977366447449,1.96999192237854
0.0148396262586701,0,"rate_effect","PVALB","wisp",236,0.0317413806915283,419.524928569794,21.2905933856964,1.96289253234863
-0.0150201826676439,0,"rate_effect","SLC17A7","wisp",236,0.0284855365753174,446.937193155289,28.4970102310181,1.91163372993469
-0.115648677560313,0,"rate_effect","TAC2","wisp",236,0.0274665355682373,444.712888479233,23.9891443252563,1.87488484382629
-0.043540021319737,0,"rate_effect","VIP","wisp",236,0.0323386192321777,417.759402275085,25.2549314498901,1.89371967315674
-0.202404128221607,-0.0366397784091532,"random_effect","replicate1","wisp",236,0.0282852649688721,416.854083061218,30.6044044494629,1.92660236358643
-0.397280153089273,-0.245229684980586,"random_effect","replicate2","wisp",236,0.0322670936584473,421.5183634758,31.4342231750488,1.93913173675537
0.276774129278446,0.336578386602923,"random_effect","replicate3","wisp",236,0.0289487838745117,448.733220338821,26.4758231639862,1.96097540855408
0.324948955961768,0.496586453635246,"random_effect","replicate4","wisp",236,0.0280981063842773,427.417523622513,30.1986346244812,1.98125243186951
1.29488672345815,0,"FSE","PVALB","wisp",236,0.0323467254638672,453.860027313232,30.1176075935364,1.94006776809692
2.12064064064064,0,"FSE","SLC17A7","wisp",236,0.0279364585876465,419.111906051636,30.3025121688843,1.82835912704468
1.50711822934045,0,"FSE","TAC2","wisp",236,0.0278191566467285,422.150298118591,25.0138621330261,1.9052460193634
1.62431876320765,0,"FSE","VIP","wisp",236,0.975653648376465,431.828337192535,27.9934065341949,1.96088552474976
0.828217680569223,0,"SVG","PVALB","ELLA",236,0.0273873805999756,417.86593914032,26.1573016643524,1.92815375328064
0.835990505730763,0,"SVG","SLC17A7","ELLA",236,0.0301876068115234,421.714729070663,36.1966271400452,1.85416579246521
1.10000844866232e-06,1,"SVG","TAC2","ELLA",236,0.966925382614136,423.18149805069,28.2153370380402,1.94660639762878
0.954973281100112,0,"SVG","VIP","ELLA",236,0.959918260574341,411.49706864357,21.0312209129333,1.96745443344116
-0.000339040922007788,0,"rate_effect","SLC17A7","DESeq2",236,0.0286843776702881,424.162430047989,28.4714119434357,1.95679402351379
0.000649921487882642,0,"rate_effect","PVALB","DESeq2",236,0.0275018215179443,424.953616142273,28.753488779068,1.89107203483582
5.11311874719114e-05,0,"rate_effect","TAC2","DESeq2",236,0.0303053855895996,413.682648897171,32.5513451099396,1.86874127388
2.98357727028077e-05,0,"rate_effect","VIP","DESeq2",236,0.0296225547790527,418.972558736801,22.28346991539,1.91441702842712
0.75925328159379,0,"FSE","SLC17A7","DESeq2",236,0.0314235687255859,439.402960062027,22.7104434967041,2.06456971168518
0.75925328159379,0,"FSE","PVALB","DESeq2",236,0.0252742767333984,437.390397071838,23.8163566589355,1.89545559883118
0.75925328159379,0,"FSE","TAC2","DESeq2",236,0.0300617218017578,435.108697414398,30.1848514080048,1.95747828483582
0.75925328159379,0,"FSE","VIP","DESeq2",236,0.0281143188476562,417.028471469879,30.4718544483185,1.9316611289978
0.460498437968827,0.136050937464461,"rate_effect","PVALB","wisp",237,0.0322134494781494,428.645718336105,24.1389372348785,1.9397451877594
0.0823779435536891,0,"rate_effect","SLC17A7","wisp",237,0.0293436050415039,437.016592979431,28.5908098220825,2.00542783737183
0.403786270545454,0,"rate_effect","TAC2","wisp",237,0.0281786918640137,436.223310709,33.0396196842194,1.87908291816711
0.543802222787083,-0.452507803449407,"rate_effect","VIP","wisp",237,0.0291585922241211,432.003209590912,25.8684644699097,1.98139333724976
-0.000183318666035156,-0.215841026743874,"random_effect","replicate1","wisp",237,0.0310695171356201,421.0782122612,30.3165369033813,1.92700958251953
-0.019317146389542,-0.315802441444248,"random_effect","replicate2","wisp",237,0.0277640819549561,416.96134018898,25.3891241550446,1.93578004837036
0.050086664289174,0.395833486923948,"random_effect","replicate3","wisp",237,0.0296456813812256,423.063416242599,22.6420071125031,1.89431571960449
0.0840572229682066,-0.306404266739264,"random_effect","replicate4","wisp",237,0.0282070636749268,430.799074888229,28.9197087287903,2.02877569198608
0.107142857142857,1,"FSE","PVALB","wisp",237,0.028740406036377,411.27406167984,27.1586208343506,1.95289063453674
0.824987512487512,0,"FSE","SLC17A7","wisp",237,0.0296759605407715,424.28426527977,28.5306944847107,1.97954940795898
0.683316683316684,0,"FSE","TAC2","wisp",237,0.0315585136413574,424.110975265503,25.9745590686798,1.83040857315063
0.0495892995892996,1,"FSE","VIP","wisp",237,0.0303142070770264,426.358679771423,27.514014005661,1.85209774971008
0.873667063575779,1,"SVG","PVALB","ELLA",237,0.0279641151428223,422.353990077972,28.4563901424408,1.88063788414001
0.843759881882249,1,"SVG","SLC17A7","ELLA",237,0.029841423034668,455.733216524124,28.087949514389,1.87526679039001
1.10000537301147e-06,1,"SVG","TAC2","ELLA",237,0.0290489196777344,428.638993501663,24.4395961761475,1.97462296485901
0.88439843715943,1,"SVG","VIP","ELLA",237,0.0295510292053223,423.189258098602,21.3554708957672,1.91519999504089
0.0118571323278384,0.136050937464461,"rate_effect","SLC17A7","DESeq2",237,0.0303323268890381,446.011021852493,29.9634885787964,1.95551204681396
0.684856488991896,0,"rate_effect","PVALB","DESeq2",237,0.0277292728424072,425.692224502563,29.5691344738007,1.90439701080322
-0.00774923383599804,0,"rate_effect","TAC2","DESeq2",237,0.935065746307373,409.268024206161,26.510181427002,1.97003269195557
-6.96751716755521,-0.452507803449407,"rate_effect","VIP","DESeq2",237,0.0277588367462158,420.036387681961,27.1086444854736,1.88512778282166
0.198254478550372,1,"FSE","SLC17A7","DESeq2",237,0.028433084487915,435.003904342651,22.8738830089569,1.87973070144653
0,0,"FSE","PVALB","DESeq2",237,0.0291740894317627,422.846745491028,27.8921658992767,1.93611168861389
0.6796450200092,0,"FSE","TAC2","DESeq2",237,0.0325593948364258,422.382641553879,32.2758796215057,1.92639994621277
0,1,"FSE","VIP","DESeq2",237,0.0299866199493408,450.483470439911,27.4053957462311,1.90693759918213
0.0588042828801182,0,"rate_effect","PVALB","wisp",238,0.0297629833221436,434.546971559525,23.7330112457275,1.87679743766785
-0.00352129985019025,0,"rate_effect","SLC17A7","wisp",238,0.0338435173034668,436.816553592682,29.0492534637451,1.95362281799316
-0.0250657284728099,0,"rate_effect","TAC2","wisp",238,0.027367115020752,422.633439302444,21.7879257202148,2.01387763023376
0.0070457600812542,0,"rate_effect","VIP","wisp",238,0.0304765701293945,341.904124975204,28.1543152332306,1.86765432357788
0.218177808599486,0.471303442725912,"random_effect","replicate1","wisp",238,0.0292367935180664,428.609116077423,25.2551717758179,1.91724061965942
0.105105850886592,0.300400221487507,"random_effect","replicate2","wisp",238,0.0310986042022705,444.368892192841,30.7688519954681,1.91700601577759
-0.279494965242162,-0.0267552130389959,"random_effect","replicate3","wisp",238,0.0286846160888672,433.176414728165,25.6008260250092,2.11447739601135
-0.0196857917437571,0.226074057864025,"random_effect","replicate4","wisp",238,0.0247077941894531,429.265485286713,29.3011937141418,1.89909911155701
1.94801198801199,0,"FSE","PVALB","wisp",238,0.0279552936553955,442.510897397995,34.6902959346771,1.89492797851562
1.84892884892885,0,"FSE","SLC17A7","wisp",238,0.0318880081176758,434.701031208038,26.0515778064728,1.92224431037903
1.53911394727721,0,"FSE","TAC2","wisp",238,0.0304415225982666,438.606535673141,24.8661851882935,1.91352796554565
1.20093795093795,0,"FSE","VIP","wisp",238,0.032750129699707,438.608156204224,26.6019434928894,1.87204194068909
0.936154265824496,1,"SVG","PVALB","ELLA",238,0.0291445255279541,421.407907009125,22.5907454490662,1.87196683883667
0.948166857635082,0,"SVG","SLC17A7","ELLA",238,0.961971044540405,427.296780824661,28.2648706436157,1.92194104194641
0.862884561143452,0,"SVG","TAC2","ELLA",238,0.0310268402099609,433.440595388412,28.0865998268127,1.92976903915405
0.818751417137508,0,"SVG","VIP","ELLA",238,0.0276010036468506,448.544350624084,28.3334722518921,1.90699672698975
0.00464840875917438,0,"rate_effect","SLC17A7","DESeq2",238,0.033125638961792,437.187759637833,25.8857131004333,1.94445037841797
-0.000144925620781419,0,"rate_effect","PVALB","DESeq2",238,0.0310487747192383,416.92185997963,34.7796940803528,1.96136689186096
1.92544014535277e-06,0,"rate_effect","TAC2","DESeq2",238,0.0298552513122559,429.006608963013,28.0748641490936,1.91984724998474
1.77159094261302e-05,0,"rate_effect","VIP","DESeq2",238,0.027881383895874,427.94335269928,29.6661524772644,1.91626119613647
0.821277710922594,0,"FSE","SLC17A7","DESeq2",238,0.0307164192199707,431.815202474594,29.9965281486511,1.88038921356201
0.821277710922594,0,"FSE","PVALB","DESeq2",238,0.031790018081665,415.090425491333,28.7477598190308,1.97158217430115
0.986558142301866,0,"FSE","TAC2","DESeq2",238,0.961175680160522,446.45299243927,25.8177356719971,1.91986060142517
0.986558142301866,0,"FSE","VIP","DESeq2",238,0.0292866230010986,468.735806465149,25.6810131072998,1.88051891326904
1.22767728988134,0.470766597194597,"rate_effect","PVALB","wisp",239,0.0333788394927979,430.931964159012,27.3349032402039,1.9478747844696
-0.418868329697152,-0.0897781462408602,"rate_effect","SLC17A7","wisp",239,0.0313360691070557,430.072258234024,32.5169382095337,1.92294645309448
-0.3726395621624,-0.0873318244703114,"rate_effect","TAC2","wisp",239,0.0320706367492676,410.121573209763,23.7532002925873,1.94743466377258
0.608667190996535,0.0990311244968325,"rate_effect","VIP","wisp",239,0.0284214019775391,455.047101974487,29.9072344303131,1.901535987854
0.0558307374039136,0.274926622398198,"random_effect","replicate1","wisp",239,0.0273256301879883,418.158571958542,29.1062133312225,1.88763666152954
-0.183672500055788,-0.0339137702248991,"random_effect","replicate2","wisp",239,0.0296573638916016,428.122677564621,30.82168841362,1.92050409317017
0.124184072558639,0.131882953457534,"random_effect","replicate3","wisp",239,0.0289463996887207,427.728178977966,32.8114042282104,1.94097876548767
-0.133387465144436,0.00824870471842587,"random_effect","replicate4","wisp",239,0.0289764404296875,423.737015485764,28.5979809761047,1.92490077018738
0.0212892385870011,1,"FSE","PVALB","wisp",239,0.0297586917877197,456.613583087921,28.417432308197,1.88906669616699
0.245732931726908,1,"FSE","SLC17A7","wisp",239,0.0328109264373779,420.884456634521,22.5742952823639,2.0883207321167
0.0384036144578314,1,"FSE","TAC2","wisp",239,0.0276672840118408,424.830772399902,28.9470098018646,1.93059301376343
0.230979473449353,1,"FSE","VIP","wisp",239,0.0286664962768555,437.511374950409,26.4271965026855,2.01169347763062
0.80010250250219,1,"SVG","PVALB","ELLA",239,0.0293729305267334,464.370765447617,28.4331409931183,1.92028284072876
0.902630755207797,1,"SVG","SLC17A7","ELLA",239,0.0321409702301025,403.638920783997,24.1360626220703,1.98838710784912
0.87686705152335,1,"SVG","TAC2","ELLA",239,0.0281195640563965,414.873692512512,23.5046339035034,1.91408538818359
7.3333962413713e-07,1,"SVG","VIP","ELLA",239,0.963593482971191,429.04301905632,34.2810742855072,1.96899151802063
-0.537861547870903,0.470766597194597,"rate_effect","SLC17A7","DESeq2",239,1.88674259185791,417.523854017258,26.3215594291687,1.88364768028259
1.94678615087429,-0.0897781462408602,"rate_effect","PVALB","DESeq2",239,0.0296945571899414,421.218112707138,27.146746635437,1.96816301345825
-0.498428301156835,-0.0873318244703114,"rate_effect","TAC2","DESeq2",239,0.0303440093994141,441.318182468414,32.5797770023346,1.93074917793274
0.498332998124765,0.0990311244968325,"rate_effect","VIP","DESeq2",239,0.0316970348358154,431.787833929062,26.038455247879,1.94249320030212
0,1,"FSE","SLC17A7","DESeq2",239,0.0272305011749268,441.372266292572,32.3179461956024,1.85554122924805
0,1,"FSE","PVALB","DESeq2",239,0.0315840244293213,424.107073545456,30.2552561759949,1.88771200180054
1.92498472756429e-202,1,"FSE","TAC2","DESeq2",239,0.0327708721160889,420.323094844818,23.4643216133118,1.9144229888916
0,1,"FSE","VIP","DESeq2",239,0.0276579856872559,448.618867874146,29.8870091438293,1.93364334106445
-0.00517191267954483,0,"rate_effect","PVALB","wisp",240,0.031425952911377,375.935034036636,27.1698169708252,1.93180441856384
-0.45477473117875,-0.0990931808482856,"rate_effect","SLC17A7","wisp",240,0.0269701480865479,429.70928645134,31.0543217658997,2.00865888595581
-0.00650806670928722,0,"rate_effect","TAC2","wisp",240,0.0327162742614746,437.831256628036,29.3419151306152,1.91435265541077
0.0496437236225808,0,"rate_effect","VIP","wisp",240,0.0288233757019043,431.461276769638,29.5254518985748,1.95789742469788
-0.149996055229936,0.0707851001061499,"random_effect","replicate1","wisp",240,0.028160572052002,427.493983983994,24.4479246139526,1.92510008811951
0.195927007640899,0.303939601639286,"random_effect","replicate2","wisp",240,0.0265765190124512,465.420249700546,23.41534948349,1.87832069396973
-0.105037159640993,0.0897546806372702,"random_effect","replicate3","wisp",240,0.0311448574066162,435.724847555161,25.2409904003143,1.97131896018982
-0.126737980893259,0.153045535087585,"random_effect","replicate4","wisp",240,0.0287723541259766,426.489372253418,30.498678445816,1.91572141647339
0.166405023547881,0,"FSE","PVALB","wisp",240,0.028050422668457,433.407697439194,24.0474677085876,1.89630961418152
0.336746586746587,1,"FSE","SLC17A7","wisp",240,0.0294380187988281,417.568301677704,26.5134179592133,1.9169909954071
1.15548451548452,0,"FSE","TAC2","wisp",240,0.0276269912719727,419.191938638687,32.9697706699371,1.88022470474243
0.519562070582479,0,"FSE","VIP","wisp",240,0.0316841602325439,430.204669237137,25.8227248191833,1.93337726593018
0.898031326243483,1,"SVG","PVALB","ELLA",240,0.0281548500061035,423.383732318878,27.5879828929901,2.00009894371033
0.849008085860572,1,"SVG","SLC17A7","ELLA",240,0.950234889984131,433.018593549728,25.3655872344971,1.8637535572052
0.831048256128549,0,"SVG","TAC2","ELLA",240,0.0335521697998047,425.685601949692,28.7269361019135,1.95883941650391
0.90569451388236,0,"SVG","VIP","ELLA",240,0.0294747352600098,421.638487815857,30.5206129550934,1.83303546905518
-0.62735823003614,0,"rate_effect","SLC17A7","DESeq2",240,0.0276050567626953,403.932096004486,19.2276413440704,1.78714275360107
0.0139932429923048,-0.0990931808482856,"rate_effect","PVALB","DESeq2",240,0.0286576747894287,408.298879146576,22.2654452323914,1.84356260299683
0.0109801488050801,0,"rate_effect","TAC2","DESeq2",240,0.0274727344512939,411.141361951828,25.3585731983185,1.77027249336243
0.00919566425039458,0,"rate_effect","VIP","DESeq2",240,0.0304088592529297,414.141072034836,23.9539802074432,1.80440640449524
0,0,"FSE","SLC17A7","DESeq2",240,0.0287880897521973,408.969439744949,30.3737318515778,1.77948665618896
0.318963918818738,1,"FSE","PVALB","DESeq2",240,0.028679370880127,409.549560070038,22.5197160243988,1.75816679000854
0.475093664977384,0,"FSE","TAC2","DESeq2",240,0.0275130271911621,403.635833740234,30.8150849342346,1.85015249252319
0.475093664977384,0,"FSE","VIP","DESeq2",240,0.0293619632720947,433.035242795944,27.7534692287445,1.79997277259827
-0.00805688410004821,0,"rate_effect","PVALB","wisp",241,0.0276510715484619,418.054634571075,30.3133184909821,1.76283740997314
-0.00955457626665369,0,"rate_effect","SLC17A7","wisp",241,0.0313279628753662,439.242620706558,24.6636564731598,1.80634546279907
0.36307928278714,0.239895649021491,"rate_effect","TAC2","wisp",241,0.0292425155639648,351.229082584381,27.6974363327026,1.83659362792969
1.00914055492394,0.411167375510558,"rate_effect","VIP","wisp",241,0.0299062728881836,428.477724790573,27.0271451473236,1.79152250289917
-0.205583790072912,-0.321052442071959,"random_effect","replicate1","wisp",241,0.028439998626709,400.481114149094,25.8864300251007,1.79541492462158
0.485076330997752,0.443890524329618,"random_effect","replicate2","wisp",241,0.895889282226562,416.329598903656,25.5795469284058,1.76463961601257
-0.432778435897416,-0.420679818838835,"random_effect","replicate3","wisp",241,0.0301418304443359,397.71418094635,28.2146577835083,1.78049683570862
-0.165895996646644,-0.303890163078904,"random_effect","replicate4","wisp",241,0.0305290222167969,413.912841081619,30.5826287269592,1.81949877738953
0.821955821955822,0,"FSE","PVALB","wisp",241,0.0295813083648682,405.915508031845,25.7490229606628,1.80578708648682
0.869130869130869,0,"FSE","SLC17A7","wisp",241,0.0276761054992676,401.609362363815,23.6494569778442,1.81292271614075
0.413523976023976,1,"FSE","TAC2","wisp",241,0.0274889469146729,409.212975025177,25.6452651023865,1.82821798324585
0,1,"FSE","VIP","wisp",241,0.0307917594909668,414.806458950043,29.2246925830841,1.80796146392822
0.866630156501991,0,"SVG","PVALB","ELLA",241,0.0279734134674072,423.394227981567,30.1006395816803,1.78223991394043
0.989053712359444,0,"SVG","SLC17A7","ELLA",241,0.0319101810455322,426.406829357147,27.4714765548706,1.80058145523071
5.50002202892586e-07,1,"SVG","TAC2","ELLA",241,0.029646635055542,402.189610004425,27.126549243927,1.84013605117798
1.10000796654797e-06,1,"SVG","VIP","ELLA",241,0.0317471027374268,435.770930051804,27.0759134292603,1.74023652076721
-0.577518123241933,0,"rate_effect","SLC17A7","DESeq2",241,0.028592586517334,408.307660102844,29.5158882141113,1.77786779403687
-0.576671777659993,0,"rate_effect","PVALB","DESeq2",241,0.0283982753753662,411.093592882156,27.4431064128876,1.73424339294434
0.565902340264178,0.239895649021491,"rate_effect","TAC2","DESeq2",241,0.0274736881256104,406.61597943306,31.6404249668121,1.80775022506714
1.13805946686246,0.411167375510558,"rate_effect","VIP","DESeq2",241,0.0311400890350342,408.279498338699,23.8222887516022,1.86932563781738
0,0,"FSE","SLC17A7","DESeq2",241,0.0311648845672607,409.458102464676,26.5550758838654,1.80131101608276
5.35508227139426e-225,0,"FSE","PVALB","DESeq2",241,0.029813289642334,411.923641443253,23.8093945980072,1.76051712036133
1.02300566896319e-150,1,"FSE","TAC2","DESeq2",241,0.0329639911651611,405.545966625214,31.5916204452515,1.78944897651672
0,1,"FSE","VIP","DESeq2",241,0.0260028839111328,425.389599561691,24.1233968734741,1.78804445266724
0.625730154041025,0.188583582639694,"rate_effect","PVALB","wisp",242,0.0357918739318848,398.119257926941,28.8584458827972,1.83746886253357
-0.0122487577592311,0,"rate_effect","SLC17A7","wisp",242,0.0309436321258545,418.349713802338,35.2129671573639,1.8385636806488
0.00996866163189939,0,"rate_effect","TAC2","wisp",242,0.0236492156982422,406.516528367996,25.677962064743,1.86991882324219
-0.0194211775370919,0,"rate_effect","VIP","wisp",242,0.0269579887390137,425.068669080734,31.497305393219,1.86204314231873
0.308255754450576,-0.0729652049485594,"random_effect","replicate1","wisp",242,0.0278401374816895,422.368977308273,21.9365797042847,1.84537696838379
-0.0136811444173667,-0.243949102237821,"random_effect","replicate2","wisp",242,0.0262370109558105,430.461272001266,26.6901309490204,1.90605521202087
-0.516156571278918,-0.423087300965562,"random_effect","replicate3","wisp",242,0.0279896259307861,412.056294202805,28.827924489975,2.02909517288208
0.339221783548207,-0.0507881112862378,"random_effect","replicate4","wisp",242,0.0239815711975098,437.154964923859,21.9802222251892,1.92869520187378
0.523351648351648,1,"FSE","PVALB","wisp",242,0.0296258926391602,422.03987288475,33.1828806400299,1.90689778327942
1.09832143165476,0,"FSE","SLC17A7","wisp",242,0.0269100666046143,453.455007553101,24.2923212051392,1.84552454948425
1.71023421023421,0,"FSE","TAC2","wisp",242,0.0264310836791992,436.033627033234,27.4141705036163,1.84341669082642
1.92710067710068,0,"FSE","VIP","wisp",242,0.030048131942749,416.873572587967,22.743204832077,1.89280819892883
0.813462395976073,1,"SVG","PVALB","ELLA",242,0.026158332824707,418.94610118866,26.0069177150726,1.88708782196045
0.895751257515394,0,"SVG","SLC17A7","ELLA",242,0.02978515625,411.92558836937,23.0960333347321,1.92023396492004
0.852660853346357,0,"SVG","TAC2","ELLA",242,0.0285301208496094,440.837086200714,25.1775932312012,1.9048330783844
0.984036983762681,0,"SVG","VIP","ELLA",242,0.0287730693817139,418.37282538414,26.0856287479401,2.60899710655212
-0.00208293700440649,0.188583582639694,"rate_effect","SLC17A7","DESeq2",242,0.0306224822998047,420.641088485718,27.347541809082,1.87631368637085
0.946185430051875,0,"rate_effect","PVALB","DESeq2",242,0.0251264572143555,428.662610292435,21.5447599887848,1.84871196746826
-0.0272669674111305,0,"rate_effect","TAC2","DESeq2",242,0.0291104316711426,427.803039550781,30.6923115253448,1.89639258384705
-0.0247330933083898,0,"rate_effect","VIP","DESeq2",242,0.0312936305999756,424.708827018738,25.2575786113739,1.85999202728271
0.783111531295617,1,"FSE","SLC17A7","DESeq2",242,0.0281896591186523,432.656529903412,24.8084371089935,1.89901542663574
0,0,"FSE","PVALB","DESeq2",242,0.031583309173584,427.925946950912,26.4291985034943,1.92317056655884
0.27414114643394,0,"FSE","TAC2","DESeq2",242,0.0287032127380371,424.533989191055,32.605699300766,1.91907668113708
0.27414114643394,0,"FSE","VIP","DESeq2",242,0.0302207469940186,439.701268434525,32.080885887146,1.9224226474762
-0.169293925523869,0,"rate_effect","PVALB","wisp",243,0.0275440216064453,423.768881559372,22.7086806297302,1.91026425361633
0.0279324456906526,0.0663404152728617,"rate_effect","SLC17A7","wisp",243,0.0284562110900879,418.428074121475,25.0440411567688,1.86522579193115
0.035810946497609,0,"rate_effect","TAC2","wisp",243,0.0321822166442871,423.145944595337,28.5050308704376,1.88742089271545
0.172470914469376,0.0904664092231542,"rate_effect","VIP","wisp",243,1.83389782905579,428.387951374054,27.2869317531586,1.97345232963562
0.2226314924825,-0.0771145557519048,"random_effect","replicate1","wisp",243,0.029057502746582,342.884785890579,24.0696587562561,1.93395066261292
-0.140821328178234,-0.214687550673261,"random_effect","replicate2","wisp",243,0.0272171497344971,438.251104593277,21.7468342781067,1.89160752296448
-0.284709509835259,-0.277472948888317,"random_effect","replicate3","wisp",243,0.0269596576690674,421.046288967133,23.9341967105865,1.92022323608398
0.180239749287455,-0.1163297847379,"random_effect","replicate4","wisp",243,0.0296871662139893,413.815036773682,29.3492894172668,1.99918484687805
0.714563214563215,0,"FSE","PVALB","wisp",243,0.0308065414428711,436.233450174332,30.0629839897156,1.94655609130859
0.191613941613942,1,"FSE","SLC17A7","wisp",243,0.0267951488494873,437.389758586884,29.0803780555725,1.91891193389893
0.96001221001221,0,"FSE","TAC2","wisp",243,0.0312454700469971,421.801689386368,32.9749879837036,1.85251688957214
0.628649128649129,1,"FSE","VIP","wisp",243,0.0282926559448242,412.800875425339,32.2108843326569,2.01232624053955
0.961937813152896,1,"SVG","PVALB","ELLA",243,0.0285141468048096,415.758309602737,22.5008878707886,1.89890432357788
0.879187888910821,1,"SVG","SLC17A7","ELLA",243,0.0309028625488281,448.807687759399,27.4583051204681,2.57047271728516
0.923964942477971,1,"SVG","TAC2","ELLA",243,0.0265467166900635,425.658793926239,26.1612327098846,1.99357652664185
1.10001456243847e-06,1,"SVG","VIP","ELLA",243,0.0303549766540527,419.892758131027,27.2944993972778,1.90579128265381
0.16220723718357,0,"rate_effect","SLC17A7","DESeq2",243,0.0257844924926758,423.843417406082,27.4935083389282,1.95272493362427
-0.209025944643292,0.0663404152728617,"rate_effect","PVALB","DESeq2",243,0.0316722393035889,419.851747989655,33.067813873291,1.91422843933105
-0.166428949395256,0,"rate_effect","TAC2","DESeq2",243,0.0286879539489746,432.175387382507,25.0857548713684,1.89460062980652
0.242171707848134,0.0904664092231542,"rate_effect","VIP","DESeq2",243,0.02815842628479,433.26940369606,29.9820668697357,1.89951992034912
5.02394994901065e-83,0,"FSE","SLC17A7","DESeq2",243,0.0281815528869629,422.863761901855,31.7035093307495,1.87914896011353
5.73569537330182e-54,1,"FSE","PVALB","DESeq2",243,0.0313327312469482,419.048016548157,28.450918674469,1.91853785514832
6.13572584582853e-18,0,"FSE","TAC2","DESeq2",243,0.0285539627075195,428.176956653595,28.7329323291779,1.9428985118866
6.03207046391096e-49,1,"FSE","VIP","DESeq2",243,0.0334653854370117,448.894484519958,26.7565746307373,1.9282500743866
0.881892602750164,0.282009400427341,"rate_effect","PVALB","wisp",244,0.0286557674407959,431.972440481186,31.2850565910339,1.88315010070801
0.000864135331029142,0,"rate_effect","SLC17A7","wisp",244,0.0300242900848389,424.963372707367,22.1425814628601,1.95683145523071
-0.0152972412427383,0,"rate_effect","TAC2","wisp",244,0.0302369594573975,418.386739492416,27.6639943122864,1.88131093978882
0.0172418630008271,0,"rate_effect","VIP","wisp",244,0.0300443172454834,421.28426527977,26.8966805934906,1.87866401672363
0.0739375664602017,0.280470862053335,"random_effect","replicate1","wisp",244,0.0321400165557861,442.835676431656,31.8027515411377,1.93642425537109
-0.153348684962273,0.0908751233946532,"random_effect","replicate2","wisp",244,0.0286946296691895,454.172886371613,20.994350194931,1.92745304107666
-0.149074699349062,0.0878924657590687,"random_effect","replicate3","wisp",244,0.0270276069641113,426.286192655563,29.4402439594269,1.9688024520874
0.146165115866695,0.319102574838325,"random_effect","replicate4","wisp",244,0.028942346572876,426.630576610565,26.7875216007233,1.85739088058472
0.162309912309912,1,"FSE","PVALB","wisp",244,0.0292212963104248,403.239965200424,18.2296206951141,1.95345449447632
1.24331224331224,0,"FSE","SLC17A7","wisp",244,0.0291359424591064,437.543063640594,30.7751030921936,1.94943451881409
1.3911245004995,0,"FSE","TAC2","wisp",244,0.0285475254058838,424.828949689865,29.1811516284943,1.91415333747864
1.48787323787324,0,"FSE","VIP","wisp",244,0.0288188457489014,410.777765274048,29.7327396869659,1.89316058158875
0.967328009040468,1,"SVG","PVALB","ELLA",244,0.032414436340332,419.698316812515,29.1467514038086,1.89908075332642
0.804169180793911,0,"SVG","SLC17A7","ELLA",244,0.0276556015014648,420.921313047409,29.8099269866943,1.88652443885803
0.997350499551739,0,"SVG","TAC2","ELLA",244,0.0273778438568115,421.405151367188,26.7447578907013,1.91813373565674
0.853148266788511,0,"SVG","VIP","ELLA",244,0.031156063079834,429.191378355026,28.5962595939636,1.9064519405365
-0.00923981284215158,0.282009400427341,"rate_effect","SLC17A7","DESeq2",244,0.0286152362823486,427.424861907959,26.4314243793488,1.93819808959961
1.25009018192258,0,"rate_effect","PVALB","DESeq2",244,0.0281038284301758,418.824084997177,25.559473991394,2.10096716880798
-0.0104488458541078,0,"rate_effect","TAC2","DESeq2",244,0.0306472778320312,466.21201300621,29.5179445743561,1.95194005966187
-0.00698323543645652,0,"rate_effect","VIP","DESeq2",244,0.0272939205169678,428.564567327499,28.1826069355011,1.93955206871033
0.231101898103229,1,"FSE","SLC17A7","DESeq2",244,0.0268537998199463,428.62980222702,28.0788650512695,1.86716628074646
0,0,"FSE","PVALB","DESeq2",244,0.0316793918609619,433.665621757507,28.1941282749176,1.93836879730225
0.559430661643346,0,"FSE","TAC2","DESeq2",244,0.03013014793396,428.914049386978,27.9392147064209,1.9660108089447
0.559430661643346,0,"FSE","VIP","DESeq2",244,0.0287206172943115,433.117321252823,28.3073542118073,1.88844609260559
-0.03925275952927,0,"rate_effect","PVALB","wisp",245,0.0285968780517578,418.431674480438,33.0067012310028,1.91616630554199
0.00562440755079456,0,"rate_effect","SLC17A7","wisp",245,0.0298805236816406,434.249496936798,27.1291103363037,1.91533708572388
-0.0297132763817621,0,"rate_effect","TAC2","wisp",245,0.0283896923065186,421.070561885834,30.8779003620148,1.90010547637939
-0.00972948162025464,0,"rate_effect","VIP","wisp",245,0.029975414276123,428.989985227585,23.9281105995178,1.94244980812073
-0.676079792069264,-0.494815711164847,"random_effect","replicate1","wisp",245,0.0299692153930664,457.875961065292,31.8868365287781,1.89758825302124
0.323735326425662,-0.312630821485072,"random_effect","replicate2","wisp",245,0.02939772605896,417.147555589676,23.9216980934143,1.87791299819946
-0.326290997193245,-0.446394400671124,"random_effect","replicate3","wisp",245,0.0280909538269043,416.846960306168,27.8313653469086,1.94330286979675
0.663115718330903,0.487737905466929,"random_effect","replicate4","wisp",245,0.0304865837097168,344.447868108749,27.1202914714813,1.91046500205994
1.07048951048951,0,"FSE","PVALB","wisp",245,0.029170036315918,439.159169435501,28.2010991573334,1.95590901374817
0.587372627372627,0,"FSE","SLC17A7","wisp",245,0.0297019481658936,437.935654640198,30.1933093070984,1.91210222244263
0.813306693306693,0,"FSE","TAC2","wisp",245,0.027332067489624,424.346310138702,25.7669529914856,1.95130276679993
1.38081918081918,0,"FSE","VIP","wisp",245,0.0291640758514404,437.639401674271,30.6169512271881,1.97665858268738
2.20009078710781e-06,1,"SVG","PVALB","ELLA",245,0.0300407409667969,426.175881147385,30.7624077796936,1.87547874450684
0.926873124037901,1,"SVG","SLC17A7","ELLA",245,0.0379784107208252,431.229801654816,21.6975998878479,1.9074375629425
3.14288249980699e-07,1,"SVG","TAC2","ELLA",245,0.0266921520233154,428.557741880417,22.2550806999207,1.90938234329224
0.941458334870041,0,"SVG","VIP","ELLA",245,0.0271389484405518,437.074442386627,26.5238418579102,1.91658329963684
1.11124759480399e-05,0,"rate_effect","SLC17A7","DESeq2",245,0.0304219722747803,437.910945653915,22.326967716217,1.87165641784668
-0.0002664469675984,0,"rate_effect","PVALB","DESeq2",245,0.0298922061920166,438.342940330505,27.465437412262,1.94656467437744
-5.83977018588508e-05,0,"rate_effect","TAC2","DESeq2",245,0.0309114456176758,435.115567207336,31.1347949504852,1.98431396484375
-1.87446232335276e-06,0,"rate_effect","VIP","DESeq2",245,0.0306754112243652,438.493384361267,28.8851320743561,1.9389660358429
0.886461812086152,0,"FSE","SLC17A7","DESeq2",245,0.0304248332977295,448.30394411087,32.6194403171539,1.90953707695007
0.886461812086152,0,"FSE","PVALB","DESeq2",245,0.0324821472167969,415.358382225037,32.2989933490753,1.89722228050232
0.886461812086152,0,"FSE","TAC2","DESeq2",245,0.0308408737182617,436.328069925308,27.416788816452,1.91525959968567
0.886461812086152,0,"FSE","VIP","DESeq2",245,0.0313224792480469,427.341772556305,28.5475046634674,1.95126700401306
-1.36798825289036,-0.277522533899173,"rate_effect","PVALB","wisp",246,0.0268018245697021,431.519038438797,28.7881174087524,1.92720103263855
1.02918890601745,0.411039825063199,"rate_effect","SLC17A7","wisp",246,0.0292632579803467,428.10148024559,30.4223482608795,1.970871925354
-0.043134127212308,0,"rate_effect","TAC2","wisp",246,0.0282788276672363,405.253556966782,25.0135204792023,2.00466966629028
-1.97608754396925,-0.401921104872599,"rate_effect","VIP","wisp",246,0.0284509658813477,431.580227851868,27.9698166847229,1.89975738525391
-0.0207788774845721,-0.0979635007679462,"random_effect","replicate1","wisp",246,0.0286874771118164,430.834863185883,27.7004799842834,1.89838004112244
-0.272156671781553,-0.216768027981743,"random_effect","replicate2","wisp",246,0.0305662155151367,442.693529844284,26.6938269138336,1.96454334259033
0.321658566457345,0.199752419954166,"random_effect","replicate3","wisp",246,0.02779221534729,451.127518415451,26.0369720458984,1.90947294235229
-0.0947453173877824,-0.13625553320162,"random_effect","replicate4","wisp",246,0.0288090705871582,419.77030134201,25.7107317447662,1.97353386878967
0.00250260688216892,1,"FSE","PVALB","wisp",246,0.0304677486419678,425.153422117233,24.997104883194,1.92307567596436
0.00145985401459854,1,"FSE","SLC17A7","wisp",246,0.0301992893218994,437.201149463654,31.2977366447449,1.96999192237854
0.883762020623335,0,"FSE","TAC2","wisp",246,0.0317413806915283,419.524928569794,21.2905933856964,1.96289253234863
0,1,"FSE","VIP","wisp",246,0.0284855365753174,446.937193155289,28.4970102310181,1.91163372993469
0.962994892124383,1,"SVG","PVALB","ELLA",246,0.0274665355682373,444.712888479233,23.9891443252563,1.87488484382629
0.820992626026511,1,"SVG","SLC17A7","ELLA",246,0.0323386192321777,417.759402275085,25.2549314498901,1.89371967315674
0.87758154738832,0,"SVG","TAC2","ELLA",246,0.0282852649688721,416.854083061218,30.6044044494629,1.92660236358643
0.990709018849614,1,"SVG","VIP","ELLA",246,0.0322670936584473,421.5183634758,31.4342231750488,1.93913173675537
2.89634276659012,-0.277522533899173,"rate_effect","SLC17A7","DESeq2",246,0.0289487838745117,448.733220338821,26.4758231639862,1.96097540855408
-1.13856322570194,0.411039825063199,"rate_effect","PVALB","DESeq2",246,0.0280981063842773,427.417523622513,30.1986346244812,1.98125243186951
1.13819357403101,0,"rate_effect","TAC2","DESeq2",246,0.0323467254638672,453.860027313232,30.1176075935364,1.94006776809692
-3.55695955780132,-0.401921104872599,"rate_effect","VIP","DESeq2",246,0.0279364585876465,419.111906051636,30.3025121688843,1.82835912704468
0,1,"FSE","SLC17A7","DESeq2",246,0.0278191566467285,422.150298118591,25.0138621330261,1.9052460193634
0,1,"FSE","PVALB","DESeq2",246,0.975653648376465,431.828337192535,27.9934065341949,1.96088552474976
0,0,"FSE","TAC2","DESeq2",246,0.0273873805999756,417.86593914032,26.1573016643524,1.92815375328064
0,1,"FSE","VIP","DESeq2",246,0.0301876068115234,421.714729070663,36.1966271400452,1.85416579246521
0.932093404278642,0.386947891907766,"rate_effect","PVALB","wisp",247,0.966925382614136,423.18149805069,28.2153370380402,1.94660639762878
0.00622887659333333,0,"rate_effect","SLC17A7","wisp",247,0.959918260574341,411.49706864357,21.0312209129333,1.96745443344116
-0.215074845540808,-0.129064114531502,"rate_effect","TAC2","wisp",247,0.0286843776702881,424.162430047989,28.4714119434357,1.95679402351379
-0.00812767471880287,0,"rate_effect","VIP","wisp",247,0.0275018215179443,424.953616142273,28.753488779068,1.89107203483582
0.250356904518621,0.41679560765624,"random_effect","replicate1","wisp",247,0.0303053855895996,413.682648897171,32.5513451099396,1.86874127388
-0.446230755428294,-0.295442577917129,"random_effect","replicate2","wisp",247,0.0296225547790527,418.972558736801,22.28346991539,1.91441702842712
0.209159131463765,0.287792013725266,"random_effect","replicate3","wisp",247,0.0314235687255859,439.402960062027,22.7104434967041,2.06456971168518
0.245283470797694,0.434485752601177,"random_effect","replicate4","wisp",247,0.0252742767333984,437.390397071838,23.8163566589355,1.89545559883118
0,1,"FSE","PVALB","wisp",247,0.0300617218017578,435.108697414398,30.1848514080048,1.95747828483582
1.30832432873249,0,"FSE","SLC17A7","wisp",247,0.0281143188476562,417.028471469879,30.4718544483185,1.9316611289978
0.566713286713287,1,"FSE","TAC2","wisp",247,0.0322134494781494,428.645718336105,24.1389372348785,1.9397451877594
1.882997002997,0,"FSE","VIP","wisp",247,0.0293436050415039,437.016592979431,28.5908098220825,2.00542783737183
0.973986796498582,1,"SVG","PVALB","ELLA",247,0.0281786918640137,436.223310709,33.0396196842194,1.87908291816711
0.833989428183895,0,"SVG","SLC17A7","ELLA",247,0.0291585922241211,432.003209590912,25.8684644699097,1.98139333724976
1.09975722312194e-06,1,"SVG","TAC2","ELLA",247,0.0310695171356201,421.0782122612,30.3165369033813,1.92700958251953
0.913999967844563,0,"SVG","VIP","ELLA",247,0.0277640819549561,416.96134018898,25.3891241550446,1.93578004837036
0.000905002837640924,0.386947891907766,"rate_effect","SLC17A7","DESeq2",247,0.0296456813812256,423.063416242599,22.6420071125031,1.89431571960449
1.63664497278144,0,"rate_effect","PVALB","DESeq2",247,0.0282070636749268,430.799074888229,28.9197087287903,2.02877569198608
-0.853606759449852,-0.129064114531502,"rate_effect","TAC2","DESeq2",247,0.028740406036377,411.27406167984,27.1586208343506,1.95289063453674
-0.00288321225797299,0,"rate_effect","VIP","DESeq2",247,0.0296759605407715,424.28426527977,28.5306944847107,1.97954940795898
0.82142138087118,1,"FSE","SLC17A7","DESeq2",247,0.0315585136413574,424.110975265503,25.9745590686798,1.83040857315063
0,0,"FSE","PVALB","DESeq2",247,0.0303142070770264,426.358679771423,27.514014005661,1.85209774971008
0,1,"FSE","TAC2","DESeq2",247,0.0279641151428223,422.353990077972,28.4563901424408,1.88063788414001
0.82142138087118,0,"FSE","VIP","DESeq2",247,0.029841423034668,455.733216524124,28.087949514389,1.87526679039001
0.220481986251782,0,"rate_effect","PVALB","wisp",248,0.0290489196777344,428.638993501663,24.4395961761475,1.97462296485901
0.784736900286519,0.366207295563072,"rate_effect","SLC17A7","wisp",248,0.0295510292053223,423.189258098602,21.3554708957672,1.91519999504089
0.0435732821728916,0,"rate_effect","TAC2","wisp",248,0.0303323268890381,446.011021852493,29.9634885787964,1.95551204681396
-0.0194839587724157,0,"rate_effect","VIP","wisp",248,0.0277292728424072,425.692224502563,29.5691344738007,1.90439701080322
-0.217231529837879,-0.112625203328207,"random_effect","replicate1","wisp",248,0.935065746307373,409.268024206161,26.510181427002,1.97003269195557
-0.386912582497305,-0.267943063285202,"random_effect","replicate2","wisp",248,0.0277588367462158,420.036387681961,27.1086444854736,1.88512778282166
0.365871432541831,0.475398292066529,"random_effect","replicate3","wisp",248,0.028433084487915,435.003904342651,22.8738830089569,1.87973070144653
0.173574564900187,0.0398033990059048,"random_effect","replicate4","wisp",248,0.0291740894317627,422.846745491028,27.8921658992767,1.93611168861389
0.6916,0,"FSE","PVALB","wisp",248,0.0325593948364258,422.382641553879,32.2758796215057,1.92639994621277
0.19872,1,"FSE","SLC17A7","wisp",248,0.0299866199493408,450.483470439911,27.4053957462311,1.90693759918213
0.761728395061728,0,"FSE","TAC2","wisp",248,0.0297629833221436,434.546971559525,23.7330112457275,1.87679743766785
1.77225,0,"FSE","VIP","wisp",248,0.0338435173034668,436.816553592682,29.0492534637451,1.95362281799316
0.978705662455979,1,"SVG","PVALB","ELLA",248,0.027367115020752,422.633439302444,21.7879257202148,2.01387763023376
0.929621269321853,1,"SVG","SLC17A7","ELLA",248,0.0304765701293945,341.904124975204,28.1543152332306,1.86765432357788
0.888331724420303,0,"SVG","TAC2","ELLA",248,0.0292367935180664,428.609116077423,25.2551717758179,1.91724061965942
0.925953919216543,0,"SVG","VIP","ELLA",248,0.0310986042022705,444.368892192841,30.7688519954681,1.91700601577759
1.55407753127781,0,"rate_effect","SLC17A7","DESeq2",248,0.0286846160888672,433.176414728165,25.6008260250092,2.11447739601135
0.023558916755846,0.366207295563072,"rate_effect","PVALB","DESeq2",248,0.0247077941894531,429.265485286713,29.3011937141418,1.89909911155701
-0.0404344105876339,0,"rate_effect","TAC2","DESeq2",248,0.0279552936553955,442.510897397995,34.6902959346771,1.89492797851562
-0.0271792409167487,0,"rate_effect","VIP","DESeq2",248,0.0318880081176758,434.701031208038,26.0515778064728,1.92224431037903
0,0,"FSE","SLC17A7","DESeq2",248,0.0304415225982666,438.606535673141,24.8661851882935,1.91352796554565
0.0174757541170373,1,"FSE","PVALB","DESeq2",248,0.032750129699707,438.608156204224,26.6019434928894,1.87204194068909
0.0128757737056105,0,"FSE","TAC2","DESeq2",248,0.0291445255279541,421.407907009125,22.5907454490662,1.87196683883667
0.0338613780714063,0,"FSE","VIP","DESeq2",248,0.961971044540405,427.296780824661,28.2648706436157,1.92194104194641
-0.00794977177998736,0,"rate_effect","PVALB","wisp",249,0.0310268402099609,433.440595388412,28.0865998268127,1.92976903915405
0.00608425199958359,0,"rate_effect","SLC17A7","wisp",249,0.0276010036468506,448.544350624084,28.3334722518921,1.90699672698975
0.0605553352475763,0,"rate_effect","TAC2","wisp",249,0.033125638961792,437.187759637833,25.8857131004333,1.94445037841797
0.0145205004931334,0,"rate_effect","VIP","wisp",249,0.0310487747192383,416.92185997963,34.7796940803528,1.96136689186096
-0.282310836139057,-0.111340010538697,"random_effect","replicate1","wisp",249,0.0298552513122559,429.006608963013,28.0748641490936,1.91984724998474
0.224453603581243,0.286596276098862,"random_effect","replicate2","wisp",249,0.027881383895874,427.94335269928,29.6661524772644,1.91626119613647
0.271185667766927,0.405016633216292,"random_effect","replicate3","wisp",249,0.0307164192199707,431.815202474594,29.9965281486511,1.88038921356201
-0.209589463144373,-0.0598734146915376,"random_effect","replicate4","wisp",249,0.031790018081665,415.090425491333,28.7477598190308,1.97158217430115
1.25718031968032,0,"FSE","PVALB","wisp",249,0.961175680160522,446.45299243927,25.8177356719971,1.91986060142517
0.875124875124875,0,"FSE","SLC17A7","wisp",249,0.0292866230010986,468.735806465149,25.6810131072998,1.88051891326904
0.657566922873045,0,"FSE","TAC2","wisp",249,0.0333788394927979,430.931964159012,27.3349032402039,1.9478747844696
0.844355644355644,0,"FSE","VIP","wisp",249,0.0313360691070557,430.072258234024,32.5169382095337,1.92294645309448
0.93039721094172,1,"SVG","PVALB","ELLA",249,0.0320706367492676,410.121573209763,23.7532002925873,1.94743466377258
0.937113221966333,0,"SVG","SLC17A7","ELLA",249,0.0284214019775391,455.047101974487,29.9072344303131,1.901535987854
2.75585474496243e-07,1,"SVG","TAC2","ELLA",249,0.0273256301879883,418.158571958542,29.1062133312225,1.88763666152954
1.10000438829916e-06,1,"SVG","VIP","ELLA",249,0.0296573638916016,428.122677564621,30.82168841362,1.92050409317017
-0.00721570055357029,0,"rate_effect","SLC17A7","DESeq2",249,0.0289463996887207,427.728178977966,32.8114042282104,1.94097876548767
0.000207562064286289,0,"rate_effect","PVALB","DESeq2",249,0.0289764404296875,423.737015485764,28.5979809761047,1.92490077018738
-0.00016107332285562,0,"rate_effect","TAC2","DESeq2",249,0.0297586917877197,456.613583087921,28.417432308197,1.88906669616699
5.85498475520252e-05,0,"rate_effect","VIP","DESeq2",249,0.0328109264373779,420.884456634521,22.5742952823639,2.0883207321167
0.00322617563157607,0,"FSE","SLC17A7","DESeq2",249,0.0276672840118408,424.830772399902,28.9470098018646,1.93059301376343
0.212736254444983,0,"FSE","PVALB","DESeq2",249,0.0286664962768555,437.511374950409,26.4271965026855,2.01169347763062
0.949806686744588,0,"FSE","TAC2","DESeq2",249,0.0293729305267334,464.370765447617,28.4331409931183,1.92028284072876
0.949806686744588,0,"FSE","VIP","DESeq2",249,0.0321409702301025,403.638920783997,24.1360626220703,1.98838710784912
-0.0659674814158122,0,"rate_effect","PVALB","wisp",250,0.0281195640563965,414.873692512512,23.5046339035034,1.91408538818359
-0.0185048963512365,0,"rate_effect","SLC17A7","wisp",250,0.963593482971191,429.04301905632,34.2810742855072,1.96899151802063
0.0323532227921269,0,"rate_effect","TAC2","wisp",250,1.88674259185791,417.523854017258,26.3215594291687,1.88364768028259
0.00923122512858485,0,"rate_effect","VIP","wisp",250,0.0296945571899414,421.218112707138,27.146746635437,1.96816301345825
-0.541421589056464,-0.432241862872615,"random_effect","replicate1","wisp",250,0.0303440093994141,441.318182468414,32.5797770023346,1.93074917793274
0.30098127907052,-0.0917357180733234,"random_effect","replicate2","wisp",250,0.0316970348358154,431.787833929062,26.038455247879,1.94249320030212
-0.322239560375496,-0.337916841264814,"random_effect","replicate3","wisp",250,0.0272305011749268,441.372266292572,32.3179461956024,1.85554122924805
0.500442824229532,0.442944519920275,"random_effect","replicate4","wisp",250,0.0315840244293213,424.107073545456,30.2552561759949,1.88771200180054
2.67754467754468,0,"FSE","PVALB","wisp",250,0.0327708721160889,420.323094844818,23.4643216133118,1.9144229888916
0.864479270729271,0,"FSE","SLC17A7","wisp",250,0.0276579856872559,448.618867874146,29.8870091438293,1.93364334106445
1.80987012987013,0,"FSE","TAC2","wisp",250,0.031425952911377,375.935034036636,27.1698169708252,1.93180441856384
1.85490509490509,0,"FSE","VIP","wisp",250,0.0269701480865479,429.70928645134,31.0543217658997,2.00865888595581
0.933710635162249,1,"SVG","PVALB","ELLA",250,0.0327162742614746,437.831256628036,29.3419151306152,1.91435265541077
0.87134408692282,0,"SVG","SLC17A7","ELLA",250,0.0288233757019043,431.461276769638,29.5254518985748,1.95789742469788
0.961174866133729,0,"SVG","TAC2","ELLA",250,0.028160572052002,427.493983983994,24.4479246139526,1.92510008811951
0.848631544362748,0,"SVG","VIP","ELLA",250,0.0265765190124512,465.420249700546,23.41534948349,1.87832069396973
-0.0152696497104603,0,"rate_effect","SLC17A7","DESeq2",250,0.0311448574066162,435.724847555161,25.2409904003143,1.97131896018982
0.001311515397008,0,"rate_effect","PVALB","DESeq2",250,0.0287723541259766,426.489372253418,30.498678445816,1.91572141647339
0.0109266953665926,0,"rate_effect","TAC2","DESeq2",250,0.028050422668457,433.407697439194,24.0474677085876,1.89630961418152
-0.00732551725501659,0,"rate_effect","VIP","DESeq2",250,0.0294380187988281,417.568301677704,26.5134179592133,1.9169909954071
0.00538406318464575,0,"FSE","SLC17A7","DESeq2",250,0.0276269912719727,419.191938638687,32.9697706699371,1.88022470474243
0.436803222002868,0,"FSE","PVALB","DESeq2",250,0.0316841602325439,430.204669237137,25.8227248191833,1.93337726593018
0.229774651492847,0,"FSE","TAC2","DESeq2",250,0.0281548500061035,423.383732318878,27.5879828929901,2.00009894371033
0.356875323741408,0,"FSE","VIP","DESeq2",250,0.950234889984131,433.018593549728,25.3655872344971,1.8637535572052
